1400,50,500
1410,50,500
1420,50,500
1430,50,500
1440,50,500
1450,50,500
1460,50,500
1470,50,500
1480,50,500
1490,50,500
1500,50,500
1510,50,500
1520,50,500
1530,50,500
1540,50,500
1550,50,500
1560,50,500
1570,50,500
1580,50,500
1590,50,500
1600,50,500
1610,50,500
1620,50,500
1630,50,500
1640,50,500
1650,50,500
1660,50,500
1670,50,500
1680,50,500
1690,50,500
1700,50,500
1400,60,500
1410,60,500
1420,60,500
1430,60,500
1440,60,500
1450,60,500
1460,60,500
1470,60,500
1480,60,500
1490,60,500
1500,60,500
1510,60,500
1520,60,500
1530,60,500
1540,60,500
1550,60,500
1560,60,500
1570,60,500
1580,60,500
1590,60,500
1600,60,500
1610,60,500
1620,60,500
1630,60,500
1640,60,500
1650,60,500
1660,60,500
1670,60,500
1680,60,500
1690,60,500
1700,60,500
1400,70,500
1410,70,500
1420,70,500
1430,70,500
1440,70,500
1450,70,500
1460,70,500
1470,70,500
1480,70,500
1490,70,500
1500,70,500
1510,70,500
1520,70,500
1530,70,500
1540,70,500
1550,70,500
1560,70,500
1570,70,500
1580,70,500
1590,70,500
1600,70,500
1610,70,500
1620,70,500
1630,70,500
1640,70,500
1650,70,500
1660,70,500
1670,70,500
1680,70,500
1690,70,500
1700,70,500
1400,80,500
1410,80,500
1420,80,500
1430,80,500
1440,80,500
1450,80,500
1460,80,500
1470,80,500
1480,80,500
1490,80,500
1500,80,500
1510,80,500
1520,80,500
1530,80,500
1540,80,500
1550,80,500
1560,80,500
1570,80,500
1580,80,500
1590,80,500
1600,80,500
1610,80,500
1620,80,500
1630,80,500
1640,80,500
1650,80,500
1660,80,500
1670,80,500
1680,80,500
1690,80,500
1700,80,500
1400,90,500
1410,90,500
1420,90,500
1430,90,500
1440,90,500
1450,90,500
1460,90,500
1470,90,500
1480,90,500
1490,90,500
1500,90,500
1510,90,500
1520,90,500
1530,90,500
1540,90,500
1550,90,500
1560,90,500
1570,90,500
1580,90,500
1590,90,500
1600,90,500
1610,90,500
1620,90,500
1630,90,500
1640,90,500
1650,90,500
1660,90,500
1670,90,500
1680,90,500
1690,90,500
1700,90,500
1400,100,500
1410,100,500
1420,100,500
1430,100,500
1440,100,500
1450,100,500
1460,100,500
1470,100,500
1480,100,500
1490,100,500
1500,100,500
1510,100,500
1520,100,500
1530,100,500
1540,100,500
1550,100,500
1560,100,500
1570,100,500
1580,100,500
1590,100,500
1600,100,500
1610,100,500
1620,100,500
1630,100,500
1640,100,500
1650,100,500
1660,100,500
1670,100,500
1680,100,500
1690,100,500
1700,100,500
1400,110,500
1410,110,500
1420,110,500
1430,110,500
1440,110,500
1450,110,500
1460,110,500
1470,110,500
1480,110,500
1490,110,500
1500,110,500
1510,110,500
1520,110,500
1530,110,500
1540,110,500
1550,110,500
1560,110,500
1570,110,500
1580,110,500
1590,110,500
1600,110,500
1610,110,500
1620,110,500
1630,110,500
1640,110,500
1650,110,500
1660,110,500
1670,110,500
1680,110,500
1690,110,500
1700,110,500
1400,120,500
1410,120,500
1420,120,500
1430,120,500
1440,120,500
1450,120,500
1460,120,500
1470,120,500
1480,120,500
1490,120,500
1500,120,500
1510,120,500
1520,120,500
1530,120,500
1540,120,500
1550,120,500
1560,120,500
1570,120,500
1580,120,500
1590,120,500
1600,120,500
1610,120,500
1620,120,500
1630,120,500
1640,120,500
1650,120,500
1660,120,500
1670,120,500
1680,120,500
1690,120,500
1700,120,500
1400,130,500
1410,130,500
1420,130,500
1430,130,500
1440,130,500
1450,130,500
1460,130,500
1470,130,500
1480,130,500
1490,130,500
1500,130,500
1510,130,500
1520,130,500
1530,130,500
1540,130,500
1550,130,500
1560,130,500
1570,130,500
1580,130,500
1590,130,500
1600,130,500
1610,130,500
1620,130,500
1630,130,500
1640,130,500
1650,130,500
1660,130,500
1670,130,500
1680,130,500
1690,130,500
1700,130,500
1400,140,500
1410,140,500
1420,140,500
1430,140,500
1440,140,500
1450,140,500
1460,140,500
1470,140,500
1480,140,500
1490,140,500
1500,140,500
1510,140,500
1520,140,500
1530,140,500
1540,140,500
1550,140,500
1560,140,500
1570,140,500
1580,140,500
1590,140,500
1600,140,500
1610,140,500
1620,140,500
1630,140,500
1640,140,500
1650,140,500
1660,140,500
1670,140,500
1680,140,500
1690,140,500
1700,140,500
1400,150,500
1410,150,500
1420,150,500
1430,150,500
1440,150,500
1450,150,500
1460,150,500
1470,150,500
1480,150,500
1490,150,500
1500,150,500
1510,150,500
1520,150,500
1530,150,500
1540,150,500
1550,150,500
1560,150,500
1570,150,500
1580,150,500
1590,150,500
1600,150,500
1610,150,500
1620,150,500
1630,150,500
1640,150,500
1650,150,500
1660,150,500
1670,150,500
1680,150,500
1690,150,500
1700,150,500
1400,160,500
1410,160,500
1420,160,500
1430,160,500
1440,160,500
1450,160,500
1460,160,500
1470,160,500
1480,160,500
1490,160,500
1500,160,500
1510,160,500
1520,160,500
1530,160,500
1540,160,500
1550,160,500
1560,160,500
1570,160,500
1580,160,500
1590,160,500
1600,160,500
1610,160,500
1620,160,500
1630,160,500
1640,160,500
1650,160,500
1660,160,500
1670,160,500
1680,160,500
1690,160,500
1700,160,500
1400,170,500
1410,170,500
1420,170,500
1430,170,500
1440,170,500
1450,170,500
1460,170,500
1470,170,500
1480,170,500
1490,170,500
1500,170,500
1510,170,500
1520,170,500
1530,170,500
1540,170,500
1550,170,500
1560,170,500
1570,170,500
1580,170,500
1590,170,500
1600,170,500
1610,170,500
1620,170,500
1630,170,500
1640,170,500
1650,170,500
1660,170,500
1670,170,500
1680,170,500
1690,170,500
1700,170,500
1400,180,500
1410,180,500
1420,180,500
1430,180,500
1440,180,500
1450,180,500
1460,180,500
1470,180,500
1480,180,500
1490,180,500
1500,180,500
1510,180,500
1520,180,500
1530,180,500
1540,180,500
1550,180,500
1560,180,500
1570,180,500
1580,180,500
1590,180,500
1600,180,500
1610,180,500
1620,180,500
1630,180,500
1640,180,500
1650,180,500
1660,180,500
1670,180,500
1680,180,500
1690,180,500
1700,180,500
1400,190,500
1410,190,500
1420,190,500
1430,190,500
1440,190,500
1450,190,500
1460,190,500
1470,190,500
1480,190,500
1490,190,500
1500,190,500
1510,190,500
1520,190,500
1530,190,500
1540,190,500
1550,190,500
1560,190,500
1570,190,500
1580,190,500
1590,190,500
1600,190,500
1610,190,500
1620,190,500
1630,190,500
1640,190,500
1650,190,500
1660,190,500
1670,190,500
1680,190,500
1690,190,500
1700,190,500
1400,200,500
1410,200,500
1420,200,500
1430,200,500
1440,200,500
1450,200,500
1460,200,500
1470,200,500
1480,200,500
1490,200,500
1500,200,500
1510,200,500
1520,200,500
1530,200,500
1540,200,500
1550,200,500
1560,200,500
1570,200,500
1580,200,500
1590,200,500
1600,200,500
1610,200,500
1620,200,500
1630,200,500
1640,200,500
1650,200,500
1660,200,500
1670,200,500
1680,200,500
1690,200,500
1700,200,500
1400,210,500
1410,210,500
1420,210,500
1430,210,500
1440,210,500
1450,210,500
1460,210,500
1470,210,500
1480,210,500
1490,210,500
1500,210,500
1510,210,500
1520,210,500
1530,210,500
1540,210,500
1550,210,500
1560,210,500
1570,210,500
1580,210,500
1590,210,500
1600,210,500
1610,210,500
1620,210,500
1630,210,500
1640,210,500
1650,210,500
1660,210,500
1670,210,500
1680,210,500
1690,210,500
1700,210,500
1400,220,500
1410,220,500
1420,220,500
1430,220,500
1440,220,500
1450,220,500
1460,220,500
1470,220,500
1480,220,500
1490,220,500
1500,220,500
1510,220,500
1520,220,500
1530,220,500
1540,220,500
1550,220,500
1560,220,500
1570,220,500
1580,220,500
1590,220,500
1600,220,500
1610,220,500
1620,220,500
1630,220,500
1640,220,500
1650,220,500
1660,220,500
1670,220,500
1680,220,500
1690,220,500
1700,220,500
1400,230,500
1410,230,500
1420,230,500
1430,230,500
1440,230,500
1450,230,500
1460,230,500
1470,230,500
1480,230,500
1490,230,500
1500,230,500
1510,230,500
1520,230,500
1530,230,500
1540,230,500
1550,230,500
1560,230,500
1570,230,500
1580,230,500
1590,230,500
1600,230,500
1610,230,500
1620,230,500
1630,230,500
1640,230,500
1650,230,500
1660,230,500
1670,230,500
1680,230,500
1690,230,500
1700,230,500
1400,240,500
1410,240,500
1420,240,500
1430,240,500
1440,240,500
1450,240,500
1460,240,500
1470,240,500
1480,240,500
1490,240,500
1500,240,500
1510,240,500
1520,240,500
1530,240,500
1540,240,500
1550,240,500
1560,240,500
1570,240,500
1580,240,500
1590,240,500
1600,240,500
1610,240,500
1620,240,500
1630,240,500
1640,240,500
1650,240,500
1660,240,500
1670,240,500
1680,240,500
1690,240,500
1700,240,500
1400,250,500
1410,250,500
1420,250,500
1430,250,500
1440,250,500
1450,250,500
1460,250,500
1470,250,500
1480,250,500
1490,250,500
1500,250,500
1510,250,500
1520,250,500
1530,250,500
1540,250,500
1550,250,500
1560,250,500
1570,250,500
1580,250,500
1590,250,500
1600,250,500
1610,250,500
1620,250,500
1630,250,500
1640,250,500
1650,250,500
1660,250,500
1670,250,500
1680,250,500
1690,250,500
1700,250,500
1400,50,750
1410,50,750
1420,50,750
1430,50,750
1440,50,750
1450,50,750
1460,50,750
1470,50,750
1480,50,750
1490,50,750
1500,50,750
1510,50,750
1520,50,750
1530,50,750
1540,50,750
1550,50,750
1560,50,750
1570,50,750
1580,50,750
1590,50,750
1600,50,750
1610,50,750
1620,50,750
1630,50,750
1640,50,750
1650,50,750
1660,50,750
1670,50,750
1680,50,750
1690,50,750
1700,50,750
1400,60,750
1410,60,750
1420,60,750
1430,60,750
1440,60,750
1450,60,750
1460,60,750
1470,60,750
1480,60,750
1490,60,750
1500,60,750
1510,60,750
1520,60,750
1530,60,750
1540,60,750
1550,60,750
1560,60,750
1570,60,750
1580,60,750
1590,60,750
1600,60,750
1610,60,750
1620,60,750
1630,60,750
1640,60,750
1650,60,750
1660,60,750
1670,60,750
1680,60,750
1690,60,750
1700,60,750
1400,70,750
1410,70,750
1420,70,750
1430,70,750
1440,70,750
1450,70,750
1460,70,750
1470,70,750
1480,70,750
1490,70,750
1500,70,750
1510,70,750
1520,70,750
1530,70,750
1540,70,750
1550,70,750
1560,70,750
1570,70,750
1580,70,750
1590,70,750
1600,70,750
1610,70,750
1620,70,750
1630,70,750
1640,70,750
1650,70,750
1660,70,750
1670,70,750
1680,70,750
1690,70,750
1700,70,750
1400,80,750
1410,80,750
1420,80,750
1430,80,750
1440,80,750
1450,80,750
1460,80,750
1470,80,750
1480,80,750
1490,80,750
1500,80,750
1510,80,750
1520,80,750
1530,80,750
1540,80,750
1550,80,750
1560,80,750
1570,80,750
1580,80,750
1590,80,750
1600,80,750
1610,80,750
1620,80,750
1630,80,750
1640,80,750
1650,80,750
1660,80,750
1670,80,750
1680,80,750
1690,80,750
1700,80,750
1400,90,750
1410,90,750
1420,90,750
1430,90,750
1440,90,750
1450,90,750
1460,90,750
1470,90,750
1480,90,750
1490,90,750
1500,90,750
1510,90,750
1520,90,750
1530,90,750
1540,90,750
1550,90,750
1560,90,750
1570,90,750
1580,90,750
1590,90,750
1600,90,750
1610,90,750
1620,90,750
1630,90,750
1640,90,750
1650,90,750
1660,90,750
1670,90,750
1680,90,750
1690,90,750
1700,90,750
1400,100,750
1410,100,750
1420,100,750
1430,100,750
1440,100,750
1450,100,750
1460,100,750
1470,100,750
1480,100,750
1490,100,750
1500,100,750
1510,100,750
1520,100,750
1530,100,750
1540,100,750
1550,100,750
1560,100,750
1570,100,750
1580,100,750
1590,100,750
1600,100,750
1610,100,750
1620,100,750
1630,100,750
1640,100,750
1650,100,750
1660,100,750
1670,100,750
1680,100,750
1690,100,750
1700,100,750
1400,110,750
1410,110,750
1420,110,750
1430,110,750
1440,110,750
1450,110,750
1460,110,750
1470,110,750
1480,110,750
1490,110,750
1500,110,750
1510,110,750
1520,110,750
1530,110,750
1540,110,750
1550,110,750
1560,110,750
1570,110,750
1580,110,750
1590,110,750
1600,110,750
1610,110,750
1620,110,750
1630,110,750
1640,110,750
1650,110,750
1660,110,750
1670,110,750
1680,110,750
1690,110,750
1700,110,750
1400,120,750
1410,120,750
1420,120,750
1430,120,750
1440,120,750
1450,120,750
1460,120,750
1470,120,750
1480,120,750
1490,120,750
1500,120,750
1510,120,750
1520,120,750
1530,120,750
1540,120,750
1550,120,750
1560,120,750
1570,120,750
1580,120,750
1590,120,750
1600,120,750
1610,120,750
1620,120,750
1630,120,750
1640,120,750
1650,120,750
1660,120,750
1670,120,750
1680,120,750
1690,120,750
1700,120,750
1400,130,750
1410,130,750
1420,130,750
1430,130,750
1440,130,750
1450,130,750
1460,130,750
1470,130,750
1480,130,750
1490,130,750
1500,130,750
1510,130,750
1520,130,750
1530,130,750
1540,130,750
1550,130,750
1560,130,750
1570,130,750
1580,130,750
1590,130,750
1600,130,750
1610,130,750
1620,130,750
1630,130,750
1640,130,750
1650,130,750
1660,130,750
1670,130,750
1680,130,750
1690,130,750
1700,130,750
1400,140,750
1410,140,750
1420,140,750
1430,140,750
1440,140,750
1450,140,750
1460,140,750
1470,140,750
1480,140,750
1490,140,750
1500,140,750
1510,140,750
1520,140,750
1530,140,750
1540,140,750
1550,140,750
1560,140,750
1570,140,750
1580,140,750
1590,140,750
1600,140,750
1610,140,750
1620,140,750
1630,140,750
1640,140,750
1650,140,750
1660,140,750
1670,140,750
1680,140,750
1690,140,750
1700,140,750
1400,150,750
1410,150,750
1420,150,750
1430,150,750
1440,150,750
1450,150,750
1460,150,750
1470,150,750
1480,150,750
1490,150,750
1500,150,750
1510,150,750
1520,150,750
1530,150,750
1540,150,750
1550,150,750
1560,150,750
1570,150,750
1580,150,750
1590,150,750
1600,150,750
1610,150,750
1620,150,750
1630,150,750
1640,150,750
1650,150,750
1660,150,750
1670,150,750
1680,150,750
1690,150,750
1700,150,750
1400,160,750
1410,160,750
1420,160,750
1430,160,750
1440,160,750
1450,160,750
1460,160,750
1470,160,750
1480,160,750
1490,160,750
1500,160,750
1510,160,750
1520,160,750
1530,160,750
1540,160,750
1550,160,750
1560,160,750
1570,160,750
1580,160,750
1590,160,750
1600,160,750
1610,160,750
1620,160,750
1630,160,750
1640,160,750
1650,160,750
1660,160,750
1670,160,750
1680,160,750
1690,160,750
1700,160,750
1400,170,750
1410,170,750
1420,170,750
1430,170,750
1440,170,750
1450,170,750
1460,170,750
1470,170,750
1480,170,750
1490,170,750
1500,170,750
1510,170,750
1520,170,750
1530,170,750
1540,170,750
1550,170,750
1560,170,750
1570,170,750
1580,170,750
1590,170,750
1600,170,750
1610,170,750
1620,170,750
1630,170,750
1640,170,750
1650,170,750
1660,170,750
1670,170,750
1680,170,750
1690,170,750
1700,170,750
1400,180,750
1410,180,750
1420,180,750
1430,180,750
1440,180,750
1450,180,750
1460,180,750
1470,180,750
1480,180,750
1490,180,750
1500,180,750
1510,180,750
1520,180,750
1530,180,750
1540,180,750
1550,180,750
1560,180,750
1570,180,750
1580,180,750
1590,180,750
1600,180,750
1610,180,750
1620,180,750
1630,180,750
1640,180,750
1650,180,750
1660,180,750
1670,180,750
1680,180,750
1690,180,750
1700,180,750
1400,190,750
1410,190,750
1420,190,750
1430,190,750
1440,190,750
1450,190,750
1460,190,750
1470,190,750
1480,190,750
1490,190,750
1500,190,750
1510,190,750
1520,190,750
1530,190,750
1540,190,750
1550,190,750
1560,190,750
1570,190,750
1580,190,750
1590,190,750
1600,190,750
1610,190,750
1620,190,750
1630,190,750
1640,190,750
1650,190,750
1660,190,750
1670,190,750
1680,190,750
1690,190,750
1700,190,750
1400,200,750
1410,200,750
1420,200,750
1430,200,750
1440,200,750
1450,200,750
1460,200,750
1470,200,750
1480,200,750
1490,200,750
1500,200,750
1510,200,750
1520,200,750
1530,200,750
1540,200,750
1550,200,750
1560,200,750
1570,200,750
1580,200,750
1590,200,750
1600,200,750
1610,200,750
1620,200,750
1630,200,750
1640,200,750
1650,200,750
1660,200,750
1670,200,750
1680,200,750
1690,200,750
1700,200,750
1400,210,750
1410,210,750
1420,210,750
1430,210,750
1440,210,750
1450,210,750
1460,210,750
1470,210,750
1480,210,750
1490,210,750
1500,210,750
1510,210,750
1520,210,750
1530,210,750
1540,210,750
1550,210,750
1560,210,750
1570,210,750
1580,210,750
1590,210,750
1600,210,750
1610,210,750
1620,210,750
1630,210,750
1640,210,750
1650,210,750
1660,210,750
1670,210,750
1680,210,750
1690,210,750
1700,210,750
1400,220,750
1410,220,750
1420,220,750
1430,220,750
1440,220,750
1450,220,750
1460,220,750
1470,220,750
1480,220,750
1490,220,750
1500,220,750
1510,220,750
1520,220,750
1530,220,750
1540,220,750
1550,220,750
1560,220,750
1570,220,750
1580,220,750
1590,220,750
1600,220,750
1610,220,750
1620,220,750
1630,220,750
1640,220,750
1650,220,750
1660,220,750
1670,220,750
1680,220,750
1690,220,750
1700,220,750
1400,230,750
1410,230,750
1420,230,750
1430,230,750
1440,230,750
1450,230,750
1460,230,750
1470,230,750
1480,230,750
1490,230,750
1500,230,750
1510,230,750
1520,230,750
1530,230,750
1540,230,750
1550,230,750
1560,230,750
1570,230,750
1580,230,750
1590,230,750
1600,230,750
1610,230,750
1620,230,750
1630,230,750
1640,230,750
1650,230,750
1660,230,750
1670,230,750
1680,230,750
1690,230,750
1700,230,750
1400,240,750
1410,240,750
1420,240,750
1430,240,750
1440,240,750
1450,240,750
1460,240,750
1470,240,750
1480,240,750
1490,240,750
1500,240,750
1510,240,750
1520,240,750
1530,240,750
1540,240,750
1550,240,750
1560,240,750
1570,240,750
1580,240,750
1590,240,750
1600,240,750
1610,240,750
1620,240,750
1630,240,750
1640,240,750
1650,240,750
1660,240,750
1670,240,750
1680,240,750
1690,240,750
1700,240,750
1400,250,750
1410,250,750
1420,250,750
1430,250,750
1440,250,750
1450,250,750
1460,250,750
1470,250,750
1480,250,750
1490,250,750
1500,250,750
1510,250,750
1520,250,750
1530,250,750
1540,250,750
1550,250,750
1560,250,750
1570,250,750
1580,250,750
1590,250,750
1600,250,750
1610,250,750
1620,250,750
1630,250,750
1640,250,750
1650,250,750
1660,250,750
1670,250,750
1680,250,750
1690,250,750
1700,250,750
1400,50,1000
1410,50,1000
1420,50,1000
1430,50,1000
1440,50,1000
1450,50,1000
1460,50,1000
1470,50,1000
1480,50,1000
1490,50,1000
1500,50,1000
1510,50,1000
1520,50,1000
1530,50,1000
1540,50,1000
1550,50,1000
1560,50,1000
1570,50,1000
1580,50,1000
1590,50,1000
1600,50,1000
1610,50,1000
1620,50,1000
1630,50,1000
1640,50,1000
1650,50,1000
1660,50,1000
1670,50,1000
1680,50,1000
1690,50,1000
1700,50,1000
1400,60,1000
1410,60,1000
1420,60,1000
1430,60,1000
1440,60,1000
1450,60,1000
1460,60,1000
1470,60,1000
1480,60,1000
1490,60,1000
1500,60,1000
1510,60,1000
1520,60,1000
1530,60,1000
1540,60,1000
1550,60,1000
1560,60,1000
1570,60,1000
1580,60,1000
1590,60,1000
1600,60,1000
1610,60,1000
1620,60,1000
1630,60,1000
1640,60,1000
1650,60,1000
1660,60,1000
1670,60,1000
1680,60,1000
1690,60,1000
1700,60,1000
1400,70,1000
1410,70,1000
1420,70,1000
1430,70,1000
1440,70,1000
1450,70,1000
1460,70,1000
1470,70,1000
1480,70,1000
1490,70,1000
1500,70,1000
1510,70,1000
1520,70,1000
1530,70,1000
1540,70,1000
1550,70,1000
1560,70,1000
1570,70,1000
1580,70,1000
1590,70,1000
1600,70,1000
1610,70,1000
1620,70,1000
1630,70,1000
1640,70,1000
1650,70,1000
1660,70,1000
1670,70,1000
1680,70,1000
1690,70,1000
1700,70,1000
1400,80,1000
1410,80,1000
1420,80,1000
1430,80,1000
1440,80,1000
1450,80,1000
1460,80,1000
1470,80,1000
1480,80,1000
1490,80,1000
1500,80,1000
1510,80,1000
1520,80,1000
1530,80,1000
1540,80,1000
1550,80,1000
1560,80,1000
1570,80,1000
1580,80,1000
1590,80,1000
1600,80,1000
1610,80,1000
1620,80,1000
1630,80,1000
1640,80,1000
1650,80,1000
1660,80,1000
1670,80,1000
1680,80,1000
1690,80,1000
1700,80,1000
1400,90,1000
1410,90,1000
1420,90,1000
1430,90,1000
1440,90,1000
1450,90,1000
1460,90,1000
1470,90,1000
1480,90,1000
1490,90,1000
1500,90,1000
1510,90,1000
1520,90,1000
1530,90,1000
1540,90,1000
1550,90,1000
1560,90,1000
1570,90,1000
1580,90,1000
1590,90,1000
1600,90,1000
1610,90,1000
1620,90,1000
1630,90,1000
1640,90,1000
1650,90,1000
1660,90,1000
1670,90,1000
1680,90,1000
1690,90,1000
1700,90,1000
1400,100,1000
1410,100,1000
1420,100,1000
1430,100,1000
1440,100,1000
1450,100,1000
1460,100,1000
1470,100,1000
1480,100,1000
1490,100,1000
1500,100,1000
1510,100,1000
1520,100,1000
1530,100,1000
1540,100,1000
1550,100,1000
1560,100,1000
1570,100,1000
1580,100,1000
1590,100,1000
1600,100,1000
1610,100,1000
1620,100,1000
1630,100,1000
1640,100,1000
1650,100,1000
1660,100,1000
1670,100,1000
1680,100,1000
1690,100,1000
1700,100,1000
1400,110,1000
1410,110,1000
1420,110,1000
1430,110,1000
1440,110,1000
1450,110,1000
1460,110,1000
1470,110,1000
1480,110,1000
1490,110,1000
1500,110,1000
1510,110,1000
1520,110,1000
1530,110,1000
1540,110,1000
1550,110,1000
1560,110,1000
1570,110,1000
1580,110,1000
1590,110,1000
1600,110,1000
1610,110,1000
1620,110,1000
1630,110,1000
1640,110,1000
1650,110,1000
1660,110,1000
1670,110,1000
1680,110,1000
1690,110,1000
1700,110,1000
1400,120,1000
1410,120,1000
1420,120,1000
1430,120,1000
1440,120,1000
1450,120,1000
1460,120,1000
1470,120,1000
1480,120,1000
1490,120,1000
1500,120,1000
1510,120,1000
1520,120,1000
1530,120,1000
1540,120,1000
1550,120,1000
1560,120,1000
1570,120,1000
1580,120,1000
1590,120,1000
1600,120,1000
1610,120,1000
1620,120,1000
1630,120,1000
1640,120,1000
1650,120,1000
1660,120,1000
1670,120,1000
1680,120,1000
1690,120,1000
1700,120,1000
1400,130,1000
1410,130,1000
1420,130,1000
1430,130,1000
1440,130,1000
1450,130,1000
1460,130,1000
1470,130,1000
1480,130,1000
1490,130,1000
1500,130,1000
1510,130,1000
1520,130,1000
1530,130,1000
1540,130,1000
1550,130,1000
1560,130,1000
1570,130,1000
1580,130,1000
1590,130,1000
1600,130,1000
1610,130,1000
1620,130,1000
1630,130,1000
1640,130,1000
1650,130,1000
1660,130,1000
1670,130,1000
1680,130,1000
1690,130,1000
1700,130,1000
1400,140,1000
1410,140,1000
1420,140,1000
1430,140,1000
1440,140,1000
1450,140,1000
1460,140,1000
1470,140,1000
1480,140,1000
1490,140,1000
1500,140,1000
1510,140,1000
1520,140,1000
1530,140,1000
1540,140,1000
1550,140,1000
1560,140,1000
1570,140,1000
1580,140,1000
1590,140,1000
1600,140,1000
1610,140,1000
1620,140,1000
1630,140,1000
1640,140,1000
1650,140,1000
1660,140,1000
1670,140,1000
1680,140,1000
1690,140,1000
1700,140,1000
1400,150,1000
1410,150,1000
1420,150,1000
1430,150,1000
1440,150,1000
1450,150,1000
1460,150,1000
1470,150,1000
1480,150,1000
1490,150,1000
1500,150,1000
1510,150,1000
1520,150,1000
1530,150,1000
1540,150,1000
1550,150,1000
1560,150,1000
1570,150,1000
1580,150,1000
1590,150,1000
1600,150,1000
1610,150,1000
1620,150,1000
1630,150,1000
1640,150,1000
1650,150,1000
1660,150,1000
1670,150,1000
1680,150,1000
1690,150,1000
1700,150,1000
1400,160,1000
1410,160,1000
1420,160,1000
1430,160,1000
1440,160,1000
1450,160,1000
1460,160,1000
1470,160,1000
1480,160,1000
1490,160,1000
1500,160,1000
1510,160,1000
1520,160,1000
1530,160,1000
1540,160,1000
1550,160,1000
1560,160,1000
1570,160,1000
1580,160,1000
1590,160,1000
1600,160,1000
1610,160,1000
1620,160,1000
1630,160,1000
1640,160,1000
1650,160,1000
1660,160,1000
1670,160,1000
1680,160,1000
1690,160,1000
1700,160,1000
1400,170,1000
1410,170,1000
1420,170,1000
1430,170,1000
1440,170,1000
1450,170,1000
1460,170,1000
1470,170,1000
1480,170,1000
1490,170,1000
1500,170,1000
1510,170,1000
1520,170,1000
1530,170,1000
1540,170,1000
1550,170,1000
1560,170,1000
1570,170,1000
1580,170,1000
1590,170,1000
1600,170,1000
1610,170,1000
1620,170,1000
1630,170,1000
1640,170,1000
1650,170,1000
1660,170,1000
1670,170,1000
1680,170,1000
1690,170,1000
1700,170,1000
1400,180,1000
1410,180,1000
1420,180,1000
1430,180,1000
1440,180,1000
1450,180,1000
1460,180,1000
1470,180,1000
1480,180,1000
1490,180,1000
1500,180,1000
1510,180,1000
1520,180,1000
1530,180,1000
1540,180,1000
1550,180,1000
1560,180,1000
1570,180,1000
1580,180,1000
1590,180,1000
1600,180,1000
1610,180,1000
1620,180,1000
1630,180,1000
1640,180,1000
1650,180,1000
1660,180,1000
1670,180,1000
1680,180,1000
1690,180,1000
1700,180,1000
1400,190,1000
1410,190,1000
1420,190,1000
1430,190,1000
1440,190,1000
1450,190,1000
1460,190,1000
1470,190,1000
1480,190,1000
1490,190,1000
1500,190,1000
1510,190,1000
1520,190,1000
1530,190,1000
1540,190,1000
1550,190,1000
1560,190,1000
1570,190,1000
1580,190,1000
1590,190,1000
1600,190,1000
1610,190,1000
1620,190,1000
1630,190,1000
1640,190,1000
1650,190,1000
1660,190,1000
1670,190,1000
1680,190,1000
1690,190,1000
1700,190,1000
1400,200,1000
1410,200,1000
1420,200,1000
1430,200,1000
1440,200,1000
1450,200,1000
1460,200,1000
1470,200,1000
1480,200,1000
1490,200,1000
1500,200,1000
1510,200,1000
1520,200,1000
1530,200,1000
1540,200,1000
1550,200,1000
1560,200,1000
1570,200,1000
1580,200,1000
1590,200,1000
1600,200,1000
1610,200,1000
1620,200,1000
1630,200,1000
1640,200,1000
1650,200,1000
1660,200,1000
1670,200,1000
1680,200,1000
1690,200,1000
1700,200,1000
1400,210,1000
1410,210,1000
1420,210,1000
1430,210,1000
1440,210,1000
1450,210,1000
1460,210,1000
1470,210,1000
1480,210,1000
1490,210,1000
1500,210,1000
1510,210,1000
1520,210,1000
1530,210,1000
1540,210,1000
1550,210,1000
1560,210,1000
1570,210,1000
1580,210,1000
1590,210,1000
1600,210,1000
1610,210,1000
1620,210,1000
1630,210,1000
1640,210,1000
1650,210,1000
1660,210,1000
1670,210,1000
1680,210,1000
1690,210,1000
1700,210,1000
1400,220,1000
1410,220,1000
1420,220,1000
1430,220,1000
1440,220,1000
1450,220,1000
1460,220,1000
1470,220,1000
1480,220,1000
1490,220,1000
1500,220,1000
1510,220,1000
1520,220,1000
1530,220,1000
1540,220,1000
1550,220,1000
1560,220,1000
1570,220,1000
1580,220,1000
1590,220,1000
1600,220,1000
1610,220,1000
1620,220,1000
1630,220,1000
1640,220,1000
1650,220,1000
1660,220,1000
1670,220,1000
1680,220,1000
1690,220,1000
1700,220,1000
1400,230,1000
1410,230,1000
1420,230,1000
1430,230,1000
1440,230,1000
1450,230,1000
1460,230,1000
1470,230,1000
1480,230,1000
1490,230,1000
1500,230,1000
1510,230,1000
1520,230,1000
1530,230,1000
1540,230,1000
1550,230,1000
1560,230,1000
1570,230,1000
1580,230,1000
1590,230,1000
1600,230,1000
1610,230,1000
1620,230,1000
1630,230,1000
1640,230,1000
1650,230,1000
1660,230,1000
1670,230,1000
1680,230,1000
1690,230,1000
1700,230,1000
1400,240,1000
1410,240,1000
1420,240,1000
1430,240,1000
1440,240,1000
1450,240,1000
1460,240,1000
1470,240,1000
1480,240,1000
1490,240,1000
1500,240,1000
1510,240,1000
1520,240,1000
1530,240,1000
1540,240,1000
1550,240,1000
1560,240,1000
1570,240,1000
1580,240,1000
1590,240,1000
1600,240,1000
1610,240,1000
1620,240,1000
1630,240,1000
1640,240,1000
1650,240,1000
1660,240,1000
1670,240,1000
1680,240,1000
1690,240,1000
1700,240,1000
1400,250,1000
1410,250,1000
1420,250,1000
1430,250,1000
1440,250,1000
1450,250,1000
1460,250,1000
1470,250,1000
1480,250,1000
1490,250,1000
1500,250,1000
1510,250,1000
1520,250,1000
1530,250,1000
1540,250,1000
1550,250,1000
1560,250,1000
1570,250,1000
1580,250,1000
1590,250,1000
1600,250,1000
1610,250,1000
1620,250,1000
1630,250,1000
1640,250,1000
1650,250,1000
1660,250,1000
1670,250,1000
1680,250,1000
1690,250,1000
1700,250,1000
1400,50,1250
1410,50,1250
1420,50,1250
1430,50,1250
1440,50,1250
1450,50,1250
1460,50,1250
1470,50,1250
1480,50,1250
1490,50,1250
1500,50,1250
1510,50,1250
1520,50,1250
1530,50,1250
1540,50,1250
1550,50,1250
1560,50,1250
1570,50,1250
1580,50,1250
1590,50,1250
1600,50,1250
1610,50,1250
1620,50,1250
1630,50,1250
1640,50,1250
1650,50,1250
1660,50,1250
1670,50,1250
1680,50,1250
1690,50,1250
1700,50,1250
1400,60,1250
1410,60,1250
1420,60,1250
1430,60,1250
1440,60,1250
1450,60,1250
1460,60,1250
1470,60,1250
1480,60,1250
1490,60,1250
1500,60,1250
1510,60,1250
1520,60,1250
1530,60,1250
1540,60,1250
1550,60,1250
1560,60,1250
1570,60,1250
1580,60,1250
1590,60,1250
1600,60,1250
1610,60,1250
1620,60,1250
1630,60,1250
1640,60,1250
1650,60,1250
1660,60,1250
1670,60,1250
1680,60,1250
1690,60,1250
1700,60,1250
1400,70,1250
1410,70,1250
1420,70,1250
1430,70,1250
1440,70,1250
1450,70,1250
1460,70,1250
1470,70,1250
1480,70,1250
1490,70,1250
1500,70,1250
1510,70,1250
1520,70,1250
1530,70,1250
1540,70,1250
1550,70,1250
1560,70,1250
1570,70,1250
1580,70,1250
1590,70,1250
1600,70,1250
1610,70,1250
1620,70,1250
1630,70,1250
1640,70,1250
1650,70,1250
1660,70,1250
1670,70,1250
1680,70,1250
1690,70,1250
1700,70,1250
1400,80,1250
1410,80,1250
1420,80,1250
1430,80,1250
1440,80,1250
1450,80,1250
1460,80,1250
1470,80,1250
1480,80,1250
1490,80,1250
1500,80,1250
1510,80,1250
1520,80,1250
1530,80,1250
1540,80,1250
1550,80,1250
1560,80,1250
1570,80,1250
1580,80,1250
1590,80,1250
1600,80,1250
1610,80,1250
1620,80,1250
1630,80,1250
1640,80,1250
1650,80,1250
1660,80,1250
1670,80,1250
1680,80,1250
1690,80,1250
1700,80,1250
1400,90,1250
1410,90,1250
1420,90,1250
1430,90,1250
1440,90,1250
1450,90,1250
1460,90,1250
1470,90,1250
1480,90,1250
1490,90,1250
1500,90,1250
1510,90,1250
1520,90,1250
1530,90,1250
1540,90,1250
1550,90,1250
1560,90,1250
1570,90,1250
1580,90,1250
1590,90,1250
1600,90,1250
1610,90,1250
1620,90,1250
1630,90,1250
1640,90,1250
1650,90,1250
1660,90,1250
1670,90,1250
1680,90,1250
1690,90,1250
1700,90,1250
1400,100,1250
1410,100,1250
1420,100,1250
1430,100,1250
1440,100,1250
1450,100,1250
1460,100,1250
1470,100,1250
1480,100,1250
1490,100,1250
1500,100,1250
1510,100,1250
1520,100,1250
1530,100,1250
1540,100,1250
1550,100,1250
1560,100,1250
1570,100,1250
1580,100,1250
1590,100,1250
1600,100,1250
1610,100,1250
1620,100,1250
1630,100,1250
1640,100,1250
1650,100,1250
1660,100,1250
1670,100,1250
1680,100,1250
1690,100,1250
1700,100,1250
1400,110,1250
1410,110,1250
1420,110,1250
1430,110,1250
1440,110,1250
1450,110,1250
1460,110,1250
1470,110,1250
1480,110,1250
1490,110,1250
1500,110,1250
1510,110,1250
1520,110,1250
1530,110,1250
1540,110,1250
1550,110,1250
1560,110,1250
1570,110,1250
1580,110,1250
1590,110,1250
1600,110,1250
1610,110,1250
1620,110,1250
1630,110,1250
1640,110,1250
1650,110,1250
1660,110,1250
1670,110,1250
1680,110,1250
1690,110,1250
1700,110,1250
1400,120,1250
1410,120,1250
1420,120,1250
1430,120,1250
1440,120,1250
1450,120,1250
1460,120,1250
1470,120,1250
1480,120,1250
1490,120,1250
1500,120,1250
1510,120,1250
1520,120,1250
1530,120,1250
1540,120,1250
1550,120,1250
1560,120,1250
1570,120,1250
1580,120,1250
1590,120,1250
1600,120,1250
1610,120,1250
1620,120,1250
1630,120,1250
1640,120,1250
1650,120,1250
1660,120,1250
1670,120,1250
1680,120,1250
1690,120,1250
1700,120,1250
1400,130,1250
1410,130,1250
1420,130,1250
1430,130,1250
1440,130,1250
1450,130,1250
1460,130,1250
1470,130,1250
1480,130,1250
1490,130,1250
1500,130,1250
1510,130,1250
1520,130,1250
1530,130,1250
1540,130,1250
1550,130,1250
1560,130,1250
1570,130,1250
1580,130,1250
1590,130,1250
1600,130,1250
1610,130,1250
1620,130,1250
1630,130,1250
1640,130,1250
1650,130,1250
1660,130,1250
1670,130,1250
1680,130,1250
1690,130,1250
1700,130,1250
1400,140,1250
1410,140,1250
1420,140,1250
1430,140,1250
1440,140,1250
1450,140,1250
1460,140,1250
1470,140,1250
1480,140,1250
1490,140,1250
1500,140,1250
1510,140,1250
1520,140,1250
1530,140,1250
1540,140,1250
1550,140,1250
1560,140,1250
1570,140,1250
1580,140,1250
1590,140,1250
1600,140,1250
1610,140,1250
1620,140,1250
1630,140,1250
1640,140,1250
1650,140,1250
1660,140,1250
1670,140,1250
1680,140,1250
1690,140,1250
1700,140,1250
1400,150,1250
1410,150,1250
1420,150,1250
1430,150,1250
1440,150,1250
1450,150,1250
1460,150,1250
1470,150,1250
1480,150,1250
1490,150,1250
1500,150,1250
1510,150,1250
1520,150,1250
1530,150,1250
1540,150,1250
1550,150,1250
1560,150,1250
1570,150,1250
1580,150,1250
1590,150,1250
1600,150,1250
1610,150,1250
1620,150,1250
1630,150,1250
1640,150,1250
1650,150,1250
1660,150,1250
1670,150,1250
1680,150,1250
1690,150,1250
1700,150,1250
1400,160,1250
1410,160,1250
1420,160,1250
1430,160,1250
1440,160,1250
1450,160,1250
1460,160,1250
1470,160,1250
1480,160,1250
1490,160,1250
1500,160,1250
1510,160,1250
1520,160,1250
1530,160,1250
1540,160,1250
1550,160,1250
1560,160,1250
1570,160,1250
1580,160,1250
1590,160,1250
1600,160,1250
1610,160,1250
1620,160,1250
1630,160,1250
1640,160,1250
1650,160,1250
1660,160,1250
1670,160,1250
1680,160,1250
1690,160,1250
1700,160,1250
1400,170,1250
1410,170,1250
1420,170,1250
1430,170,1250
1440,170,1250
1450,170,1250
1460,170,1250
1470,170,1250
1480,170,1250
1490,170,1250
1500,170,1250
1510,170,1250
1520,170,1250
1530,170,1250
1540,170,1250
1550,170,1250
1560,170,1250
1570,170,1250
1580,170,1250
1590,170,1250
1600,170,1250
1610,170,1250
1620,170,1250
1630,170,1250
1640,170,1250
1650,170,1250
1660,170,1250
1670,170,1250
1680,170,1250
1690,170,1250
1700,170,1250
1400,180,1250
1410,180,1250
1420,180,1250
1430,180,1250
1440,180,1250
1450,180,1250
1460,180,1250
1470,180,1250
1480,180,1250
1490,180,1250
1500,180,1250
1510,180,1250
1520,180,1250
1530,180,1250
1540,180,1250
1550,180,1250
1560,180,1250
1570,180,1250
1580,180,1250
1590,180,1250
1600,180,1250
1610,180,1250
1620,180,1250
1630,180,1250
1640,180,1250
1650,180,1250
1660,180,1250
1670,180,1250
1680,180,1250
1690,180,1250
1700,180,1250
1400,190,1250
1410,190,1250
1420,190,1250
1430,190,1250
1440,190,1250
1450,190,1250
1460,190,1250
1470,190,1250
1480,190,1250
1490,190,1250
1500,190,1250
1510,190,1250
1520,190,1250
1530,190,1250
1540,190,1250
1550,190,1250
1560,190,1250
1570,190,1250
1580,190,1250
1590,190,1250
1600,190,1250
1610,190,1250
1620,190,1250
1630,190,1250
1640,190,1250
1650,190,1250
1660,190,1250
1670,190,1250
1680,190,1250
1690,190,1250
1700,190,1250
1400,200,1250
1410,200,1250
1420,200,1250
1430,200,1250
1440,200,1250
1450,200,1250
1460,200,1250
1470,200,1250
1480,200,1250
1490,200,1250
1500,200,1250
1510,200,1250
1520,200,1250
1530,200,1250
1540,200,1250
1550,200,1250
1560,200,1250
1570,200,1250
1580,200,1250
1590,200,1250
1600,200,1250
1610,200,1250
1620,200,1250
1630,200,1250
1640,200,1250
1650,200,1250
1660,200,1250
1670,200,1250
1680,200,1250
1690,200,1250
1700,200,1250
1400,210,1250
1410,210,1250
1420,210,1250
1430,210,1250
1440,210,1250
1450,210,1250
1460,210,1250
1470,210,1250
1480,210,1250
1490,210,1250
1500,210,1250
1510,210,1250
1520,210,1250
1530,210,1250
1540,210,1250
1550,210,1250
1560,210,1250
1570,210,1250
1580,210,1250
1590,210,1250
1600,210,1250
1610,210,1250
1620,210,1250
1630,210,1250
1640,210,1250
1650,210,1250
1660,210,1250
1670,210,1250
1680,210,1250
1690,210,1250
1700,210,1250
1400,220,1250
1410,220,1250
1420,220,1250
1430,220,1250
1440,220,1250
1450,220,1250
1460,220,1250
1470,220,1250
1480,220,1250
1490,220,1250
1500,220,1250
1510,220,1250
1520,220,1250
1530,220,1250
1540,220,1250
1550,220,1250
1560,220,1250
1570,220,1250
1580,220,1250
1590,220,1250
1600,220,1250
1610,220,1250
1620,220,1250
1630,220,1250
1640,220,1250
1650,220,1250
1660,220,1250
1670,220,1250
1680,220,1250
1690,220,1250
1700,220,1250
1400,230,1250
1410,230,1250
1420,230,1250
1430,230,1250
1440,230,1250
1450,230,1250
1460,230,1250
1470,230,1250
1480,230,1250
1490,230,1250
1500,230,1250
1510,230,1250
1520,230,1250
1530,230,1250
1540,230,1250
1550,230,1250
1560,230,1250
1570,230,1250
1580,230,1250
1590,230,1250
1600,230,1250
1610,230,1250
1620,230,1250
1630,230,1250
1640,230,1250
1650,230,1250
1660,230,1250
1670,230,1250
1680,230,1250
1690,230,1250
1700,230,1250
1400,240,1250
1410,240,1250
1420,240,1250
1430,240,1250
1440,240,1250
1450,240,1250
1460,240,1250
1470,240,1250
1480,240,1250
1490,240,1250
1500,240,1250
1510,240,1250
1520,240,1250
1530,240,1250
1540,240,1250
1550,240,1250
1560,240,1250
1570,240,1250
1580,240,1250
1590,240,1250
1600,240,1250
1610,240,1250
1620,240,1250
1630,240,1250
1640,240,1250
1650,240,1250
1660,240,1250
1670,240,1250
1680,240,1250
1690,240,1250
1700,240,1250
1400,250,1250
1410,250,1250
1420,250,1250
1430,250,1250
1440,250,1250
1450,250,1250
1460,250,1250
1470,250,1250
1480,250,1250
1490,250,1250
1500,250,1250
1510,250,1250
1520,250,1250
1530,250,1250
1540,250,1250
1550,250,1250
1560,250,1250
1570,250,1250
1580,250,1250
1590,250,1250
1600,250,1250
1610,250,1250
1620,250,1250
1630,250,1250
1640,250,1250
1650,250,1250
1660,250,1250
1670,250,1250
1680,250,1250
1690,250,1250
1700,250,1250
1400,50,1500
1410,50,1500
1420,50,1500
1430,50,1500
1440,50,1500
1450,50,1500
1460,50,1500
1470,50,1500
1480,50,1500
1490,50,1500
1500,50,1500
1510,50,1500
1520,50,1500
1530,50,1500
1540,50,1500
1550,50,1500
1560,50,1500
1570,50,1500
1580,50,1500
1590,50,1500
1600,50,1500
1610,50,1500
1620,50,1500
1630,50,1500
1640,50,1500
1650,50,1500
1660,50,1500
1670,50,1500
1680,50,1500
1690,50,1500
1700,50,1500
1400,60,1500
1410,60,1500
1420,60,1500
1430,60,1500
1440,60,1500
1450,60,1500
1460,60,1500
1470,60,1500
1480,60,1500
1490,60,1500
1500,60,1500
1510,60,1500
1520,60,1500
1530,60,1500
1540,60,1500
1550,60,1500
1560,60,1500
1570,60,1500
1580,60,1500
1590,60,1500
1600,60,1500
1610,60,1500
1620,60,1500
1630,60,1500
1640,60,1500
1650,60,1500
1660,60,1500
1670,60,1500
1680,60,1500
1690,60,1500
1700,60,1500
1400,70,1500
1410,70,1500
1420,70,1500
1430,70,1500
1440,70,1500
1450,70,1500
1460,70,1500
1470,70,1500
1480,70,1500
1490,70,1500
1500,70,1500
1510,70,1500
1520,70,1500
1530,70,1500
1540,70,1500
1550,70,1500
1560,70,1500
1570,70,1500
1580,70,1500
1590,70,1500
1600,70,1500
1610,70,1500
1620,70,1500
1630,70,1500
1640,70,1500
1650,70,1500
1660,70,1500
1670,70,1500
1680,70,1500
1690,70,1500
1700,70,1500
1400,80,1500
1410,80,1500
1420,80,1500
1430,80,1500
1440,80,1500
1450,80,1500
1460,80,1500
1470,80,1500
1480,80,1500
1490,80,1500
1500,80,1500
1510,80,1500
1520,80,1500
1530,80,1500
1540,80,1500
1550,80,1500
1560,80,1500
1570,80,1500
1580,80,1500
1590,80,1500
1600,80,1500
1610,80,1500
1620,80,1500
1630,80,1500
1640,80,1500
1650,80,1500
1660,80,1500
1670,80,1500
1680,80,1500
1690,80,1500
1700,80,1500
1400,90,1500
1410,90,1500
1420,90,1500
1430,90,1500
1440,90,1500
1450,90,1500
1460,90,1500
1470,90,1500
1480,90,1500
1490,90,1500
1500,90,1500
1510,90,1500
1520,90,1500
1530,90,1500
1540,90,1500
1550,90,1500
1560,90,1500
1570,90,1500
1580,90,1500
1590,90,1500
1600,90,1500
1610,90,1500
1620,90,1500
1630,90,1500
1640,90,1500
1650,90,1500
1660,90,1500
1670,90,1500
1680,90,1500
1690,90,1500
1700,90,1500
1400,100,1500
1410,100,1500
1420,100,1500
1430,100,1500
1440,100,1500
1450,100,1500
1460,100,1500
1470,100,1500
1480,100,1500
1490,100,1500
1500,100,1500
1510,100,1500
1520,100,1500
1530,100,1500
1540,100,1500
1550,100,1500
1560,100,1500
1570,100,1500
1580,100,1500
1590,100,1500
1600,100,1500
1610,100,1500
1620,100,1500
1630,100,1500
1640,100,1500
1650,100,1500
1660,100,1500
1670,100,1500
1680,100,1500
1690,100,1500
1700,100,1500
1400,110,1500
1410,110,1500
1420,110,1500
1430,110,1500
1440,110,1500
1450,110,1500
1460,110,1500
1470,110,1500
1480,110,1500
1490,110,1500
1500,110,1500
1510,110,1500
1520,110,1500
1530,110,1500
1540,110,1500
1550,110,1500
1560,110,1500
1570,110,1500
1580,110,1500
1590,110,1500
1600,110,1500
1610,110,1500
1620,110,1500
1630,110,1500
1640,110,1500
1650,110,1500
1660,110,1500
1670,110,1500
1680,110,1500
1690,110,1500
1700,110,1500
1400,120,1500
1410,120,1500
1420,120,1500
1430,120,1500
1440,120,1500
1450,120,1500
1460,120,1500
1470,120,1500
1480,120,1500
1490,120,1500
1500,120,1500
1510,120,1500
1520,120,1500
1530,120,1500
1540,120,1500
1550,120,1500
1560,120,1500
1570,120,1500
1580,120,1500
1590,120,1500
1600,120,1500
1610,120,1500
1620,120,1500
1630,120,1500
1640,120,1500
1650,120,1500
1660,120,1500
1670,120,1500
1680,120,1500
1690,120,1500
1700,120,1500
1400,130,1500
1410,130,1500
1420,130,1500
1430,130,1500
1440,130,1500
1450,130,1500
1460,130,1500
1470,130,1500
1480,130,1500
1490,130,1500
1500,130,1500
1510,130,1500
1520,130,1500
1530,130,1500
1540,130,1500
1550,130,1500
1560,130,1500
1570,130,1500
1580,130,1500
1590,130,1500
1600,130,1500
1610,130,1500
1620,130,1500
1630,130,1500
1640,130,1500
1650,130,1500
1660,130,1500
1670,130,1500
1680,130,1500
1690,130,1500
1700,130,1500
1400,140,1500
1410,140,1500
1420,140,1500
1430,140,1500
1440,140,1500
1450,140,1500
1460,140,1500
1470,140,1500
1480,140,1500
1490,140,1500
1500,140,1500
1510,140,1500
1520,140,1500
1530,140,1500
1540,140,1500
1550,140,1500
1560,140,1500
1570,140,1500
1580,140,1500
1590,140,1500
1600,140,1500
1610,140,1500
1620,140,1500
1630,140,1500
1640,140,1500
1650,140,1500
1660,140,1500
1670,140,1500
1680,140,1500
1690,140,1500
1700,140,1500
1400,150,1500
1410,150,1500
1420,150,1500
1430,150,1500
1440,150,1500
1450,150,1500
1460,150,1500
1470,150,1500
1480,150,1500
1490,150,1500
1500,150,1500
1510,150,1500
1520,150,1500
1530,150,1500
1540,150,1500
1550,150,1500
1560,150,1500
1570,150,1500
1580,150,1500
1590,150,1500
1600,150,1500
1610,150,1500
1620,150,1500
1630,150,1500
1640,150,1500
1650,150,1500
1660,150,1500
1670,150,1500
1680,150,1500
1690,150,1500
1700,150,1500
1400,160,1500
1410,160,1500
1420,160,1500
1430,160,1500
1440,160,1500
1450,160,1500
1460,160,1500
1470,160,1500
1480,160,1500
1490,160,1500
1500,160,1500
1510,160,1500
1520,160,1500
1530,160,1500
1540,160,1500
1550,160,1500
1560,160,1500
1570,160,1500
1580,160,1500
1590,160,1500
1600,160,1500
1610,160,1500
1620,160,1500
1630,160,1500
1640,160,1500
1650,160,1500
1660,160,1500
1670,160,1500
1680,160,1500
1690,160,1500
1700,160,1500
1400,170,1500
1410,170,1500
1420,170,1500
1430,170,1500
1440,170,1500
1450,170,1500
1460,170,1500
1470,170,1500
1480,170,1500
1490,170,1500
1500,170,1500
1510,170,1500
1520,170,1500
1530,170,1500
1540,170,1500
1550,170,1500
1560,170,1500
1570,170,1500
1580,170,1500
1590,170,1500
1600,170,1500
1610,170,1500
1620,170,1500
1630,170,1500
1640,170,1500
1650,170,1500
1660,170,1500
1670,170,1500
1680,170,1500
1690,170,1500
1700,170,1500
1400,180,1500
1410,180,1500
1420,180,1500
1430,180,1500
1440,180,1500
1450,180,1500
1460,180,1500
1470,180,1500
1480,180,1500
1490,180,1500
1500,180,1500
1510,180,1500
1520,180,1500
1530,180,1500
1540,180,1500
1550,180,1500
1560,180,1500
1570,180,1500
1580,180,1500
1590,180,1500
1600,180,1500
1610,180,1500
1620,180,1500
1630,180,1500
1640,180,1500
1650,180,1500
1660,180,1500
1670,180,1500
1680,180,1500
1690,180,1500
1700,180,1500
1400,190,1500
1410,190,1500
1420,190,1500
1430,190,1500
1440,190,1500
1450,190,1500
1460,190,1500
1470,190,1500
1480,190,1500
1490,190,1500
1500,190,1500
1510,190,1500
1520,190,1500
1530,190,1500
1540,190,1500
1550,190,1500
1560,190,1500
1570,190,1500
1580,190,1500
1590,190,1500
1600,190,1500
1610,190,1500
1620,190,1500
1630,190,1500
1640,190,1500
1650,190,1500
1660,190,1500
1670,190,1500
1680,190,1500
1690,190,1500
1700,190,1500
1400,200,1500
1410,200,1500
1420,200,1500
1430,200,1500
1440,200,1500
1450,200,1500
1460,200,1500
1470,200,1500
1480,200,1500
1490,200,1500
1500,200,1500
1510,200,1500
1520,200,1500
1530,200,1500
1540,200,1500
1550,200,1500
1560,200,1500
1570,200,1500
1580,200,1500
1590,200,1500
1600,200,1500
1610,200,1500
1620,200,1500
1630,200,1500
1640,200,1500
1650,200,1500
1660,200,1500
1670,200,1500
1680,200,1500
1690,200,1500
1700,200,1500
1400,210,1500
1410,210,1500
1420,210,1500
1430,210,1500
1440,210,1500
1450,210,1500
1460,210,1500
1470,210,1500
1480,210,1500
1490,210,1500
1500,210,1500
1510,210,1500
1520,210,1500
1530,210,1500
1540,210,1500
1550,210,1500
1560,210,1500
1570,210,1500
1580,210,1500
1590,210,1500
1600,210,1500
1610,210,1500
1620,210,1500
1630,210,1500
1640,210,1500
1650,210,1500
1660,210,1500
1670,210,1500
1680,210,1500
1690,210,1500
1700,210,1500
1400,220,1500
1410,220,1500
1420,220,1500
1430,220,1500
1440,220,1500
1450,220,1500
1460,220,1500
1470,220,1500
1480,220,1500
1490,220,1500
1500,220,1500
1510,220,1500
1520,220,1500
1530,220,1500
1540,220,1500
1550,220,1500
1560,220,1500
1570,220,1500
1580,220,1500
1590,220,1500
1600,220,1500
1610,220,1500
1620,220,1500
1630,220,1500
1640,220,1500
1650,220,1500
1660,220,1500
1670,220,1500
1680,220,1500
1690,220,1500
1700,220,1500
1400,230,1500
1410,230,1500
1420,230,1500
1430,230,1500
1440,230,1500
1450,230,1500
1460,230,1500
1470,230,1500
1480,230,1500
1490,230,1500
1500,230,1500
1510,230,1500
1520,230,1500
1530,230,1500
1540,230,1500
1550,230,1500
1560,230,1500
1570,230,1500
1580,230,1500
1590,230,1500
1600,230,1500
1610,230,1500
1620,230,1500
1630,230,1500
1640,230,1500
1650,230,1500
1660,230,1500
1670,230,1500
1680,230,1500
1690,230,1500
1700,230,1500
1400,240,1500
1410,240,1500
1420,240,1500
1430,240,1500
1440,240,1500
1450,240,1500
1460,240,1500
1470,240,1500
1480,240,1500
1490,240,1500
1500,240,1500
1510,240,1500
1520,240,1500
1530,240,1500
1540,240,1500
1550,240,1500
1560,240,1500
1570,240,1500
1580,240,1500
1590,240,1500
1600,240,1500
1610,240,1500
1620,240,1500
1630,240,1500
1640,240,1500
1650,240,1500
1660,240,1500
1670,240,1500
1680,240,1500
1690,240,1500
1700,240,1500
1400,250,1500
1410,250,1500
1420,250,1500
1430,250,1500
1440,250,1500
1450,250,1500
1460,250,1500
1470,250,1500
1480,250,1500
1490,250,1500
1500,250,1500
1510,250,1500
1520,250,1500
1530,250,1500
1540,250,1500
1550,250,1500
1560,250,1500
1570,250,1500
1580,250,1500
1590,250,1500
1600,250,1500
1610,250,1500
1620,250,1500
1630,250,1500
1640,250,1500
1650,250,1500
1660,250,1500
1670,250,1500
1680,250,1500
1690,250,1500
1700,250,1500
1400,50,1750
1410,50,1750
1420,50,1750
1430,50,1750
1440,50,1750
1450,50,1750
1460,50,1750
1470,50,1750
1480,50,1750
1490,50,1750
1500,50,1750
1510,50,1750
1520,50,1750
1530,50,1750
1540,50,1750
1550,50,1750
1560,50,1750
1570,50,1750
1580,50,1750
1590,50,1750
1600,50,1750
1610,50,1750
1620,50,1750
1630,50,1750
1640,50,1750
1650,50,1750
1660,50,1750
1670,50,1750
1680,50,1750
1690,50,1750
1700,50,1750
1400,60,1750
1410,60,1750
1420,60,1750
1430,60,1750
1440,60,1750
1450,60,1750
1460,60,1750
1470,60,1750
1480,60,1750
1490,60,1750
1500,60,1750
1510,60,1750
1520,60,1750
1530,60,1750
1540,60,1750
1550,60,1750
1560,60,1750
1570,60,1750
1580,60,1750
1590,60,1750
1600,60,1750
1610,60,1750
1620,60,1750
1630,60,1750
1640,60,1750
1650,60,1750
1660,60,1750
1670,60,1750
1680,60,1750
1690,60,1750
1700,60,1750
1400,70,1750
1410,70,1750
1420,70,1750
1430,70,1750
1440,70,1750
1450,70,1750
1460,70,1750
1470,70,1750
1480,70,1750
1490,70,1750
1500,70,1750
1510,70,1750
1520,70,1750
1530,70,1750
1540,70,1750
1550,70,1750
1560,70,1750
1570,70,1750
1580,70,1750
1590,70,1750
1600,70,1750
1610,70,1750
1620,70,1750
1630,70,1750
1640,70,1750
1650,70,1750
1660,70,1750
1670,70,1750
1680,70,1750
1690,70,1750
1700,70,1750
1400,80,1750
1410,80,1750
1420,80,1750
1430,80,1750
1440,80,1750
1450,80,1750
1460,80,1750
1470,80,1750
1480,80,1750
1490,80,1750
1500,80,1750
1510,80,1750
1520,80,1750
1530,80,1750
1540,80,1750
1550,80,1750
1560,80,1750
1570,80,1750
1580,80,1750
1590,80,1750
1600,80,1750
1610,80,1750
1620,80,1750
1630,80,1750
1640,80,1750
1650,80,1750
1660,80,1750
1670,80,1750
1680,80,1750
1690,80,1750
1700,80,1750
1400,90,1750
1410,90,1750
1420,90,1750
1430,90,1750
1440,90,1750
1450,90,1750
1460,90,1750
1470,90,1750
1480,90,1750
1490,90,1750
1500,90,1750
1510,90,1750
1520,90,1750
1530,90,1750
1540,90,1750
1550,90,1750
1560,90,1750
1570,90,1750
1580,90,1750
1590,90,1750
1600,90,1750
1610,90,1750
1620,90,1750
1630,90,1750
1640,90,1750
1650,90,1750
1660,90,1750
1670,90,1750
1680,90,1750
1690,90,1750
1700,90,1750
1400,100,1750
1410,100,1750
1420,100,1750
1430,100,1750
1440,100,1750
1450,100,1750
1460,100,1750
1470,100,1750
1480,100,1750
1490,100,1750
1500,100,1750
1510,100,1750
1520,100,1750
1530,100,1750
1540,100,1750
1550,100,1750
1560,100,1750
1570,100,1750
1580,100,1750
1590,100,1750
1600,100,1750
1610,100,1750
1620,100,1750
1630,100,1750
1640,100,1750
1650,100,1750
1660,100,1750
1670,100,1750
1680,100,1750
1690,100,1750
1700,100,1750
1400,110,1750
1410,110,1750
1420,110,1750
1430,110,1750
1440,110,1750
1450,110,1750
1460,110,1750
1470,110,1750
1480,110,1750
1490,110,1750
1500,110,1750
1510,110,1750
1520,110,1750
1530,110,1750
1540,110,1750
1550,110,1750
1560,110,1750
1570,110,1750
1580,110,1750
1590,110,1750
1600,110,1750
1610,110,1750
1620,110,1750
1630,110,1750
1640,110,1750
1650,110,1750
1660,110,1750
1670,110,1750
1680,110,1750
1690,110,1750
1700,110,1750
1400,120,1750
1410,120,1750
1420,120,1750
1430,120,1750
1440,120,1750
1450,120,1750
1460,120,1750
1470,120,1750
1480,120,1750
1490,120,1750
1500,120,1750
1510,120,1750
1520,120,1750
1530,120,1750
1540,120,1750
1550,120,1750
1560,120,1750
1570,120,1750
1580,120,1750
1590,120,1750
1600,120,1750
1610,120,1750
1620,120,1750
1630,120,1750
1640,120,1750
1650,120,1750
1660,120,1750
1670,120,1750
1680,120,1750
1690,120,1750
1700,120,1750
1400,130,1750
1410,130,1750
1420,130,1750
1430,130,1750
1440,130,1750
1450,130,1750
1460,130,1750
1470,130,1750
1480,130,1750
1490,130,1750
1500,130,1750
1510,130,1750
1520,130,1750
1530,130,1750
1540,130,1750
1550,130,1750
1560,130,1750
1570,130,1750
1580,130,1750
1590,130,1750
1600,130,1750
1610,130,1750
1620,130,1750
1630,130,1750
1640,130,1750
1650,130,1750
1660,130,1750
1670,130,1750
1680,130,1750
1690,130,1750
1700,130,1750
1400,140,1750
1410,140,1750
1420,140,1750
1430,140,1750
1440,140,1750
1450,140,1750
1460,140,1750
1470,140,1750
1480,140,1750
1490,140,1750
1500,140,1750
1510,140,1750
1520,140,1750
1530,140,1750
1540,140,1750
1550,140,1750
1560,140,1750
1570,140,1750
1580,140,1750
1590,140,1750
1600,140,1750
1610,140,1750
1620,140,1750
1630,140,1750
1640,140,1750
1650,140,1750
1660,140,1750
1670,140,1750
1680,140,1750
1690,140,1750
1700,140,1750
1400,150,1750
1410,150,1750
1420,150,1750
1430,150,1750
1440,150,1750
1450,150,1750
1460,150,1750
1470,150,1750
1480,150,1750
1490,150,1750
1500,150,1750
1510,150,1750
1520,150,1750
1530,150,1750
1540,150,1750
1550,150,1750
1560,150,1750
1570,150,1750
1580,150,1750
1590,150,1750
1600,150,1750
1610,150,1750
1620,150,1750
1630,150,1750
1640,150,1750
1650,150,1750
1660,150,1750
1670,150,1750
1680,150,1750
1690,150,1750
1700,150,1750
1400,160,1750
1410,160,1750
1420,160,1750
1430,160,1750
1440,160,1750
1450,160,1750
1460,160,1750
1470,160,1750
1480,160,1750
1490,160,1750
1500,160,1750
1510,160,1750
1520,160,1750
1530,160,1750
1540,160,1750
1550,160,1750
1560,160,1750
1570,160,1750
1580,160,1750
1590,160,1750
1600,160,1750
1610,160,1750
1620,160,1750
1630,160,1750
1640,160,1750
1650,160,1750
1660,160,1750
1670,160,1750
1680,160,1750
1690,160,1750
1700,160,1750
1400,170,1750
1410,170,1750
1420,170,1750
1430,170,1750
1440,170,1750
1450,170,1750
1460,170,1750
1470,170,1750
1480,170,1750
1490,170,1750
1500,170,1750
1510,170,1750
1520,170,1750
1530,170,1750
1540,170,1750
1550,170,1750
1560,170,1750
1570,170,1750
1580,170,1750
1590,170,1750
1600,170,1750
1610,170,1750
1620,170,1750
1630,170,1750
1640,170,1750
1650,170,1750
1660,170,1750
1670,170,1750
1680,170,1750
1690,170,1750
1700,170,1750
1400,180,1750
1410,180,1750
1420,180,1750
1430,180,1750
1440,180,1750
1450,180,1750
1460,180,1750
1470,180,1750
1480,180,1750
1490,180,1750
1500,180,1750
1510,180,1750
1520,180,1750
1530,180,1750
1540,180,1750
1550,180,1750
1560,180,1750
1570,180,1750
1580,180,1750
1590,180,1750
1600,180,1750
1610,180,1750
1620,180,1750
1630,180,1750
1640,180,1750
1650,180,1750
1660,180,1750
1670,180,1750
1680,180,1750
1690,180,1750
1700,180,1750
1400,190,1750
1410,190,1750
1420,190,1750
1430,190,1750
1440,190,1750
1450,190,1750
1460,190,1750
1470,190,1750
1480,190,1750
1490,190,1750
1500,190,1750
1510,190,1750
1520,190,1750
1530,190,1750
1540,190,1750
1550,190,1750
1560,190,1750
1570,190,1750
1580,190,1750
1590,190,1750
1600,190,1750
1610,190,1750
1620,190,1750
1630,190,1750
1640,190,1750
1650,190,1750
1660,190,1750
1670,190,1750
1680,190,1750
1690,190,1750
1700,190,1750
1400,200,1750
1410,200,1750
1420,200,1750
1430,200,1750
1440,200,1750
1450,200,1750
1460,200,1750
1470,200,1750
1480,200,1750
1490,200,1750
1500,200,1750
1510,200,1750
1520,200,1750
1530,200,1750
1540,200,1750
1550,200,1750
1560,200,1750
1570,200,1750
1580,200,1750
1590,200,1750
1600,200,1750
1610,200,1750
1620,200,1750
1630,200,1750
1640,200,1750
1650,200,1750
1660,200,1750
1670,200,1750
1680,200,1750
1690,200,1750
1700,200,1750
1400,210,1750
1410,210,1750
1420,210,1750
1430,210,1750
1440,210,1750
1450,210,1750
1460,210,1750
1470,210,1750
1480,210,1750
1490,210,1750
1500,210,1750
1510,210,1750
1520,210,1750
1530,210,1750
1540,210,1750
1550,210,1750
1560,210,1750
1570,210,1750
1580,210,1750
1590,210,1750
1600,210,1750
1610,210,1750
1620,210,1750
1630,210,1750
1640,210,1750
1650,210,1750
1660,210,1750
1670,210,1750
1680,210,1750
1690,210,1750
1700,210,1750
1400,220,1750
1410,220,1750
1420,220,1750
1430,220,1750
1440,220,1750
1450,220,1750
1460,220,1750
1470,220,1750
1480,220,1750
1490,220,1750
1500,220,1750
1510,220,1750
1520,220,1750
1530,220,1750
1540,220,1750
1550,220,1750
1560,220,1750
1570,220,1750
1580,220,1750
1590,220,1750
1600,220,1750
1610,220,1750
1620,220,1750
1630,220,1750
1640,220,1750
1650,220,1750
1660,220,1750
1670,220,1750
1680,220,1750
1690,220,1750
1700,220,1750
1400,230,1750
1410,230,1750
1420,230,1750
1430,230,1750
1440,230,1750
1450,230,1750
1460,230,1750
1470,230,1750
1480,230,1750
1490,230,1750
1500,230,1750
1510,230,1750
1520,230,1750
1530,230,1750
1540,230,1750
1550,230,1750
1560,230,1750
1570,230,1750
1580,230,1750
1590,230,1750
1600,230,1750
1610,230,1750
1620,230,1750
1630,230,1750
1640,230,1750
1650,230,1750
1660,230,1750
1670,230,1750
1680,230,1750
1690,230,1750
1700,230,1750
1400,240,1750
1410,240,1750
1420,240,1750
1430,240,1750
1440,240,1750
1450,240,1750
1460,240,1750
1470,240,1750
1480,240,1750
1490,240,1750
1500,240,1750
1510,240,1750
1520,240,1750
1530,240,1750
1540,240,1750
1550,240,1750
1560,240,1750
1570,240,1750
1580,240,1750
1590,240,1750
1600,240,1750
1610,240,1750
1620,240,1750
1630,240,1750
1640,240,1750
1650,240,1750
1660,240,1750
1670,240,1750
1680,240,1750
1690,240,1750
1700,240,1750
1400,250,1750
1410,250,1750
1420,250,1750
1430,250,1750
1440,250,1750
1450,250,1750
1460,250,1750
1470,250,1750
1480,250,1750
1490,250,1750
1500,250,1750
1510,250,1750
1520,250,1750
1530,250,1750
1540,250,1750
1550,250,1750
1560,250,1750
1570,250,1750
1580,250,1750
1590,250,1750
1600,250,1750
1610,250,1750
1620,250,1750
1630,250,1750
1640,250,1750
1650,250,1750
1660,250,1750
1670,250,1750
1680,250,1750
1690,250,1750
1700,250,1750
1400,50,2000
1410,50,2000
1420,50,2000
1430,50,2000
1440,50,2000
1450,50,2000
1460,50,2000
1470,50,2000
1480,50,2000
1490,50,2000
1500,50,2000
1510,50,2000
1520,50,2000
1530,50,2000
1540,50,2000
1550,50,2000
1560,50,2000
1570,50,2000
1580,50,2000
1590,50,2000
1600,50,2000
1610,50,2000
1620,50,2000
1630,50,2000
1640,50,2000
1650,50,2000
1660,50,2000
1670,50,2000
1680,50,2000
1690,50,2000
1700,50,2000
1400,60,2000
1410,60,2000
1420,60,2000
1430,60,2000
1440,60,2000
1450,60,2000
1460,60,2000
1470,60,2000
1480,60,2000
1490,60,2000
1500,60,2000
1510,60,2000
1520,60,2000
1530,60,2000
1540,60,2000
1550,60,2000
1560,60,2000
1570,60,2000
1580,60,2000
1590,60,2000
1600,60,2000
1610,60,2000
1620,60,2000
1630,60,2000
1640,60,2000
1650,60,2000
1660,60,2000
1670,60,2000
1680,60,2000
1690,60,2000
1700,60,2000
1400,70,2000
1410,70,2000
1420,70,2000
1430,70,2000
1440,70,2000
1450,70,2000
1460,70,2000
1470,70,2000
1480,70,2000
1490,70,2000
1500,70,2000
1510,70,2000
1520,70,2000
1530,70,2000
1540,70,2000
1550,70,2000
1560,70,2000
1570,70,2000
1580,70,2000
1590,70,2000
1600,70,2000
1610,70,2000
1620,70,2000
1630,70,2000
1640,70,2000
1650,70,2000
1660,70,2000
1670,70,2000
1680,70,2000
1690,70,2000
1700,70,2000
1400,80,2000
1410,80,2000
1420,80,2000
1430,80,2000
1440,80,2000
1450,80,2000
1460,80,2000
1470,80,2000
1480,80,2000
1490,80,2000
1500,80,2000
1510,80,2000
1520,80,2000
1530,80,2000
1540,80,2000
1550,80,2000
1560,80,2000
1570,80,2000
1580,80,2000
1590,80,2000
1600,80,2000
1610,80,2000
1620,80,2000
1630,80,2000
1640,80,2000
1650,80,2000
1660,80,2000
1670,80,2000
1680,80,2000
1690,80,2000
1700,80,2000
1400,90,2000
1410,90,2000
1420,90,2000
1430,90,2000
1440,90,2000
1450,90,2000
1460,90,2000
1470,90,2000
1480,90,2000
1490,90,2000
1500,90,2000
1510,90,2000
1520,90,2000
1530,90,2000
1540,90,2000
1550,90,2000
1560,90,2000
1570,90,2000
1580,90,2000
1590,90,2000
1600,90,2000
1610,90,2000
1620,90,2000
1630,90,2000
1640,90,2000
1650,90,2000
1660,90,2000
1670,90,2000
1680,90,2000
1690,90,2000
1700,90,2000
1400,100,2000
1410,100,2000
1420,100,2000
1430,100,2000
1440,100,2000
1450,100,2000
1460,100,2000
1470,100,2000
1480,100,2000
1490,100,2000
1500,100,2000
1510,100,2000
1520,100,2000
1530,100,2000
1540,100,2000
1550,100,2000
1560,100,2000
1570,100,2000
1580,100,2000
1590,100,2000
1600,100,2000
1610,100,2000
1620,100,2000
1630,100,2000
1640,100,2000
1650,100,2000
1660,100,2000
1670,100,2000
1680,100,2000
1690,100,2000
1700,100,2000
1400,110,2000
1410,110,2000
1420,110,2000
1430,110,2000
1440,110,2000
1450,110,2000
1460,110,2000
1470,110,2000
1480,110,2000
1490,110,2000
1500,110,2000
1510,110,2000
1520,110,2000
1530,110,2000
1540,110,2000
1550,110,2000
1560,110,2000
1570,110,2000
1580,110,2000
1590,110,2000
1600,110,2000
1610,110,2000
1620,110,2000
1630,110,2000
1640,110,2000
1650,110,2000
1660,110,2000
1670,110,2000
1680,110,2000
1690,110,2000
1700,110,2000
1400,120,2000
1410,120,2000
1420,120,2000
1430,120,2000
1440,120,2000
1450,120,2000
1460,120,2000
1470,120,2000
1480,120,2000
1490,120,2000
1500,120,2000
1510,120,2000
1520,120,2000
1530,120,2000
1540,120,2000
1550,120,2000
1560,120,2000
1570,120,2000
1580,120,2000
1590,120,2000
1600,120,2000
1610,120,2000
1620,120,2000
1630,120,2000
1640,120,2000
1650,120,2000
1660,120,2000
1670,120,2000
1680,120,2000
1690,120,2000
1700,120,2000
1400,130,2000
1410,130,2000
1420,130,2000
1430,130,2000
1440,130,2000
1450,130,2000
1460,130,2000
1470,130,2000
1480,130,2000
1490,130,2000
1500,130,2000
1510,130,2000
1520,130,2000
1530,130,2000
1540,130,2000
1550,130,2000
1560,130,2000
1570,130,2000
1580,130,2000
1590,130,2000
1600,130,2000
1610,130,2000
1620,130,2000
1630,130,2000
1640,130,2000
1650,130,2000
1660,130,2000
1670,130,2000
1680,130,2000
1690,130,2000
1700,130,2000
1400,140,2000
1410,140,2000
1420,140,2000
1430,140,2000
1440,140,2000
1450,140,2000
1460,140,2000
1470,140,2000
1480,140,2000
1490,140,2000
1500,140,2000
1510,140,2000
1520,140,2000
1530,140,2000
1540,140,2000
1550,140,2000
1560,140,2000
1570,140,2000
1580,140,2000
1590,140,2000
1600,140,2000
1610,140,2000
1620,140,2000
1630,140,2000
1640,140,2000
1650,140,2000
1660,140,2000
1670,140,2000
1680,140,2000
1690,140,2000
1700,140,2000
1400,150,2000
1410,150,2000
1420,150,2000
1430,150,2000
1440,150,2000
1450,150,2000
1460,150,2000
1470,150,2000
1480,150,2000
1490,150,2000
1500,150,2000
1510,150,2000
1520,150,2000
1530,150,2000
1540,150,2000
1550,150,2000
1560,150,2000
1570,150,2000
1580,150,2000
1590,150,2000
1600,150,2000
1610,150,2000
1620,150,2000
1630,150,2000
1640,150,2000
1650,150,2000
1660,150,2000
1670,150,2000
1680,150,2000
1690,150,2000
1700,150,2000
1400,160,2000
1410,160,2000
1420,160,2000
1430,160,2000
1440,160,2000
1450,160,2000
1460,160,2000
1470,160,2000
1480,160,2000
1490,160,2000
1500,160,2000
1510,160,2000
1520,160,2000
1530,160,2000
1540,160,2000
1550,160,2000
1560,160,2000
1570,160,2000
1580,160,2000
1590,160,2000
1600,160,2000
1610,160,2000
1620,160,2000
1630,160,2000
1640,160,2000
1650,160,2000
1660,160,2000
1670,160,2000
1680,160,2000
1690,160,2000
1700,160,2000
1400,170,2000
1410,170,2000
1420,170,2000
1430,170,2000
1440,170,2000
1450,170,2000
1460,170,2000
1470,170,2000
1480,170,2000
1490,170,2000
1500,170,2000
1510,170,2000
1520,170,2000
1530,170,2000
1540,170,2000
1550,170,2000
1560,170,2000
1570,170,2000
1580,170,2000
1590,170,2000
1600,170,2000
1610,170,2000
1620,170,2000
1630,170,2000
1640,170,2000
1650,170,2000
1660,170,2000
1670,170,2000
1680,170,2000
1690,170,2000
1700,170,2000
1400,180,2000
1410,180,2000
1420,180,2000
1430,180,2000
1440,180,2000
1450,180,2000
1460,180,2000
1470,180,2000
1480,180,2000
1490,180,2000
1500,180,2000
1510,180,2000
1520,180,2000
1530,180,2000
1540,180,2000
1550,180,2000
1560,180,2000
1570,180,2000
1580,180,2000
1590,180,2000
1600,180,2000
1610,180,2000
1620,180,2000
1630,180,2000
1640,180,2000
1650,180,2000
1660,180,2000
1670,180,2000
1680,180,2000
1690,180,2000
1700,180,2000
1400,190,2000
1410,190,2000
1420,190,2000
1430,190,2000
1440,190,2000
1450,190,2000
1460,190,2000
1470,190,2000
1480,190,2000
1490,190,2000
1500,190,2000
1510,190,2000
1520,190,2000
1530,190,2000
1540,190,2000
1550,190,2000
1560,190,2000
1570,190,2000
1580,190,2000
1590,190,2000
1600,190,2000
1610,190,2000
1620,190,2000
1630,190,2000
1640,190,2000
1650,190,2000
1660,190,2000
1670,190,2000
1680,190,2000
1690,190,2000
1700,190,2000
1400,200,2000
1410,200,2000
1420,200,2000
1430,200,2000
1440,200,2000
1450,200,2000
1460,200,2000
1470,200,2000
1480,200,2000
1490,200,2000
1500,200,2000
1510,200,2000
1520,200,2000
1530,200,2000
1540,200,2000
1550,200,2000
1560,200,2000
1570,200,2000
1580,200,2000
1590,200,2000
1600,200,2000
1610,200,2000
1620,200,2000
1630,200,2000
1640,200,2000
1650,200,2000
1660,200,2000
1670,200,2000
1680,200,2000
1690,200,2000
1700,200,2000
1400,210,2000
1410,210,2000
1420,210,2000
1430,210,2000
1440,210,2000
1450,210,2000
1460,210,2000
1470,210,2000
1480,210,2000
1490,210,2000
1500,210,2000
1510,210,2000
1520,210,2000
1530,210,2000
1540,210,2000
1550,210,2000
1560,210,2000
1570,210,2000
1580,210,2000
1590,210,2000
1600,210,2000
1610,210,2000
1620,210,2000
1630,210,2000
1640,210,2000
1650,210,2000
1660,210,2000
1670,210,2000
1680,210,2000
1690,210,2000
1700,210,2000
1400,220,2000
1410,220,2000
1420,220,2000
1430,220,2000
1440,220,2000
1450,220,2000
1460,220,2000
1470,220,2000
1480,220,2000
1490,220,2000
1500,220,2000
1510,220,2000
1520,220,2000
1530,220,2000
1540,220,2000
1550,220,2000
1560,220,2000
1570,220,2000
1580,220,2000
1590,220,2000
1600,220,2000
1610,220,2000
1620,220,2000
1630,220,2000
1640,220,2000
1650,220,2000
1660,220,2000
1670,220,2000
1680,220,2000
1690,220,2000
1700,220,2000
1400,230,2000
1410,230,2000
1420,230,2000
1430,230,2000
1440,230,2000
1450,230,2000
1460,230,2000
1470,230,2000
1480,230,2000
1490,230,2000
1500,230,2000
1510,230,2000
1520,230,2000
1530,230,2000
1540,230,2000
1550,230,2000
1560,230,2000
1570,230,2000
1580,230,2000
1590,230,2000
1600,230,2000
1610,230,2000
1620,230,2000
1630,230,2000
1640,230,2000
1650,230,2000
1660,230,2000
1670,230,2000
1680,230,2000
1690,230,2000
1700,230,2000
1400,240,2000
1410,240,2000
1420,240,2000
1430,240,2000
1440,240,2000
1450,240,2000
1460,240,2000
1470,240,2000
1480,240,2000
1490,240,2000
1500,240,2000
1510,240,2000
1520,240,2000
1530,240,2000
1540,240,2000
1550,240,2000
1560,240,2000
1570,240,2000
1580,240,2000
1590,240,2000
1600,240,2000
1610,240,2000
1620,240,2000
1630,240,2000
1640,240,2000
1650,240,2000
1660,240,2000
1670,240,2000
1680,240,2000
1690,240,2000
1700,240,2000
1400,250,2000
1410,250,2000
1420,250,2000
1430,250,2000
1440,250,2000
1450,250,2000
1460,250,2000
1470,250,2000
1480,250,2000
1490,250,2000
1500,250,2000
1510,250,2000
1520,250,2000
1530,250,2000
1540,250,2000
1550,250,2000
1560,250,2000
1570,250,2000
1580,250,2000
1590,250,2000
1600,250,2000
1610,250,2000
1620,250,2000
1630,250,2000
1640,250,2000
1650,250,2000
1660,250,2000
1670,250,2000
1680,250,2000
1690,250,2000
1700,250,2000
1400,50,2250
1410,50,2250
1420,50,2250
1430,50,2250
1440,50,2250
1450,50,2250
1460,50,2250
1470,50,2250
1480,50,2250
1490,50,2250
1500,50,2250
1510,50,2250
1520,50,2250
1530,50,2250
1540,50,2250
1550,50,2250
1560,50,2250
1570,50,2250
1580,50,2250
1590,50,2250
1600,50,2250
1610,50,2250
1620,50,2250
1630,50,2250
1640,50,2250
1650,50,2250
1660,50,2250
1670,50,2250
1680,50,2250
1690,50,2250
1700,50,2250
1400,60,2250
1410,60,2250
1420,60,2250
1430,60,2250
1440,60,2250
1450,60,2250
1460,60,2250
1470,60,2250
1480,60,2250
1490,60,2250
1500,60,2250
1510,60,2250
1520,60,2250
1530,60,2250
1540,60,2250
1550,60,2250
1560,60,2250
1570,60,2250
1580,60,2250
1590,60,2250
1600,60,2250
1610,60,2250
1620,60,2250
1630,60,2250
1640,60,2250
1650,60,2250
1660,60,2250
1670,60,2250
1680,60,2250
1690,60,2250
1700,60,2250
1400,70,2250
1410,70,2250
1420,70,2250
1430,70,2250
1440,70,2250
1450,70,2250
1460,70,2250
1470,70,2250
1480,70,2250
1490,70,2250
1500,70,2250
1510,70,2250
1520,70,2250
1530,70,2250
1540,70,2250
1550,70,2250
1560,70,2250
1570,70,2250
1580,70,2250
1590,70,2250
1600,70,2250
1610,70,2250
1620,70,2250
1630,70,2250
1640,70,2250
1650,70,2250
1660,70,2250
1670,70,2250
1680,70,2250
1690,70,2250
1700,70,2250
1400,80,2250
1410,80,2250
1420,80,2250
1430,80,2250
1440,80,2250
1450,80,2250
1460,80,2250
1470,80,2250
1480,80,2250
1490,80,2250
1500,80,2250
1510,80,2250
1520,80,2250
1530,80,2250
1540,80,2250
1550,80,2250
1560,80,2250
1570,80,2250
1580,80,2250
1590,80,2250
1600,80,2250
1610,80,2250
1620,80,2250
1630,80,2250
1640,80,2250
1650,80,2250
1660,80,2250
1670,80,2250
1680,80,2250
1690,80,2250
1700,80,2250
1400,90,2250
1410,90,2250
1420,90,2250
1430,90,2250
1440,90,2250
1450,90,2250
1460,90,2250
1470,90,2250
1480,90,2250
1490,90,2250
1500,90,2250
1510,90,2250
1520,90,2250
1530,90,2250
1540,90,2250
1550,90,2250
1560,90,2250
1570,90,2250
1580,90,2250
1590,90,2250
1600,90,2250
1610,90,2250
1620,90,2250
1630,90,2250
1640,90,2250
1650,90,2250
1660,90,2250
1670,90,2250
1680,90,2250
1690,90,2250
1700,90,2250
1400,100,2250
1410,100,2250
1420,100,2250
1430,100,2250
1440,100,2250
1450,100,2250
1460,100,2250
1470,100,2250
1480,100,2250
1490,100,2250
1500,100,2250
1510,100,2250
1520,100,2250
1530,100,2250
1540,100,2250
1550,100,2250
1560,100,2250
1570,100,2250
1580,100,2250
1590,100,2250
1600,100,2250
1610,100,2250
1620,100,2250
1630,100,2250
1640,100,2250
1650,100,2250
1660,100,2250
1670,100,2250
1680,100,2250
1690,100,2250
1700,100,2250
1400,110,2250
1410,110,2250
1420,110,2250
1430,110,2250
1440,110,2250
1450,110,2250
1460,110,2250
1470,110,2250
1480,110,2250
1490,110,2250
1500,110,2250
1510,110,2250
1520,110,2250
1530,110,2250
1540,110,2250
1550,110,2250
1560,110,2250
1570,110,2250
1580,110,2250
1590,110,2250
1600,110,2250
1610,110,2250
1620,110,2250
1630,110,2250
1640,110,2250
1650,110,2250
1660,110,2250
1670,110,2250
1680,110,2250
1690,110,2250
1700,110,2250
1400,120,2250
1410,120,2250
1420,120,2250
1430,120,2250
1440,120,2250
1450,120,2250
1460,120,2250
1470,120,2250
1480,120,2250
1490,120,2250
1500,120,2250
1510,120,2250
1520,120,2250
1530,120,2250
1540,120,2250
1550,120,2250
1560,120,2250
1570,120,2250
1580,120,2250
1590,120,2250
1600,120,2250
1610,120,2250
1620,120,2250
1630,120,2250
1640,120,2250
1650,120,2250
1660,120,2250
1670,120,2250
1680,120,2250
1690,120,2250
1700,120,2250
1400,130,2250
1410,130,2250
1420,130,2250
1430,130,2250
1440,130,2250
1450,130,2250
1460,130,2250
1470,130,2250
1480,130,2250
1490,130,2250
1500,130,2250
1510,130,2250
1520,130,2250
1530,130,2250
1540,130,2250
1550,130,2250
1560,130,2250
1570,130,2250
1580,130,2250
1590,130,2250
1600,130,2250
1610,130,2250
1620,130,2250
1630,130,2250
1640,130,2250
1650,130,2250
1660,130,2250
1670,130,2250
1680,130,2250
1690,130,2250
1700,130,2250
1400,140,2250
1410,140,2250
1420,140,2250
1430,140,2250
1440,140,2250
1450,140,2250
1460,140,2250
1470,140,2250
1480,140,2250
1490,140,2250
1500,140,2250
1510,140,2250
1520,140,2250
1530,140,2250
1540,140,2250
1550,140,2250
1560,140,2250
1570,140,2250
1580,140,2250
1590,140,2250
1600,140,2250
1610,140,2250
1620,140,2250
1630,140,2250
1640,140,2250
1650,140,2250
1660,140,2250
1670,140,2250
1680,140,2250
1690,140,2250
1700,140,2250
1400,150,2250
1410,150,2250
1420,150,2250
1430,150,2250
1440,150,2250
1450,150,2250
1460,150,2250
1470,150,2250
1480,150,2250
1490,150,2250
1500,150,2250
1510,150,2250
1520,150,2250
1530,150,2250
1540,150,2250
1550,150,2250
1560,150,2250
1570,150,2250
1580,150,2250
1590,150,2250
1600,150,2250
1610,150,2250
1620,150,2250
1630,150,2250
1640,150,2250
1650,150,2250
1660,150,2250
1670,150,2250
1680,150,2250
1690,150,2250
1700,150,2250
1400,160,2250
1410,160,2250
1420,160,2250
1430,160,2250
1440,160,2250
1450,160,2250
1460,160,2250
1470,160,2250
1480,160,2250
1490,160,2250
1500,160,2250
1510,160,2250
1520,160,2250
1530,160,2250
1540,160,2250
1550,160,2250
1560,160,2250
1570,160,2250
1580,160,2250
1590,160,2250
1600,160,2250
1610,160,2250
1620,160,2250
1630,160,2250
1640,160,2250
1650,160,2250
1660,160,2250
1670,160,2250
1680,160,2250
1690,160,2250
1700,160,2250
1400,170,2250
1410,170,2250
1420,170,2250
1430,170,2250
1440,170,2250
1450,170,2250
1460,170,2250
1470,170,2250
1480,170,2250
1490,170,2250
1500,170,2250
1510,170,2250
1520,170,2250
1530,170,2250
1540,170,2250
1550,170,2250
1560,170,2250
1570,170,2250
1580,170,2250
1590,170,2250
1600,170,2250
1610,170,2250
1620,170,2250
1630,170,2250
1640,170,2250
1650,170,2250
1660,170,2250
1670,170,2250
1680,170,2250
1690,170,2250
1700,170,2250
1400,180,2250
1410,180,2250
1420,180,2250
1430,180,2250
1440,180,2250
1450,180,2250
1460,180,2250
1470,180,2250
1480,180,2250
1490,180,2250
1500,180,2250
1510,180,2250
1520,180,2250
1530,180,2250
1540,180,2250
1550,180,2250
1560,180,2250
1570,180,2250
1580,180,2250
1590,180,2250
1600,180,2250
1610,180,2250
1620,180,2250
1630,180,2250
1640,180,2250
1650,180,2250
1660,180,2250
1670,180,2250
1680,180,2250
1690,180,2250
1700,180,2250
1400,190,2250
1410,190,2250
1420,190,2250
1430,190,2250
1440,190,2250
1450,190,2250
1460,190,2250
1470,190,2250
1480,190,2250
1490,190,2250
1500,190,2250
1510,190,2250
1520,190,2250
1530,190,2250
1540,190,2250
1550,190,2250
1560,190,2250
1570,190,2250
1580,190,2250
1590,190,2250
1600,190,2250
1610,190,2250
1620,190,2250
1630,190,2250
1640,190,2250
1650,190,2250
1660,190,2250
1670,190,2250
1680,190,2250
1690,190,2250
1700,190,2250
1400,200,2250
1410,200,2250
1420,200,2250
1430,200,2250
1440,200,2250
1450,200,2250
1460,200,2250
1470,200,2250
1480,200,2250
1490,200,2250
1500,200,2250
1510,200,2250
1520,200,2250
1530,200,2250
1540,200,2250
1550,200,2250
1560,200,2250
1570,200,2250
1580,200,2250
1590,200,2250
1600,200,2250
1610,200,2250
1620,200,2250
1630,200,2250
1640,200,2250
1650,200,2250
1660,200,2250
1670,200,2250
1680,200,2250
1690,200,2250
1700,200,2250
1400,210,2250
1410,210,2250
1420,210,2250
1430,210,2250
1440,210,2250
1450,210,2250
1460,210,2250
1470,210,2250
1480,210,2250
1490,210,2250
1500,210,2250
1510,210,2250
1520,210,2250
1530,210,2250
1540,210,2250
1550,210,2250
1560,210,2250
1570,210,2250
1580,210,2250
1590,210,2250
1600,210,2250
1610,210,2250
1620,210,2250
1630,210,2250
1640,210,2250
1650,210,2250
1660,210,2250
1670,210,2250
1680,210,2250
1690,210,2250
1700,210,2250
1400,220,2250
1410,220,2250
1420,220,2250
1430,220,2250
1440,220,2250
1450,220,2250
1460,220,2250
1470,220,2250
1480,220,2250
1490,220,2250
1500,220,2250
1510,220,2250
1520,220,2250
1530,220,2250
1540,220,2250
1550,220,2250
1560,220,2250
1570,220,2250
1580,220,2250
1590,220,2250
1600,220,2250
1610,220,2250
1620,220,2250
1630,220,2250
1640,220,2250
1650,220,2250
1660,220,2250
1670,220,2250
1680,220,2250
1690,220,2250
1700,220,2250
1400,230,2250
1410,230,2250
1420,230,2250
1430,230,2250
1440,230,2250
1450,230,2250
1460,230,2250
1470,230,2250
1480,230,2250
1490,230,2250
1500,230,2250
1510,230,2250
1520,230,2250
1530,230,2250
1540,230,2250
1550,230,2250
1560,230,2250
1570,230,2250
1580,230,2250
1590,230,2250
1600,230,2250
1610,230,2250
1620,230,2250
1630,230,2250
1640,230,2250
1650,230,2250
1660,230,2250
1670,230,2250
1680,230,2250
1690,230,2250
1700,230,2250
1400,240,2250
1410,240,2250
1420,240,2250
1430,240,2250
1440,240,2250
1450,240,2250
1460,240,2250
1470,240,2250
1480,240,2250
1490,240,2250
1500,240,2250
1510,240,2250
1520,240,2250
1530,240,2250
1540,240,2250
1550,240,2250
1560,240,2250
1570,240,2250
1580,240,2250
1590,240,2250
1600,240,2250
1610,240,2250
1620,240,2250
1630,240,2250
1640,240,2250
1650,240,2250
1660,240,2250
1670,240,2250
1680,240,2250
1690,240,2250
1700,240,2250
1400,250,2250
1410,250,2250
1420,250,2250
1430,250,2250
1440,250,2250
1450,250,2250
1460,250,2250
1470,250,2250
1480,250,2250
1490,250,2250
1500,250,2250
1510,250,2250
1520,250,2250
1530,250,2250
1540,250,2250
1550,250,2250
1560,250,2250
1570,250,2250
1580,250,2250
1590,250,2250
1600,250,2250
1610,250,2250
1620,250,2250
1630,250,2250
1640,250,2250
1650,250,2250
1660,250,2250
1670,250,2250
1680,250,2250
1690,250,2250
1700,250,2250
1400,50,2500
1410,50,2500
1420,50,2500
1430,50,2500
1440,50,2500
1450,50,2500
1460,50,2500
1470,50,2500
1480,50,2500
1490,50,2500
1500,50,2500
1510,50,2500
1520,50,2500
1530,50,2500
1540,50,2500
1550,50,2500
1560,50,2500
1570,50,2500
1580,50,2500
1590,50,2500
1600,50,2500
1610,50,2500
1620,50,2500
1630,50,2500
1640,50,2500
1650,50,2500
1660,50,2500
1670,50,2500
1680,50,2500
1690,50,2500
1700,50,2500
1400,60,2500
1410,60,2500
1420,60,2500
1430,60,2500
1440,60,2500
1450,60,2500
1460,60,2500
1470,60,2500
1480,60,2500
1490,60,2500
1500,60,2500
1510,60,2500
1520,60,2500
1530,60,2500
1540,60,2500
1550,60,2500
1560,60,2500
1570,60,2500
1580,60,2500
1590,60,2500
1600,60,2500
1610,60,2500
1620,60,2500
1630,60,2500
1640,60,2500
1650,60,2500
1660,60,2500
1670,60,2500
1680,60,2500
1690,60,2500
1700,60,2500
1400,70,2500
1410,70,2500
1420,70,2500
1430,70,2500
1440,70,2500
1450,70,2500
1460,70,2500
1470,70,2500
1480,70,2500
1490,70,2500
1500,70,2500
1510,70,2500
1520,70,2500
1530,70,2500
1540,70,2500
1550,70,2500
1560,70,2500
1570,70,2500
1580,70,2500
1590,70,2500
1600,70,2500
1610,70,2500
1620,70,2500
1630,70,2500
1640,70,2500
1650,70,2500
1660,70,2500
1670,70,2500
1680,70,2500
1690,70,2500
1700,70,2500
1400,80,2500
1410,80,2500
1420,80,2500
1430,80,2500
1440,80,2500
1450,80,2500
1460,80,2500
1470,80,2500
1480,80,2500
1490,80,2500
1500,80,2500
1510,80,2500
1520,80,2500
1530,80,2500
1540,80,2500
1550,80,2500
1560,80,2500
1570,80,2500
1580,80,2500
1590,80,2500
1600,80,2500
1610,80,2500
1620,80,2500
1630,80,2500
1640,80,2500
1650,80,2500
1660,80,2500
1670,80,2500
1680,80,2500
1690,80,2500
1700,80,2500
1400,90,2500
1410,90,2500
1420,90,2500
1430,90,2500
1440,90,2500
1450,90,2500
1460,90,2500
1470,90,2500
1480,90,2500
1490,90,2500
1500,90,2500
1510,90,2500
1520,90,2500
1530,90,2500
1540,90,2500
1550,90,2500
1560,90,2500
1570,90,2500
1580,90,2500
1590,90,2500
1600,90,2500
1610,90,2500
1620,90,2500
1630,90,2500
1640,90,2500
1650,90,2500
1660,90,2500
1670,90,2500
1680,90,2500
1690,90,2500
1700,90,2500
1400,100,2500
1410,100,2500
1420,100,2500
1430,100,2500
1440,100,2500
1450,100,2500
1460,100,2500
1470,100,2500
1480,100,2500
1490,100,2500
1500,100,2500
1510,100,2500
1520,100,2500
1530,100,2500
1540,100,2500
1550,100,2500
1560,100,2500
1570,100,2500
1580,100,2500
1590,100,2500
1600,100,2500
1610,100,2500
1620,100,2500
1630,100,2500
1640,100,2500
1650,100,2500
1660,100,2500
1670,100,2500
1680,100,2500
1690,100,2500
1700,100,2500
1400,110,2500
1410,110,2500
1420,110,2500
1430,110,2500
1440,110,2500
1450,110,2500
1460,110,2500
1470,110,2500
1480,110,2500
1490,110,2500
1500,110,2500
1510,110,2500
1520,110,2500
1530,110,2500
1540,110,2500
1550,110,2500
1560,110,2500
1570,110,2500
1580,110,2500
1590,110,2500
1600,110,2500
1610,110,2500
1620,110,2500
1630,110,2500
1640,110,2500
1650,110,2500
1660,110,2500
1670,110,2500
1680,110,2500
1690,110,2500
1700,110,2500
1400,120,2500
1410,120,2500
1420,120,2500
1430,120,2500
1440,120,2500
1450,120,2500
1460,120,2500
1470,120,2500
1480,120,2500
1490,120,2500
1500,120,2500
1510,120,2500
1520,120,2500
1530,120,2500
1540,120,2500
1550,120,2500
1560,120,2500
1570,120,2500
1580,120,2500
1590,120,2500
1600,120,2500
1610,120,2500
1620,120,2500
1630,120,2500
1640,120,2500
1650,120,2500
1660,120,2500
1670,120,2500
1680,120,2500
1690,120,2500
1700,120,2500
1400,130,2500
1410,130,2500
1420,130,2500
1430,130,2500
1440,130,2500
1450,130,2500
1460,130,2500
1470,130,2500
1480,130,2500
1490,130,2500
1500,130,2500
1510,130,2500
1520,130,2500
1530,130,2500
1540,130,2500
1550,130,2500
1560,130,2500
1570,130,2500
1580,130,2500
1590,130,2500
1600,130,2500
1610,130,2500
1620,130,2500
1630,130,2500
1640,130,2500
1650,130,2500
1660,130,2500
1670,130,2500
1680,130,2500
1690,130,2500
1700,130,2500
1400,140,2500
1410,140,2500
1420,140,2500
1430,140,2500
1440,140,2500
1450,140,2500
1460,140,2500
1470,140,2500
1480,140,2500
1490,140,2500
1500,140,2500
1510,140,2500
1520,140,2500
1530,140,2500
1540,140,2500
1550,140,2500
1560,140,2500
1570,140,2500
1580,140,2500
1590,140,2500
1600,140,2500
1610,140,2500
1620,140,2500
1630,140,2500
1640,140,2500
1650,140,2500
1660,140,2500
1670,140,2500
1680,140,2500
1690,140,2500
1700,140,2500
1400,150,2500
1410,150,2500
1420,150,2500
1430,150,2500
1440,150,2500
1450,150,2500
1460,150,2500
1470,150,2500
1480,150,2500
1490,150,2500
1500,150,2500
1510,150,2500
1520,150,2500
1530,150,2500
1540,150,2500
1550,150,2500
1560,150,2500
1570,150,2500
1580,150,2500
1590,150,2500
1600,150,2500
1610,150,2500
1620,150,2500
1630,150,2500
1640,150,2500
1650,150,2500
1660,150,2500
1670,150,2500
1680,150,2500
1690,150,2500
1700,150,2500
1400,160,2500
1410,160,2500
1420,160,2500
1430,160,2500
1440,160,2500
1450,160,2500
1460,160,2500
1470,160,2500
1480,160,2500
1490,160,2500
1500,160,2500
1510,160,2500
1520,160,2500
1530,160,2500
1540,160,2500
1550,160,2500
1560,160,2500
1570,160,2500
1580,160,2500
1590,160,2500
1600,160,2500
1610,160,2500
1620,160,2500
1630,160,2500
1640,160,2500
1650,160,2500
1660,160,2500
1670,160,2500
1680,160,2500
1690,160,2500
1700,160,2500
1400,170,2500
1410,170,2500
1420,170,2500
1430,170,2500
1440,170,2500
1450,170,2500
1460,170,2500
1470,170,2500
1480,170,2500
1490,170,2500
1500,170,2500
1510,170,2500
1520,170,2500
1530,170,2500
1540,170,2500
1550,170,2500
1560,170,2500
1570,170,2500
1580,170,2500
1590,170,2500
1600,170,2500
1610,170,2500
1620,170,2500
1630,170,2500
1640,170,2500
1650,170,2500
1660,170,2500
1670,170,2500
1680,170,2500
1690,170,2500
1700,170,2500
1400,180,2500
1410,180,2500
1420,180,2500
1430,180,2500
1440,180,2500
1450,180,2500
1460,180,2500
1470,180,2500
1480,180,2500
1490,180,2500
1500,180,2500
1510,180,2500
1520,180,2500
1530,180,2500
1540,180,2500
1550,180,2500
1560,180,2500
1570,180,2500
1580,180,2500
1590,180,2500
1600,180,2500
1610,180,2500
1620,180,2500
1630,180,2500
1640,180,2500
1650,180,2500
1660,180,2500
1670,180,2500
1680,180,2500
1690,180,2500
1700,180,2500
1400,190,2500
1410,190,2500
1420,190,2500
1430,190,2500
1440,190,2500
1450,190,2500
1460,190,2500
1470,190,2500
1480,190,2500
1490,190,2500
1500,190,2500
1510,190,2500
1520,190,2500
1530,190,2500
1540,190,2500
1550,190,2500
1560,190,2500
1570,190,2500
1580,190,2500
1590,190,2500
1600,190,2500
1610,190,2500
1620,190,2500
1630,190,2500
1640,190,2500
1650,190,2500
1660,190,2500
1670,190,2500
1680,190,2500
1690,190,2500
1700,190,2500
1400,200,2500
1410,200,2500
1420,200,2500
1430,200,2500
1440,200,2500
1450,200,2500
1460,200,2500
1470,200,2500
1480,200,2500
1490,200,2500
1500,200,2500
1510,200,2500
1520,200,2500
1530,200,2500
1540,200,2500
1550,200,2500
1560,200,2500
1570,200,2500
1580,200,2500
1590,200,2500
1600,200,2500
1610,200,2500
1620,200,2500
1630,200,2500
1640,200,2500
1650,200,2500
1660,200,2500
1670,200,2500
1680,200,2500
1690,200,2500
1700,200,2500
1400,210,2500
1410,210,2500
1420,210,2500
1430,210,2500
1440,210,2500
1450,210,2500
1460,210,2500
1470,210,2500
1480,210,2500
1490,210,2500
1500,210,2500
1510,210,2500
1520,210,2500
1530,210,2500
1540,210,2500
1550,210,2500
1560,210,2500
1570,210,2500
1580,210,2500
1590,210,2500
1600,210,2500
1610,210,2500
1620,210,2500
1630,210,2500
1640,210,2500
1650,210,2500
1660,210,2500
1670,210,2500
1680,210,2500
1690,210,2500
1700,210,2500
1400,220,2500
1410,220,2500
1420,220,2500
1430,220,2500
1440,220,2500
1450,220,2500
1460,220,2500
1470,220,2500
1480,220,2500
1490,220,2500
1500,220,2500
1510,220,2500
1520,220,2500
1530,220,2500
1540,220,2500
1550,220,2500
1560,220,2500
1570,220,2500
1580,220,2500
1590,220,2500
1600,220,2500
1610,220,2500
1620,220,2500
1630,220,2500
1640,220,2500
1650,220,2500
1660,220,2500
1670,220,2500
1680,220,2500
1690,220,2500
1700,220,2500
1400,230,2500
1410,230,2500
1420,230,2500
1430,230,2500
1440,230,2500
1450,230,2500
1460,230,2500
1470,230,2500
1480,230,2500
1490,230,2500
1500,230,2500
1510,230,2500
1520,230,2500
1530,230,2500
1540,230,2500
1550,230,2500
1560,230,2500
1570,230,2500
1580,230,2500
1590,230,2500
1600,230,2500
1610,230,2500
1620,230,2500
1630,230,2500
1640,230,2500
1650,230,2500
1660,230,2500
1670,230,2500
1680,230,2500
1690,230,2500
1700,230,2500
1400,240,2500
1410,240,2500
1420,240,2500
1430,240,2500
1440,240,2500
1450,240,2500
1460,240,2500
1470,240,2500
1480,240,2500
1490,240,2500
1500,240,2500
1510,240,2500
1520,240,2500
1530,240,2500
1540,240,2500
1550,240,2500
1560,240,2500
1570,240,2500
1580,240,2500
1590,240,2500
1600,240,2500
1610,240,2500
1620,240,2500
1630,240,2500
1640,240,2500
1650,240,2500
1660,240,2500
1670,240,2500
1680,240,2500
1690,240,2500
1700,240,2500
1400,250,2500
1410,250,2500
1420,250,2500
1430,250,2500
1440,250,2500
1450,250,2500
1460,250,2500
1470,250,2500
1480,250,2500
1490,250,2500
1500,250,2500
1510,250,2500
1520,250,2500
1530,250,2500
1540,250,2500
1550,250,2500
1560,250,2500
1570,250,2500
1580,250,2500
1590,250,2500
1600,250,2500
1610,250,2500
1620,250,2500
1630,250,2500
1640,250,2500
1650,250,2500
1660,250,2500
1670,250,2500
1680,250,2500
1690,250,2500
1700,250,2500
1400,50,2750
1410,50,2750
1420,50,2750
1430,50,2750
1440,50,2750
1450,50,2750
1460,50,2750
1470,50,2750
1480,50,2750
1490,50,2750
1500,50,2750
1510,50,2750
1520,50,2750
1530,50,2750
1540,50,2750
1550,50,2750
1560,50,2750
1570,50,2750
1580,50,2750
1590,50,2750
1600,50,2750
1610,50,2750
1620,50,2750
1630,50,2750
1640,50,2750
1650,50,2750
1660,50,2750
1670,50,2750
1680,50,2750
1690,50,2750
1700,50,2750
1400,60,2750
1410,60,2750
1420,60,2750
1430,60,2750
1440,60,2750
1450,60,2750
1460,60,2750
1470,60,2750
1480,60,2750
1490,60,2750
1500,60,2750
1510,60,2750
1520,60,2750
1530,60,2750
1540,60,2750
1550,60,2750
1560,60,2750
1570,60,2750
1580,60,2750
1590,60,2750
1600,60,2750
1610,60,2750
1620,60,2750
1630,60,2750
1640,60,2750
1650,60,2750
1660,60,2750
1670,60,2750
1680,60,2750
1690,60,2750
1700,60,2750
1400,70,2750
1410,70,2750
1420,70,2750
1430,70,2750
1440,70,2750
1450,70,2750
1460,70,2750
1470,70,2750
1480,70,2750
1490,70,2750
1500,70,2750
1510,70,2750
1520,70,2750
1530,70,2750
1540,70,2750
1550,70,2750
1560,70,2750
1570,70,2750
1580,70,2750
1590,70,2750
1600,70,2750
1610,70,2750
1620,70,2750
1630,70,2750
1640,70,2750
1650,70,2750
1660,70,2750
1670,70,2750
1680,70,2750
1690,70,2750
1700,70,2750
1400,80,2750
1410,80,2750
1420,80,2750
1430,80,2750
1440,80,2750
1450,80,2750
1460,80,2750
1470,80,2750
1480,80,2750
1490,80,2750
1500,80,2750
1510,80,2750
1520,80,2750
1530,80,2750
1540,80,2750
1550,80,2750
1560,80,2750
1570,80,2750
1580,80,2750
1590,80,2750
1600,80,2750
1610,80,2750
1620,80,2750
1630,80,2750
1640,80,2750
1650,80,2750
1660,80,2750
1670,80,2750
1680,80,2750
1690,80,2750
1700,80,2750
1400,90,2750
1410,90,2750
1420,90,2750
1430,90,2750
1440,90,2750
1450,90,2750
1460,90,2750
1470,90,2750
1480,90,2750
1490,90,2750
1500,90,2750
1510,90,2750
1520,90,2750
1530,90,2750
1540,90,2750
1550,90,2750
1560,90,2750
1570,90,2750
1580,90,2750
1590,90,2750
1600,90,2750
1610,90,2750
1620,90,2750
1630,90,2750
1640,90,2750
1650,90,2750
1660,90,2750
1670,90,2750
1680,90,2750
1690,90,2750
1700,90,2750
1400,100,2750
1410,100,2750
1420,100,2750
1430,100,2750
1440,100,2750
1450,100,2750
1460,100,2750
1470,100,2750
1480,100,2750
1490,100,2750
1500,100,2750
1510,100,2750
1520,100,2750
1530,100,2750
1540,100,2750
1550,100,2750
1560,100,2750
1570,100,2750
1580,100,2750
1590,100,2750
1600,100,2750
1610,100,2750
1620,100,2750
1630,100,2750
1640,100,2750
1650,100,2750
1660,100,2750
1670,100,2750
1680,100,2750
1690,100,2750
1700,100,2750
1400,110,2750
1410,110,2750
1420,110,2750
1430,110,2750
1440,110,2750
1450,110,2750
1460,110,2750
1470,110,2750
1480,110,2750
1490,110,2750
1500,110,2750
1510,110,2750
1520,110,2750
1530,110,2750
1540,110,2750
1550,110,2750
1560,110,2750
1570,110,2750
1580,110,2750
1590,110,2750
1600,110,2750
1610,110,2750
1620,110,2750
1630,110,2750
1640,110,2750
1650,110,2750
1660,110,2750
1670,110,2750
1680,110,2750
1690,110,2750
1700,110,2750
1400,120,2750
1410,120,2750
1420,120,2750
1430,120,2750
1440,120,2750
1450,120,2750
1460,120,2750
1470,120,2750
1480,120,2750
1490,120,2750
1500,120,2750
1510,120,2750
1520,120,2750
1530,120,2750
1540,120,2750
1550,120,2750
1560,120,2750
1570,120,2750
1580,120,2750
1590,120,2750
1600,120,2750
1610,120,2750
1620,120,2750
1630,120,2750
1640,120,2750
1650,120,2750
1660,120,2750
1670,120,2750
1680,120,2750
1690,120,2750
1700,120,2750
1400,130,2750
1410,130,2750
1420,130,2750
1430,130,2750
1440,130,2750
1450,130,2750
1460,130,2750
1470,130,2750
1480,130,2750
1490,130,2750
1500,130,2750
1510,130,2750
1520,130,2750
1530,130,2750
1540,130,2750
1550,130,2750
1560,130,2750
1570,130,2750
1580,130,2750
1590,130,2750
1600,130,2750
1610,130,2750
1620,130,2750
1630,130,2750
1640,130,2750
1650,130,2750
1660,130,2750
1670,130,2750
1680,130,2750
1690,130,2750
1700,130,2750
1400,140,2750
1410,140,2750
1420,140,2750
1430,140,2750
1440,140,2750
1450,140,2750
1460,140,2750
1470,140,2750
1480,140,2750
1490,140,2750
1500,140,2750
1510,140,2750
1520,140,2750
1530,140,2750
1540,140,2750
1550,140,2750
1560,140,2750
1570,140,2750
1580,140,2750
1590,140,2750
1600,140,2750
1610,140,2750
1620,140,2750
1630,140,2750
1640,140,2750
1650,140,2750
1660,140,2750
1670,140,2750
1680,140,2750
1690,140,2750
1700,140,2750
1400,150,2750
1410,150,2750
1420,150,2750
1430,150,2750
1440,150,2750
1450,150,2750
1460,150,2750
1470,150,2750
1480,150,2750
1490,150,2750
1500,150,2750
1510,150,2750
1520,150,2750
1530,150,2750
1540,150,2750
1550,150,2750
1560,150,2750
1570,150,2750
1580,150,2750
1590,150,2750
1600,150,2750
1610,150,2750
1620,150,2750
1630,150,2750
1640,150,2750
1650,150,2750
1660,150,2750
1670,150,2750
1680,150,2750
1690,150,2750
1700,150,2750
1400,160,2750
1410,160,2750
1420,160,2750
1430,160,2750
1440,160,2750
1450,160,2750
1460,160,2750
1470,160,2750
1480,160,2750
1490,160,2750
1500,160,2750
1510,160,2750
1520,160,2750
1530,160,2750
1540,160,2750
1550,160,2750
1560,160,2750
1570,160,2750
1580,160,2750
1590,160,2750
1600,160,2750
1610,160,2750
1620,160,2750
1630,160,2750
1640,160,2750
1650,160,2750
1660,160,2750
1670,160,2750
1680,160,2750
1690,160,2750
1700,160,2750
1400,170,2750
1410,170,2750
1420,170,2750
1430,170,2750
1440,170,2750
1450,170,2750
1460,170,2750
1470,170,2750
1480,170,2750
1490,170,2750
1500,170,2750
1510,170,2750
1520,170,2750
1530,170,2750
1540,170,2750
1550,170,2750
1560,170,2750
1570,170,2750
1580,170,2750
1590,170,2750
1600,170,2750
1610,170,2750
1620,170,2750
1630,170,2750
1640,170,2750
1650,170,2750
1660,170,2750
1670,170,2750
1680,170,2750
1690,170,2750
1700,170,2750
1400,180,2750
1410,180,2750
1420,180,2750
1430,180,2750
1440,180,2750
1450,180,2750
1460,180,2750
1470,180,2750
1480,180,2750
1490,180,2750
1500,180,2750
1510,180,2750
1520,180,2750
1530,180,2750
1540,180,2750
1550,180,2750
1560,180,2750
1570,180,2750
1580,180,2750
1590,180,2750
1600,180,2750
1610,180,2750
1620,180,2750
1630,180,2750
1640,180,2750
1650,180,2750
1660,180,2750
1670,180,2750
1680,180,2750
1690,180,2750
1700,180,2750
1400,190,2750
1410,190,2750
1420,190,2750
1430,190,2750
1440,190,2750
1450,190,2750
1460,190,2750
1470,190,2750
1480,190,2750
1490,190,2750
1500,190,2750
1510,190,2750
1520,190,2750
1530,190,2750
1540,190,2750
1550,190,2750
1560,190,2750
1570,190,2750
1580,190,2750
1590,190,2750
1600,190,2750
1610,190,2750
1620,190,2750
1630,190,2750
1640,190,2750
1650,190,2750
1660,190,2750
1670,190,2750
1680,190,2750
1690,190,2750
1700,190,2750
1400,200,2750
1410,200,2750
1420,200,2750
1430,200,2750
1440,200,2750
1450,200,2750
1460,200,2750
1470,200,2750
1480,200,2750
1490,200,2750
1500,200,2750
1510,200,2750
1520,200,2750
1530,200,2750
1540,200,2750
1550,200,2750
1560,200,2750
1570,200,2750
1580,200,2750
1590,200,2750
1600,200,2750
1610,200,2750
1620,200,2750
1630,200,2750
1640,200,2750
1650,200,2750
1660,200,2750
1670,200,2750
1680,200,2750
1690,200,2750
1700,200,2750
1400,210,2750
1410,210,2750
1420,210,2750
1430,210,2750
1440,210,2750
1450,210,2750
1460,210,2750
1470,210,2750
1480,210,2750
1490,210,2750
1500,210,2750
1510,210,2750
1520,210,2750
1530,210,2750
1540,210,2750
1550,210,2750
1560,210,2750
1570,210,2750
1580,210,2750
1590,210,2750
1600,210,2750
1610,210,2750
1620,210,2750
1630,210,2750
1640,210,2750
1650,210,2750
1660,210,2750
1670,210,2750
1680,210,2750
1690,210,2750
1700,210,2750
1400,220,2750
1410,220,2750
1420,220,2750
1430,220,2750
1440,220,2750
1450,220,2750
1460,220,2750
1470,220,2750
1480,220,2750
1490,220,2750
1500,220,2750
1510,220,2750
1520,220,2750
1530,220,2750
1540,220,2750
1550,220,2750
1560,220,2750
1570,220,2750
1580,220,2750
1590,220,2750
1600,220,2750
1610,220,2750
1620,220,2750
1630,220,2750
1640,220,2750
1650,220,2750
1660,220,2750
1670,220,2750
1680,220,2750
1690,220,2750
1700,220,2750
1400,230,2750
1410,230,2750
1420,230,2750
1430,230,2750
1440,230,2750
1450,230,2750
1460,230,2750
1470,230,2750
1480,230,2750
1490,230,2750
1500,230,2750
1510,230,2750
1520,230,2750
1530,230,2750
1540,230,2750
1550,230,2750
1560,230,2750
1570,230,2750
1580,230,2750
1590,230,2750
1600,230,2750
1610,230,2750
1620,230,2750
1630,230,2750
1640,230,2750
1650,230,2750
1660,230,2750
1670,230,2750
1680,230,2750
1690,230,2750
1700,230,2750
1400,240,2750
1410,240,2750
1420,240,2750
1430,240,2750
1440,240,2750
1450,240,2750
1460,240,2750
1470,240,2750
1480,240,2750
1490,240,2750
1500,240,2750
1510,240,2750
1520,240,2750
1530,240,2750
1540,240,2750
1550,240,2750
1560,240,2750
1570,240,2750
1580,240,2750
1590,240,2750
1600,240,2750
1610,240,2750
1620,240,2750
1630,240,2750
1640,240,2750
1650,240,2750
1660,240,2750
1670,240,2750
1680,240,2750
1690,240,2750
1700,240,2750
1400,250,2750
1410,250,2750
1420,250,2750
1430,250,2750
1440,250,2750
1450,250,2750
1460,250,2750
1470,250,2750
1480,250,2750
1490,250,2750
1500,250,2750
1510,250,2750
1520,250,2750
1530,250,2750
1540,250,2750
1550,250,2750
1560,250,2750
1570,250,2750
1580,250,2750
1590,250,2750
1600,250,2750
1610,250,2750
1620,250,2750
1630,250,2750
1640,250,2750
1650,250,2750
1660,250,2750
1670,250,2750
1680,250,2750
1690,250,2750
1700,250,2750
1400,50,3000
1410,50,3000
1420,50,3000
1430,50,3000
1440,50,3000
1450,50,3000
1460,50,3000
1470,50,3000
1480,50,3000
1490,50,3000
1500,50,3000
1510,50,3000
1520,50,3000
1530,50,3000
1540,50,3000
1550,50,3000
1560,50,3000
1570,50,3000
1580,50,3000
1590,50,3000
1600,50,3000
1610,50,3000
1620,50,3000
1630,50,3000
1640,50,3000
1650,50,3000
1660,50,3000
1670,50,3000
1680,50,3000
1690,50,3000
1700,50,3000
1400,60,3000
1410,60,3000
1420,60,3000
1430,60,3000
1440,60,3000
1450,60,3000
1460,60,3000
1470,60,3000
1480,60,3000
1490,60,3000
1500,60,3000
1510,60,3000
1520,60,3000
1530,60,3000
1540,60,3000
1550,60,3000
1560,60,3000
1570,60,3000
1580,60,3000
1590,60,3000
1600,60,3000
1610,60,3000
1620,60,3000
1630,60,3000
1640,60,3000
1650,60,3000
1660,60,3000
1670,60,3000
1680,60,3000
1690,60,3000
1700,60,3000
1400,70,3000
1410,70,3000
1420,70,3000
1430,70,3000
1440,70,3000
1450,70,3000
1460,70,3000
1470,70,3000
1480,70,3000
1490,70,3000
1500,70,3000
1510,70,3000
1520,70,3000
1530,70,3000
1540,70,3000
1550,70,3000
1560,70,3000
1570,70,3000
1580,70,3000
1590,70,3000
1600,70,3000
1610,70,3000
1620,70,3000
1630,70,3000
1640,70,3000
1650,70,3000
1660,70,3000
1670,70,3000
1680,70,3000
1690,70,3000
1700,70,3000
1400,80,3000
1410,80,3000
1420,80,3000
1430,80,3000
1440,80,3000
1450,80,3000
1460,80,3000
1470,80,3000
1480,80,3000
1490,80,3000
1500,80,3000
1510,80,3000
1520,80,3000
1530,80,3000
1540,80,3000
1550,80,3000
1560,80,3000
1570,80,3000
1580,80,3000
1590,80,3000
1600,80,3000
1610,80,3000
1620,80,3000
1630,80,3000
1640,80,3000
1650,80,3000
1660,80,3000
1670,80,3000
1680,80,3000
1690,80,3000
1700,80,3000
1400,90,3000
1410,90,3000
1420,90,3000
1430,90,3000
1440,90,3000
1450,90,3000
1460,90,3000
1470,90,3000
1480,90,3000
1490,90,3000
1500,90,3000
1510,90,3000
1520,90,3000
1530,90,3000
1540,90,3000
1550,90,3000
1560,90,3000
1570,90,3000
1580,90,3000
1590,90,3000
1600,90,3000
1610,90,3000
1620,90,3000
1630,90,3000
1640,90,3000
1650,90,3000
1660,90,3000
1670,90,3000
1680,90,3000
1690,90,3000
1700,90,3000
1400,100,3000
1410,100,3000
1420,100,3000
1430,100,3000
1440,100,3000
1450,100,3000
1460,100,3000
1470,100,3000
1480,100,3000
1490,100,3000
1500,100,3000
1510,100,3000
1520,100,3000
1530,100,3000
1540,100,3000
1550,100,3000
1560,100,3000
1570,100,3000
1580,100,3000
1590,100,3000
1600,100,3000
1610,100,3000
1620,100,3000
1630,100,3000
1640,100,3000
1650,100,3000
1660,100,3000
1670,100,3000
1680,100,3000
1690,100,3000
1700,100,3000
1400,110,3000
1410,110,3000
1420,110,3000
1430,110,3000
1440,110,3000
1450,110,3000
1460,110,3000
1470,110,3000
1480,110,3000
1490,110,3000
1500,110,3000
1510,110,3000
1520,110,3000
1530,110,3000
1540,110,3000
1550,110,3000
1560,110,3000
1570,110,3000
1580,110,3000
1590,110,3000
1600,110,3000
1610,110,3000
1620,110,3000
1630,110,3000
1640,110,3000
1650,110,3000
1660,110,3000
1670,110,3000
1680,110,3000
1690,110,3000
1700,110,3000
1400,120,3000
1410,120,3000
1420,120,3000
1430,120,3000
1440,120,3000
1450,120,3000
1460,120,3000
1470,120,3000
1480,120,3000
1490,120,3000
1500,120,3000
1510,120,3000
1520,120,3000
1530,120,3000
1540,120,3000
1550,120,3000
1560,120,3000
1570,120,3000
1580,120,3000
1590,120,3000
1600,120,3000
1610,120,3000
1620,120,3000
1630,120,3000
1640,120,3000
1650,120,3000
1660,120,3000
1670,120,3000
1680,120,3000
1690,120,3000
1700,120,3000
1400,130,3000
1410,130,3000
1420,130,3000
1430,130,3000
1440,130,3000
1450,130,3000
1460,130,3000
1470,130,3000
1480,130,3000
1490,130,3000
1500,130,3000
1510,130,3000
1520,130,3000
1530,130,3000
1540,130,3000
1550,130,3000
1560,130,3000
1570,130,3000
1580,130,3000
1590,130,3000
1600,130,3000
1610,130,3000
1620,130,3000
1630,130,3000
1640,130,3000
1650,130,3000
1660,130,3000
1670,130,3000
1680,130,3000
1690,130,3000
1700,130,3000
1400,140,3000
1410,140,3000
1420,140,3000
1430,140,3000
1440,140,3000
1450,140,3000
1460,140,3000
1470,140,3000
1480,140,3000
1490,140,3000
1500,140,3000
1510,140,3000
1520,140,3000
1530,140,3000
1540,140,3000
1550,140,3000
1560,140,3000
1570,140,3000
1580,140,3000
1590,140,3000
1600,140,3000
1610,140,3000
1620,140,3000
1630,140,3000
1640,140,3000
1650,140,3000
1660,140,3000
1670,140,3000
1680,140,3000
1690,140,3000
1700,140,3000
1400,150,3000
1410,150,3000
1420,150,3000
1430,150,3000
1440,150,3000
1450,150,3000
1460,150,3000
1470,150,3000
1480,150,3000
1490,150,3000
1500,150,3000
1510,150,3000
1520,150,3000
1530,150,3000
1540,150,3000
1550,150,3000
1560,150,3000
1570,150,3000
1580,150,3000
1590,150,3000
1600,150,3000
1610,150,3000
1620,150,3000
1630,150,3000
1640,150,3000
1650,150,3000
1660,150,3000
1670,150,3000
1680,150,3000
1690,150,3000
1700,150,3000
1400,160,3000
1410,160,3000
1420,160,3000
1430,160,3000
1440,160,3000
1450,160,3000
1460,160,3000
1470,160,3000
1480,160,3000
1490,160,3000
1500,160,3000
1510,160,3000
1520,160,3000
1530,160,3000
1540,160,3000
1550,160,3000
1560,160,3000
1570,160,3000
1580,160,3000
1590,160,3000
1600,160,3000
1610,160,3000
1620,160,3000
1630,160,3000
1640,160,3000
1650,160,3000
1660,160,3000
1670,160,3000
1680,160,3000
1690,160,3000
1700,160,3000
1400,170,3000
1410,170,3000
1420,170,3000
1430,170,3000
1440,170,3000
1450,170,3000
1460,170,3000
1470,170,3000
1480,170,3000
1490,170,3000
1500,170,3000
1510,170,3000
1520,170,3000
1530,170,3000
1540,170,3000
1550,170,3000
1560,170,3000
1570,170,3000
1580,170,3000
1590,170,3000
1600,170,3000
1610,170,3000
1620,170,3000
1630,170,3000
1640,170,3000
1650,170,3000
1660,170,3000
1670,170,3000
1680,170,3000
1690,170,3000
1700,170,3000
1400,180,3000
1410,180,3000
1420,180,3000
1430,180,3000
1440,180,3000
1450,180,3000
1460,180,3000
1470,180,3000
1480,180,3000
1490,180,3000
1500,180,3000
1510,180,3000
1520,180,3000
1530,180,3000
1540,180,3000
1550,180,3000
1560,180,3000
1570,180,3000
1580,180,3000
1590,180,3000
1600,180,3000
1610,180,3000
1620,180,3000
1630,180,3000
1640,180,3000
1650,180,3000
1660,180,3000
1670,180,3000
1680,180,3000
1690,180,3000
1700,180,3000
1400,190,3000
1410,190,3000
1420,190,3000
1430,190,3000
1440,190,3000
1450,190,3000
1460,190,3000
1470,190,3000
1480,190,3000
1490,190,3000
1500,190,3000
1510,190,3000
1520,190,3000
1530,190,3000
1540,190,3000
1550,190,3000
1560,190,3000
1570,190,3000
1580,190,3000
1590,190,3000
1600,190,3000
1610,190,3000
1620,190,3000
1630,190,3000
1640,190,3000
1650,190,3000
1660,190,3000
1670,190,3000
1680,190,3000
1690,190,3000
1700,190,3000
1400,200,3000
1410,200,3000
1420,200,3000
1430,200,3000
1440,200,3000
1450,200,3000
1460,200,3000
1470,200,3000
1480,200,3000
1490,200,3000
1500,200,3000
1510,200,3000
1520,200,3000
1530,200,3000
1540,200,3000
1550,200,3000
1560,200,3000
1570,200,3000
1580,200,3000
1590,200,3000
1600,200,3000
1610,200,3000
1620,200,3000
1630,200,3000
1640,200,3000
1650,200,3000
1660,200,3000
1670,200,3000
1680,200,3000
1690,200,3000
1700,200,3000
1400,210,3000
1410,210,3000
1420,210,3000
1430,210,3000
1440,210,3000
1450,210,3000
1460,210,3000
1470,210,3000
1480,210,3000
1490,210,3000
1500,210,3000
1510,210,3000
1520,210,3000
1530,210,3000
1540,210,3000
1550,210,3000
1560,210,3000
1570,210,3000
1580,210,3000
1590,210,3000
1600,210,3000
1610,210,3000
1620,210,3000
1630,210,3000
1640,210,3000
1650,210,3000
1660,210,3000
1670,210,3000
1680,210,3000
1690,210,3000
1700,210,3000
1400,220,3000
1410,220,3000
1420,220,3000
1430,220,3000
1440,220,3000
1450,220,3000
1460,220,3000
1470,220,3000
1480,220,3000
1490,220,3000
1500,220,3000
1510,220,3000
1520,220,3000
1530,220,3000
1540,220,3000
1550,220,3000
1560,220,3000
1570,220,3000
1580,220,3000
1590,220,3000
1600,220,3000
1610,220,3000
1620,220,3000
1630,220,3000
1640,220,3000
1650,220,3000
1660,220,3000
1670,220,3000
1680,220,3000
1690,220,3000
1700,220,3000
1400,230,3000
1410,230,3000
1420,230,3000
1430,230,3000
1440,230,3000
1450,230,3000
1460,230,3000
1470,230,3000
1480,230,3000
1490,230,3000
1500,230,3000
1510,230,3000
1520,230,3000
1530,230,3000
1540,230,3000
1550,230,3000
1560,230,3000
1570,230,3000
1580,230,3000
1590,230,3000
1600,230,3000
1610,230,3000
1620,230,3000
1630,230,3000
1640,230,3000
1650,230,3000
1660,230,3000
1670,230,3000
1680,230,3000
1690,230,3000
1700,230,3000
1400,240,3000
1410,240,3000
1420,240,3000
1430,240,3000
1440,240,3000
1450,240,3000
1460,240,3000
1470,240,3000
1480,240,3000
1490,240,3000
1500,240,3000
1510,240,3000
1520,240,3000
1530,240,3000
1540,240,3000
1550,240,3000
1560,240,3000
1570,240,3000
1580,240,3000
1590,240,3000
1600,240,3000
1610,240,3000
1620,240,3000
1630,240,3000
1640,240,3000
1650,240,3000
1660,240,3000
1670,240,3000
1680,240,3000
1690,240,3000
1700,240,3000
1400,250,3000
1410,250,3000
1420,250,3000
1430,250,3000
1440,250,3000
1450,250,3000
1460,250,3000
1470,250,3000
1480,250,3000
1490,250,3000
1500,250,3000
1510,250,3000
1520,250,3000
1530,250,3000
1540,250,3000
1550,250,3000
1560,250,3000
1570,250,3000
1580,250,3000
1590,250,3000
1600,250,3000
1610,250,3000
1620,250,3000
1630,250,3000
1640,250,3000
1650,250,3000
1660,250,3000
1670,250,3000
1680,250,3000
1690,250,3000
1700,250,3000
1400,50,3250
1410,50,3250
1420,50,3250
1430,50,3250
1440,50,3250
1450,50,3250
1460,50,3250
1470,50,3250
1480,50,3250
1490,50,3250
1500,50,3250
1510,50,3250
1520,50,3250
1530,50,3250
1540,50,3250
1550,50,3250
1560,50,3250
1570,50,3250
1580,50,3250
1590,50,3250
1600,50,3250
1610,50,3250
1620,50,3250
1630,50,3250
1640,50,3250
1650,50,3250
1660,50,3250
1670,50,3250
1680,50,3250
1690,50,3250
1700,50,3250
1400,60,3250
1410,60,3250
1420,60,3250
1430,60,3250
1440,60,3250
1450,60,3250
1460,60,3250
1470,60,3250
1480,60,3250
1490,60,3250
1500,60,3250
1510,60,3250
1520,60,3250
1530,60,3250
1540,60,3250
1550,60,3250
1560,60,3250
1570,60,3250
1580,60,3250
1590,60,3250
1600,60,3250
1610,60,3250
1620,60,3250
1630,60,3250
1640,60,3250
1650,60,3250
1660,60,3250
1670,60,3250
1680,60,3250
1690,60,3250
1700,60,3250
1400,70,3250
1410,70,3250
1420,70,3250
1430,70,3250
1440,70,3250
1450,70,3250
1460,70,3250
1470,70,3250
1480,70,3250
1490,70,3250
1500,70,3250
1510,70,3250
1520,70,3250
1530,70,3250
1540,70,3250
1550,70,3250
1560,70,3250
1570,70,3250
1580,70,3250
1590,70,3250
1600,70,3250
1610,70,3250
1620,70,3250
1630,70,3250
1640,70,3250
1650,70,3250
1660,70,3250
1670,70,3250
1680,70,3250
1690,70,3250
1700,70,3250
1400,80,3250
1410,80,3250
1420,80,3250
1430,80,3250
1440,80,3250
1450,80,3250
1460,80,3250
1470,80,3250
1480,80,3250
1490,80,3250
1500,80,3250
1510,80,3250
1520,80,3250
1530,80,3250
1540,80,3250
1550,80,3250
1560,80,3250
1570,80,3250
1580,80,3250
1590,80,3250
1600,80,3250
1610,80,3250
1620,80,3250
1630,80,3250
1640,80,3250
1650,80,3250
1660,80,3250
1670,80,3250
1680,80,3250
1690,80,3250
1700,80,3250
1400,90,3250
1410,90,3250
1420,90,3250
1430,90,3250
1440,90,3250
1450,90,3250
1460,90,3250
1470,90,3250
1480,90,3250
1490,90,3250
1500,90,3250
1510,90,3250
1520,90,3250
1530,90,3250
1540,90,3250
1550,90,3250
1560,90,3250
1570,90,3250
1580,90,3250
1590,90,3250
1600,90,3250
1610,90,3250
1620,90,3250
1630,90,3250
1640,90,3250
1650,90,3250
1660,90,3250
1670,90,3250
1680,90,3250
1690,90,3250
1700,90,3250
1400,100,3250
1410,100,3250
1420,100,3250
1430,100,3250
1440,100,3250
1450,100,3250
1460,100,3250
1470,100,3250
1480,100,3250
1490,100,3250
1500,100,3250
1510,100,3250
1520,100,3250
1530,100,3250
1540,100,3250
1550,100,3250
1560,100,3250
1570,100,3250
1580,100,3250
1590,100,3250
1600,100,3250
1610,100,3250
1620,100,3250
1630,100,3250
1640,100,3250
1650,100,3250
1660,100,3250
1670,100,3250
1680,100,3250
1690,100,3250
1700,100,3250
1400,110,3250
1410,110,3250
1420,110,3250
1430,110,3250
1440,110,3250
1450,110,3250
1460,110,3250
1470,110,3250
1480,110,3250
1490,110,3250
1500,110,3250
1510,110,3250
1520,110,3250
1530,110,3250
1540,110,3250
1550,110,3250
1560,110,3250
1570,110,3250
1580,110,3250
1590,110,3250
1600,110,3250
1610,110,3250
1620,110,3250
1630,110,3250
1640,110,3250
1650,110,3250
1660,110,3250
1670,110,3250
1680,110,3250
1690,110,3250
1700,110,3250
1400,120,3250
1410,120,3250
1420,120,3250
1430,120,3250
1440,120,3250
1450,120,3250
1460,120,3250
1470,120,3250
1480,120,3250
1490,120,3250
1500,120,3250
1510,120,3250
1520,120,3250
1530,120,3250
1540,120,3250
1550,120,3250
1560,120,3250
1570,120,3250
1580,120,3250
1590,120,3250
1600,120,3250
1610,120,3250
1620,120,3250
1630,120,3250
1640,120,3250
1650,120,3250
1660,120,3250
1670,120,3250
1680,120,3250
1690,120,3250
1700,120,3250
1400,130,3250
1410,130,3250
1420,130,3250
1430,130,3250
1440,130,3250
1450,130,3250
1460,130,3250
1470,130,3250
1480,130,3250
1490,130,3250
1500,130,3250
1510,130,3250
1520,130,3250
1530,130,3250
1540,130,3250
1550,130,3250
1560,130,3250
1570,130,3250
1580,130,3250
1590,130,3250
1600,130,3250
1610,130,3250
1620,130,3250
1630,130,3250
1640,130,3250
1650,130,3250
1660,130,3250
1670,130,3250
1680,130,3250
1690,130,3250
1700,130,3250
1400,140,3250
1410,140,3250
1420,140,3250
1430,140,3250
1440,140,3250
1450,140,3250
1460,140,3250
1470,140,3250
1480,140,3250
1490,140,3250
1500,140,3250
1510,140,3250
1520,140,3250
1530,140,3250
1540,140,3250
1550,140,3250
1560,140,3250
1570,140,3250
1580,140,3250
1590,140,3250
1600,140,3250
1610,140,3250
1620,140,3250
1630,140,3250
1640,140,3250
1650,140,3250
1660,140,3250
1670,140,3250
1680,140,3250
1690,140,3250
1700,140,3250
1400,150,3250
1410,150,3250
1420,150,3250
1430,150,3250
1440,150,3250
1450,150,3250
1460,150,3250
1470,150,3250
1480,150,3250
1490,150,3250
1500,150,3250
1510,150,3250
1520,150,3250
1530,150,3250
1540,150,3250
1550,150,3250
1560,150,3250
1570,150,3250
1580,150,3250
1590,150,3250
1600,150,3250
1610,150,3250
1620,150,3250
1630,150,3250
1640,150,3250
1650,150,3250
1660,150,3250
1670,150,3250
1680,150,3250
1690,150,3250
1700,150,3250
1400,160,3250
1410,160,3250
1420,160,3250
1430,160,3250
1440,160,3250
1450,160,3250
1460,160,3250
1470,160,3250
1480,160,3250
1490,160,3250
1500,160,3250
1510,160,3250
1520,160,3250
1530,160,3250
1540,160,3250
1550,160,3250
1560,160,3250
1570,160,3250
1580,160,3250
1590,160,3250
1600,160,3250
1610,160,3250
1620,160,3250
1630,160,3250
1640,160,3250
1650,160,3250
1660,160,3250
1670,160,3250
1680,160,3250
1690,160,3250
1700,160,3250
1400,170,3250
1410,170,3250
1420,170,3250
1430,170,3250
1440,170,3250
1450,170,3250
1460,170,3250
1470,170,3250
1480,170,3250
1490,170,3250
1500,170,3250
1510,170,3250
1520,170,3250
1530,170,3250
1540,170,3250
1550,170,3250
1560,170,3250
1570,170,3250
1580,170,3250
1590,170,3250
1600,170,3250
1610,170,3250
1620,170,3250
1630,170,3250
1640,170,3250
1650,170,3250
1660,170,3250
1670,170,3250
1680,170,3250
1690,170,3250
1700,170,3250
1400,180,3250
1410,180,3250
1420,180,3250
1430,180,3250
1440,180,3250
1450,180,3250
1460,180,3250
1470,180,3250
1480,180,3250
1490,180,3250
1500,180,3250
1510,180,3250
1520,180,3250
1530,180,3250
1540,180,3250
1550,180,3250
1560,180,3250
1570,180,3250
1580,180,3250
1590,180,3250
1600,180,3250
1610,180,3250
1620,180,3250
1630,180,3250
1640,180,3250
1650,180,3250
1660,180,3250
1670,180,3250
1680,180,3250
1690,180,3250
1700,180,3250
1400,190,3250
1410,190,3250
1420,190,3250
1430,190,3250
1440,190,3250
1450,190,3250
1460,190,3250
1470,190,3250
1480,190,3250
1490,190,3250
1500,190,3250
1510,190,3250
1520,190,3250
1530,190,3250
1540,190,3250
1550,190,3250
1560,190,3250
1570,190,3250
1580,190,3250
1590,190,3250
1600,190,3250
1610,190,3250
1620,190,3250
1630,190,3250
1640,190,3250
1650,190,3250
1660,190,3250
1670,190,3250
1680,190,3250
1690,190,3250
1700,190,3250
1400,200,3250
1410,200,3250
1420,200,3250
1430,200,3250
1440,200,3250
1450,200,3250
1460,200,3250
1470,200,3250
1480,200,3250
1490,200,3250
1500,200,3250
1510,200,3250
1520,200,3250
1530,200,3250
1540,200,3250
1550,200,3250
1560,200,3250
1570,200,3250
1580,200,3250
1590,200,3250
1600,200,3250
1610,200,3250
1620,200,3250
1630,200,3250
1640,200,3250
1650,200,3250
1660,200,3250
1670,200,3250
1680,200,3250
1690,200,3250
1700,200,3250
1400,210,3250
1410,210,3250
1420,210,3250
1430,210,3250
1440,210,3250
1450,210,3250
1460,210,3250
1470,210,3250
1480,210,3250
1490,210,3250
1500,210,3250
1510,210,3250
1520,210,3250
1530,210,3250
1540,210,3250
1550,210,3250
1560,210,3250
1570,210,3250
1580,210,3250
1590,210,3250
1600,210,3250
1610,210,3250
1620,210,3250
1630,210,3250
1640,210,3250
1650,210,3250
1660,210,3250
1670,210,3250
1680,210,3250
1690,210,3250
1700,210,3250
1400,220,3250
1410,220,3250
1420,220,3250
1430,220,3250
1440,220,3250
1450,220,3250
1460,220,3250
1470,220,3250
1480,220,3250
1490,220,3250
1500,220,3250
1510,220,3250
1520,220,3250
1530,220,3250
1540,220,3250
1550,220,3250
1560,220,3250
1570,220,3250
1580,220,3250
1590,220,3250
1600,220,3250
1610,220,3250
1620,220,3250
1630,220,3250
1640,220,3250
1650,220,3250
1660,220,3250
1670,220,3250
1680,220,3250
1690,220,3250
1700,220,3250
1400,230,3250
1410,230,3250
1420,230,3250
1430,230,3250
1440,230,3250
1450,230,3250
1460,230,3250
1470,230,3250
1480,230,3250
1490,230,3250
1500,230,3250
1510,230,3250
1520,230,3250
1530,230,3250
1540,230,3250
1550,230,3250
1560,230,3250
1570,230,3250
1580,230,3250
1590,230,3250
1600,230,3250
1610,230,3250
1620,230,3250
1630,230,3250
1640,230,3250
1650,230,3250
1660,230,3250
1670,230,3250
1680,230,3250
1690,230,3250
1700,230,3250
1400,240,3250
1410,240,3250
1420,240,3250
1430,240,3250
1440,240,3250
1450,240,3250
1460,240,3250
1470,240,3250
1480,240,3250
1490,240,3250
1500,240,3250
1510,240,3250
1520,240,3250
1530,240,3250
1540,240,3250
1550,240,3250
1560,240,3250
1570,240,3250
1580,240,3250
1590,240,3250
1600,240,3250
1610,240,3250
1620,240,3250
1630,240,3250
1640,240,3250
1650,240,3250
1660,240,3250
1670,240,3250
1680,240,3250
1690,240,3250
1700,240,3250
1400,250,3250
1410,250,3250
1420,250,3250
1430,250,3250
1440,250,3250
1450,250,3250
1460,250,3250
1470,250,3250
1480,250,3250
1490,250,3250
1500,250,3250
1510,250,3250
1520,250,3250
1530,250,3250
1540,250,3250
1550,250,3250
1560,250,3250
1570,250,3250
1580,250,3250
1590,250,3250
1600,250,3250
1610,250,3250
1620,250,3250
1630,250,3250
1640,250,3250
1650,250,3250
1660,250,3250
1670,250,3250
1680,250,3250
1690,250,3250
1700,250,3250
1400,50,3500
1410,50,3500
1420,50,3500
1430,50,3500
1440,50,3500
1450,50,3500
1460,50,3500
1470,50,3500
1480,50,3500
1490,50,3500
1500,50,3500
1510,50,3500
1520,50,3500
1530,50,3500
1540,50,3500
1550,50,3500
1560,50,3500
1570,50,3500
1580,50,3500
1590,50,3500
1600,50,3500
1610,50,3500
1620,50,3500
1630,50,3500
1640,50,3500
1650,50,3500
1660,50,3500
1670,50,3500
1680,50,3500
1690,50,3500
1700,50,3500
1400,60,3500
1410,60,3500
1420,60,3500
1430,60,3500
1440,60,3500
1450,60,3500
1460,60,3500
1470,60,3500
1480,60,3500
1490,60,3500
1500,60,3500
1510,60,3500
1520,60,3500
1530,60,3500
1540,60,3500
1550,60,3500
1560,60,3500
1570,60,3500
1580,60,3500
1590,60,3500
1600,60,3500
1610,60,3500
1620,60,3500
1630,60,3500
1640,60,3500
1650,60,3500
1660,60,3500
1670,60,3500
1680,60,3500
1690,60,3500
1700,60,3500
1400,70,3500
1410,70,3500
1420,70,3500
1430,70,3500
1440,70,3500
1450,70,3500
1460,70,3500
1470,70,3500
1480,70,3500
1490,70,3500
1500,70,3500
1510,70,3500
1520,70,3500
1530,70,3500
1540,70,3500
1550,70,3500
1560,70,3500
1570,70,3500
1580,70,3500
1590,70,3500
1600,70,3500
1610,70,3500
1620,70,3500
1630,70,3500
1640,70,3500
1650,70,3500
1660,70,3500
1670,70,3500
1680,70,3500
1690,70,3500
1700,70,3500
1400,80,3500
1410,80,3500
1420,80,3500
1430,80,3500
1440,80,3500
1450,80,3500
1460,80,3500
1470,80,3500
1480,80,3500
1490,80,3500
1500,80,3500
1510,80,3500
1520,80,3500
1530,80,3500
1540,80,3500
1550,80,3500
1560,80,3500
1570,80,3500
1580,80,3500
1590,80,3500
1600,80,3500
1610,80,3500
1620,80,3500
1630,80,3500
1640,80,3500
1650,80,3500
1660,80,3500
1670,80,3500
1680,80,3500
1690,80,3500
1700,80,3500
1400,90,3500
1410,90,3500
1420,90,3500
1430,90,3500
1440,90,3500
1450,90,3500
1460,90,3500
1470,90,3500
1480,90,3500
1490,90,3500
1500,90,3500
1510,90,3500
1520,90,3500
1530,90,3500
1540,90,3500
1550,90,3500
1560,90,3500
1570,90,3500
1580,90,3500
1590,90,3500
1600,90,3500
1610,90,3500
1620,90,3500
1630,90,3500
1640,90,3500
1650,90,3500
1660,90,3500
1670,90,3500
1680,90,3500
1690,90,3500
1700,90,3500
1400,100,3500
1410,100,3500
1420,100,3500
1430,100,3500
1440,100,3500
1450,100,3500
1460,100,3500
1470,100,3500
1480,100,3500
1490,100,3500
1500,100,3500
1510,100,3500
1520,100,3500
1530,100,3500
1540,100,3500
1550,100,3500
1560,100,3500
1570,100,3500
1580,100,3500
1590,100,3500
1600,100,3500
1610,100,3500
1620,100,3500
1630,100,3500
1640,100,3500
1650,100,3500
1660,100,3500
1670,100,3500
1680,100,3500
1690,100,3500
1700,100,3500
1400,110,3500
1410,110,3500
1420,110,3500
1430,110,3500
1440,110,3500
1450,110,3500
1460,110,3500
1470,110,3500
1480,110,3500
1490,110,3500
1500,110,3500
1510,110,3500
1520,110,3500
1530,110,3500
1540,110,3500
1550,110,3500
1560,110,3500
1570,110,3500
1580,110,3500
1590,110,3500
1600,110,3500
1610,110,3500
1620,110,3500
1630,110,3500
1640,110,3500
1650,110,3500
1660,110,3500
1670,110,3500
1680,110,3500
1690,110,3500
1700,110,3500
1400,120,3500
1410,120,3500
1420,120,3500
1430,120,3500
1440,120,3500
1450,120,3500
1460,120,3500
1470,120,3500
1480,120,3500
1490,120,3500
1500,120,3500
1510,120,3500
1520,120,3500
1530,120,3500
1540,120,3500
1550,120,3500
1560,120,3500
1570,120,3500
1580,120,3500
1590,120,3500
1600,120,3500
1610,120,3500
1620,120,3500
1630,120,3500
1640,120,3500
1650,120,3500
1660,120,3500
1670,120,3500
1680,120,3500
1690,120,3500
1700,120,3500
1400,130,3500
1410,130,3500
1420,130,3500
1430,130,3500
1440,130,3500
1450,130,3500
1460,130,3500
1470,130,3500
1480,130,3500
1490,130,3500
1500,130,3500
1510,130,3500
1520,130,3500
1530,130,3500
1540,130,3500
1550,130,3500
1560,130,3500
1570,130,3500
1580,130,3500
1590,130,3500
1600,130,3500
1610,130,3500
1620,130,3500
1630,130,3500
1640,130,3500
1650,130,3500
1660,130,3500
1670,130,3500
1680,130,3500
1690,130,3500
1700,130,3500
1400,140,3500
1410,140,3500
1420,140,3500
1430,140,3500
1440,140,3500
1450,140,3500
1460,140,3500
1470,140,3500
1480,140,3500
1490,140,3500
1500,140,3500
1510,140,3500
1520,140,3500
1530,140,3500
1540,140,3500
1550,140,3500
1560,140,3500
1570,140,3500
1580,140,3500
1590,140,3500
1600,140,3500
1610,140,3500
1620,140,3500
1630,140,3500
1640,140,3500
1650,140,3500
1660,140,3500
1670,140,3500
1680,140,3500
1690,140,3500
1700,140,3500
1400,150,3500
1410,150,3500
1420,150,3500
1430,150,3500
1440,150,3500
1450,150,3500
1460,150,3500
1470,150,3500
1480,150,3500
1490,150,3500
1500,150,3500
1510,150,3500
1520,150,3500
1530,150,3500
1540,150,3500
1550,150,3500
1560,150,3500
1570,150,3500
1580,150,3500
1590,150,3500
1600,150,3500
1610,150,3500
1620,150,3500
1630,150,3500
1640,150,3500
1650,150,3500
1660,150,3500
1670,150,3500
1680,150,3500
1690,150,3500
1700,150,3500
1400,160,3500
1410,160,3500
1420,160,3500
1430,160,3500
1440,160,3500
1450,160,3500
1460,160,3500
1470,160,3500
1480,160,3500
1490,160,3500
1500,160,3500
1510,160,3500
1520,160,3500
1530,160,3500
1540,160,3500
1550,160,3500
1560,160,3500
1570,160,3500
1580,160,3500
1590,160,3500
1600,160,3500
1610,160,3500
1620,160,3500
1630,160,3500
1640,160,3500
1650,160,3500
1660,160,3500
1670,160,3500
1680,160,3500
1690,160,3500
1700,160,3500
1400,170,3500
1410,170,3500
1420,170,3500
1430,170,3500
1440,170,3500
1450,170,3500
1460,170,3500
1470,170,3500
1480,170,3500
1490,170,3500
1500,170,3500
1510,170,3500
1520,170,3500
1530,170,3500
1540,170,3500
1550,170,3500
1560,170,3500
1570,170,3500
1580,170,3500
1590,170,3500
1600,170,3500
1610,170,3500
1620,170,3500
1630,170,3500
1640,170,3500
1650,170,3500
1660,170,3500
1670,170,3500
1680,170,3500
1690,170,3500
1700,170,3500
1400,180,3500
1410,180,3500
1420,180,3500
1430,180,3500
1440,180,3500
1450,180,3500
1460,180,3500
1470,180,3500
1480,180,3500
1490,180,3500
1500,180,3500
1510,180,3500
1520,180,3500
1530,180,3500
1540,180,3500
1550,180,3500
1560,180,3500
1570,180,3500
1580,180,3500
1590,180,3500
1600,180,3500
1610,180,3500
1620,180,3500
1630,180,3500
1640,180,3500
1650,180,3500
1660,180,3500
1670,180,3500
1680,180,3500
1690,180,3500
1700,180,3500
1400,190,3500
1410,190,3500
1420,190,3500
1430,190,3500
1440,190,3500
1450,190,3500
1460,190,3500
1470,190,3500
1480,190,3500
1490,190,3500
1500,190,3500
1510,190,3500
1520,190,3500
1530,190,3500
1540,190,3500
1550,190,3500
1560,190,3500
1570,190,3500
1580,190,3500
1590,190,3500
1600,190,3500
1610,190,3500
1620,190,3500
1630,190,3500
1640,190,3500
1650,190,3500
1660,190,3500
1670,190,3500
1680,190,3500
1690,190,3500
1700,190,3500
1400,200,3500
1410,200,3500
1420,200,3500
1430,200,3500
1440,200,3500
1450,200,3500
1460,200,3500
1470,200,3500
1480,200,3500
1490,200,3500
1500,200,3500
1510,200,3500
1520,200,3500
1530,200,3500
1540,200,3500
1550,200,3500
1560,200,3500
1570,200,3500
1580,200,3500
1590,200,3500
1600,200,3500
1610,200,3500
1620,200,3500
1630,200,3500
1640,200,3500
1650,200,3500
1660,200,3500
1670,200,3500
1680,200,3500
1690,200,3500
1700,200,3500
1400,210,3500
1410,210,3500
1420,210,3500
1430,210,3500
1440,210,3500
1450,210,3500
1460,210,3500
1470,210,3500
1480,210,3500
1490,210,3500
1500,210,3500
1510,210,3500
1520,210,3500
1530,210,3500
1540,210,3500
1550,210,3500
1560,210,3500
1570,210,3500
1580,210,3500
1590,210,3500
1600,210,3500
1610,210,3500
1620,210,3500
1630,210,3500
1640,210,3500
1650,210,3500
1660,210,3500
1670,210,3500
1680,210,3500
1690,210,3500
1700,210,3500
1400,220,3500
1410,220,3500
1420,220,3500
1430,220,3500
1440,220,3500
1450,220,3500
1460,220,3500
1470,220,3500
1480,220,3500
1490,220,3500
1500,220,3500
1510,220,3500
1520,220,3500
1530,220,3500
1540,220,3500
1550,220,3500
1560,220,3500
1570,220,3500
1580,220,3500
1590,220,3500
1600,220,3500
1610,220,3500
1620,220,3500
1630,220,3500
1640,220,3500
1650,220,3500
1660,220,3500
1670,220,3500
1680,220,3500
1690,220,3500
1700,220,3500
1400,230,3500
1410,230,3500
1420,230,3500
1430,230,3500
1440,230,3500
1450,230,3500
1460,230,3500
1470,230,3500
1480,230,3500
1490,230,3500
1500,230,3500
1510,230,3500
1520,230,3500
1530,230,3500
1540,230,3500
1550,230,3500
1560,230,3500
1570,230,3500
1580,230,3500
1590,230,3500
1600,230,3500
1610,230,3500
1620,230,3500
1630,230,3500
1640,230,3500
1650,230,3500
1660,230,3500
1670,230,3500
1680,230,3500
1690,230,3500
1700,230,3500
1400,240,3500
1410,240,3500
1420,240,3500
1430,240,3500
1440,240,3500
1450,240,3500
1460,240,3500
1470,240,3500
1480,240,3500
1490,240,3500
1500,240,3500
1510,240,3500
1520,240,3500
1530,240,3500
1540,240,3500
1550,240,3500
1560,240,3500
1570,240,3500
1580,240,3500
1590,240,3500
1600,240,3500
1610,240,3500
1620,240,3500
1630,240,3500
1640,240,3500
1650,240,3500
1660,240,3500
1670,240,3500
1680,240,3500
1690,240,3500
1700,240,3500
1400,250,3500
1410,250,3500
1420,250,3500
1430,250,3500
1440,250,3500
1450,250,3500
1460,250,3500
1470,250,3500
1480,250,3500
1490,250,3500
1500,250,3500
1510,250,3500
1520,250,3500
1530,250,3500
1540,250,3500
1550,250,3500
1560,250,3500
1570,250,3500
1580,250,3500
1590,250,3500
1600,250,3500
1610,250,3500
1620,250,3500
1630,250,3500
1640,250,3500
1650,250,3500
1660,250,3500
1670,250,3500
1680,250,3500
1690,250,3500
1700,250,3500
1400,50,3750
1410,50,3750
1420,50,3750
1430,50,3750
1440,50,3750
1450,50,3750
1460,50,3750
1470,50,3750
1480,50,3750
1490,50,3750
1500,50,3750
1510,50,3750
1520,50,3750
1530,50,3750
1540,50,3750
1550,50,3750
1560,50,3750
1570,50,3750
1580,50,3750
1590,50,3750
1600,50,3750
1610,50,3750
1620,50,3750
1630,50,3750
1640,50,3750
1650,50,3750
1660,50,3750
1670,50,3750
1680,50,3750
1690,50,3750
1700,50,3750
1400,60,3750
1410,60,3750
1420,60,3750
1430,60,3750
1440,60,3750
1450,60,3750
1460,60,3750
1470,60,3750
1480,60,3750
1490,60,3750
1500,60,3750
1510,60,3750
1520,60,3750
1530,60,3750
1540,60,3750
1550,60,3750
1560,60,3750
1570,60,3750
1580,60,3750
1590,60,3750
1600,60,3750
1610,60,3750
1620,60,3750
1630,60,3750
1640,60,3750
1650,60,3750
1660,60,3750
1670,60,3750
1680,60,3750
1690,60,3750
1700,60,3750
1400,70,3750
1410,70,3750
1420,70,3750
1430,70,3750
1440,70,3750
1450,70,3750
1460,70,3750
1470,70,3750
1480,70,3750
1490,70,3750
1500,70,3750
1510,70,3750
1520,70,3750
1530,70,3750
1540,70,3750
1550,70,3750
1560,70,3750
1570,70,3750
1580,70,3750
1590,70,3750
1600,70,3750
1610,70,3750
1620,70,3750
1630,70,3750
1640,70,3750
1650,70,3750
1660,70,3750
1670,70,3750
1680,70,3750
1690,70,3750
1700,70,3750
1400,80,3750
1410,80,3750
1420,80,3750
1430,80,3750
1440,80,3750
1450,80,3750
1460,80,3750
1470,80,3750
1480,80,3750
1490,80,3750
1500,80,3750
1510,80,3750
1520,80,3750
1530,80,3750
1540,80,3750
1550,80,3750
1560,80,3750
1570,80,3750
1580,80,3750
1590,80,3750
1600,80,3750
1610,80,3750
1620,80,3750
1630,80,3750
1640,80,3750
1650,80,3750
1660,80,3750
1670,80,3750
1680,80,3750
1690,80,3750
1700,80,3750
1400,90,3750
1410,90,3750
1420,90,3750
1430,90,3750
1440,90,3750
1450,90,3750
1460,90,3750
1470,90,3750
1480,90,3750
1490,90,3750
1500,90,3750
1510,90,3750
1520,90,3750
1530,90,3750
1540,90,3750
1550,90,3750
1560,90,3750
1570,90,3750
1580,90,3750
1590,90,3750
1600,90,3750
1610,90,3750
1620,90,3750
1630,90,3750
1640,90,3750
1650,90,3750
1660,90,3750
1670,90,3750
1680,90,3750
1690,90,3750
1700,90,3750
1400,100,3750
1410,100,3750
1420,100,3750
1430,100,3750
1440,100,3750
1450,100,3750
1460,100,3750
1470,100,3750
1480,100,3750
1490,100,3750
1500,100,3750
1510,100,3750
1520,100,3750
1530,100,3750
1540,100,3750
1550,100,3750
1560,100,3750
1570,100,3750
1580,100,3750
1590,100,3750
1600,100,3750
1610,100,3750
1620,100,3750
1630,100,3750
1640,100,3750
1650,100,3750
1660,100,3750
1670,100,3750
1680,100,3750
1690,100,3750
1700,100,3750
1400,110,3750
1410,110,3750
1420,110,3750
1430,110,3750
1440,110,3750
1450,110,3750
1460,110,3750
1470,110,3750
1480,110,3750
1490,110,3750
1500,110,3750
1510,110,3750
1520,110,3750
1530,110,3750
1540,110,3750
1550,110,3750
1560,110,3750
1570,110,3750
1580,110,3750
1590,110,3750
1600,110,3750
1610,110,3750
1620,110,3750
1630,110,3750
1640,110,3750
1650,110,3750
1660,110,3750
1670,110,3750
1680,110,3750
1690,110,3750
1700,110,3750
1400,120,3750
1410,120,3750
1420,120,3750
1430,120,3750
1440,120,3750
1450,120,3750
1460,120,3750
1470,120,3750
1480,120,3750
1490,120,3750
1500,120,3750
1510,120,3750
1520,120,3750
1530,120,3750
1540,120,3750
1550,120,3750
1560,120,3750
1570,120,3750
1580,120,3750
1590,120,3750
1600,120,3750
1610,120,3750
1620,120,3750
1630,120,3750
1640,120,3750
1650,120,3750
1660,120,3750
1670,120,3750
1680,120,3750
1690,120,3750
1700,120,3750
1400,130,3750
1410,130,3750
1420,130,3750
1430,130,3750
1440,130,3750
1450,130,3750
1460,130,3750
1470,130,3750
1480,130,3750
1490,130,3750
1500,130,3750
1510,130,3750
1520,130,3750
1530,130,3750
1540,130,3750
1550,130,3750
1560,130,3750
1570,130,3750
1580,130,3750
1590,130,3750
1600,130,3750
1610,130,3750
1620,130,3750
1630,130,3750
1640,130,3750
1650,130,3750
1660,130,3750
1670,130,3750
1680,130,3750
1690,130,3750
1700,130,3750
1400,140,3750
1410,140,3750
1420,140,3750
1430,140,3750
1440,140,3750
1450,140,3750
1460,140,3750
1470,140,3750
1480,140,3750
1490,140,3750
1500,140,3750
1510,140,3750
1520,140,3750
1530,140,3750
1540,140,3750
1550,140,3750
1560,140,3750
1570,140,3750
1580,140,3750
1590,140,3750
1600,140,3750
1610,140,3750
1620,140,3750
1630,140,3750
1640,140,3750
1650,140,3750
1660,140,3750
1670,140,3750
1680,140,3750
1690,140,3750
1700,140,3750
1400,150,3750
1410,150,3750
1420,150,3750
1430,150,3750
1440,150,3750
1450,150,3750
1460,150,3750
1470,150,3750
1480,150,3750
1490,150,3750
1500,150,3750
1510,150,3750
1520,150,3750
1530,150,3750
1540,150,3750
1550,150,3750
1560,150,3750
1570,150,3750
1580,150,3750
1590,150,3750
1600,150,3750
1610,150,3750
1620,150,3750
1630,150,3750
1640,150,3750
1650,150,3750
1660,150,3750
1670,150,3750
1680,150,3750
1690,150,3750
1700,150,3750
1400,160,3750
1410,160,3750
1420,160,3750
1430,160,3750
1440,160,3750
1450,160,3750
1460,160,3750
1470,160,3750
1480,160,3750
1490,160,3750
1500,160,3750
1510,160,3750
1520,160,3750
1530,160,3750
1540,160,3750
1550,160,3750
1560,160,3750
1570,160,3750
1580,160,3750
1590,160,3750
1600,160,3750
1610,160,3750
1620,160,3750
1630,160,3750
1640,160,3750
1650,160,3750
1660,160,3750
1670,160,3750
1680,160,3750
1690,160,3750
1700,160,3750
1400,170,3750
1410,170,3750
1420,170,3750
1430,170,3750
1440,170,3750
1450,170,3750
1460,170,3750
1470,170,3750
1480,170,3750
1490,170,3750
1500,170,3750
1510,170,3750
1520,170,3750
1530,170,3750
1540,170,3750
1550,170,3750
1560,170,3750
1570,170,3750
1580,170,3750
1590,170,3750
1600,170,3750
1610,170,3750
1620,170,3750
1630,170,3750
1640,170,3750
1650,170,3750
1660,170,3750
1670,170,3750
1680,170,3750
1690,170,3750
1700,170,3750
1400,180,3750
1410,180,3750
1420,180,3750
1430,180,3750
1440,180,3750
1450,180,3750
1460,180,3750
1470,180,3750
1480,180,3750
1490,180,3750
1500,180,3750
1510,180,3750
1520,180,3750
1530,180,3750
1540,180,3750
1550,180,3750
1560,180,3750
1570,180,3750
1580,180,3750
1590,180,3750
1600,180,3750
1610,180,3750
1620,180,3750
1630,180,3750
1640,180,3750
1650,180,3750
1660,180,3750
1670,180,3750
1680,180,3750
1690,180,3750
1700,180,3750
1400,190,3750
1410,190,3750
1420,190,3750
1430,190,3750
1440,190,3750
1450,190,3750
1460,190,3750
1470,190,3750
1480,190,3750
1490,190,3750
1500,190,3750
1510,190,3750
1520,190,3750
1530,190,3750
1540,190,3750
1550,190,3750
1560,190,3750
1570,190,3750
1580,190,3750
1590,190,3750
1600,190,3750
1610,190,3750
1620,190,3750
1630,190,3750
1640,190,3750
1650,190,3750
1660,190,3750
1670,190,3750
1680,190,3750
1690,190,3750
1700,190,3750
1400,200,3750
1410,200,3750
1420,200,3750
1430,200,3750
1440,200,3750
1450,200,3750
1460,200,3750
1470,200,3750
1480,200,3750
1490,200,3750
1500,200,3750
1510,200,3750
1520,200,3750
1530,200,3750
1540,200,3750
1550,200,3750
1560,200,3750
1570,200,3750
1580,200,3750
1590,200,3750
1600,200,3750
1610,200,3750
1620,200,3750
1630,200,3750
1640,200,3750
1650,200,3750
1660,200,3750
1670,200,3750
1680,200,3750
1690,200,3750
1700,200,3750
1400,210,3750
1410,210,3750
1420,210,3750
1430,210,3750
1440,210,3750
1450,210,3750
1460,210,3750
1470,210,3750
1480,210,3750
1490,210,3750
1500,210,3750
1510,210,3750
1520,210,3750
1530,210,3750
1540,210,3750
1550,210,3750
1560,210,3750
1570,210,3750
1580,210,3750
1590,210,3750
1600,210,3750
1610,210,3750
1620,210,3750
1630,210,3750
1640,210,3750
1650,210,3750
1660,210,3750
1670,210,3750
1680,210,3750
1690,210,3750
1700,210,3750
1400,220,3750
1410,220,3750
1420,220,3750
1430,220,3750
1440,220,3750
1450,220,3750
1460,220,3750
1470,220,3750
1480,220,3750
1490,220,3750
1500,220,3750
1510,220,3750
1520,220,3750
1530,220,3750
1540,220,3750
1550,220,3750
1560,220,3750
1570,220,3750
1580,220,3750
1590,220,3750
1600,220,3750
1610,220,3750
1620,220,3750
1630,220,3750
1640,220,3750
1650,220,3750
1660,220,3750
1670,220,3750
1680,220,3750
1690,220,3750
1700,220,3750
1400,230,3750
1410,230,3750
1420,230,3750
1430,230,3750
1440,230,3750
1450,230,3750
1460,230,3750
1470,230,3750
1480,230,3750
1490,230,3750
1500,230,3750
1510,230,3750
1520,230,3750
1530,230,3750
1540,230,3750
1550,230,3750
1560,230,3750
1570,230,3750
1580,230,3750
1590,230,3750
1600,230,3750
1610,230,3750
1620,230,3750
1630,230,3750
1640,230,3750
1650,230,3750
1660,230,3750
1670,230,3750
1680,230,3750
1690,230,3750
1700,230,3750
1400,240,3750
1410,240,3750
1420,240,3750
1430,240,3750
1440,240,3750
1450,240,3750
1460,240,3750
1470,240,3750
1480,240,3750
1490,240,3750
1500,240,3750
1510,240,3750
1520,240,3750
1530,240,3750
1540,240,3750
1550,240,3750
1560,240,3750
1570,240,3750
1580,240,3750
1590,240,3750
1600,240,3750
1610,240,3750
1620,240,3750
1630,240,3750
1640,240,3750
1650,240,3750
1660,240,3750
1670,240,3750
1680,240,3750
1690,240,3750
1700,240,3750
1400,250,3750
1410,250,3750
1420,250,3750
1430,250,3750
1440,250,3750
1450,250,3750
1460,250,3750
1470,250,3750
1480,250,3750
1490,250,3750
1500,250,3750
1510,250,3750
1520,250,3750
1530,250,3750
1540,250,3750
1550,250,3750
1560,250,3750
1570,250,3750
1580,250,3750
1590,250,3750
1600,250,3750
1610,250,3750
1620,250,3750
1630,250,3750
1640,250,3750
1650,250,3750
1660,250,3750
1670,250,3750
1680,250,3750
1690,250,3750
1700,250,3750
1400,50,4000
1410,50,4000
1420,50,4000
1430,50,4000
1440,50,4000
1450,50,4000
1460,50,4000
1470,50,4000
1480,50,4000
1490,50,4000
1500,50,4000
1510,50,4000
1520,50,4000
1530,50,4000
1540,50,4000
1550,50,4000
1560,50,4000
1570,50,4000
1580,50,4000
1590,50,4000
1600,50,4000
1610,50,4000
1620,50,4000
1630,50,4000
1640,50,4000
1650,50,4000
1660,50,4000
1670,50,4000
1680,50,4000
1690,50,4000
1700,50,4000
1400,60,4000
1410,60,4000
1420,60,4000
1430,60,4000
1440,60,4000
1450,60,4000
1460,60,4000
1470,60,4000
1480,60,4000
1490,60,4000
1500,60,4000
1510,60,4000
1520,60,4000
1530,60,4000
1540,60,4000
1550,60,4000
1560,60,4000
1570,60,4000
1580,60,4000
1590,60,4000
1600,60,4000
1610,60,4000
1620,60,4000
1630,60,4000
1640,60,4000
1650,60,4000
1660,60,4000
1670,60,4000
1680,60,4000
1690,60,4000
1700,60,4000
1400,70,4000
1410,70,4000
1420,70,4000
1430,70,4000
1440,70,4000
1450,70,4000
1460,70,4000
1470,70,4000
1480,70,4000
1490,70,4000
1500,70,4000
1510,70,4000
1520,70,4000
1530,70,4000
1540,70,4000
1550,70,4000
1560,70,4000
1570,70,4000
1580,70,4000
1590,70,4000
1600,70,4000
1610,70,4000
1620,70,4000
1630,70,4000
1640,70,4000
1650,70,4000
1660,70,4000
1670,70,4000
1680,70,4000
1690,70,4000
1700,70,4000
1400,80,4000
1410,80,4000
1420,80,4000
1430,80,4000
1440,80,4000
1450,80,4000
1460,80,4000
1470,80,4000
1480,80,4000
1490,80,4000
1500,80,4000
1510,80,4000
1520,80,4000
1530,80,4000
1540,80,4000
1550,80,4000
1560,80,4000
1570,80,4000
1580,80,4000
1590,80,4000
1600,80,4000
1610,80,4000
1620,80,4000
1630,80,4000
1640,80,4000
1650,80,4000
1660,80,4000
1670,80,4000
1680,80,4000
1690,80,4000
1700,80,4000
1400,90,4000
1410,90,4000
1420,90,4000
1430,90,4000
1440,90,4000
1450,90,4000
1460,90,4000
1470,90,4000
1480,90,4000
1490,90,4000
1500,90,4000
1510,90,4000
1520,90,4000
1530,90,4000
1540,90,4000
1550,90,4000
1560,90,4000
1570,90,4000
1580,90,4000
1590,90,4000
1600,90,4000
1610,90,4000
1620,90,4000
1630,90,4000
1640,90,4000
1650,90,4000
1660,90,4000
1670,90,4000
1680,90,4000
1690,90,4000
1700,90,4000
1400,100,4000
1410,100,4000
1420,100,4000
1430,100,4000
1440,100,4000
1450,100,4000
1460,100,4000
1470,100,4000
1480,100,4000
1490,100,4000
1500,100,4000
1510,100,4000
1520,100,4000
1530,100,4000
1540,100,4000
1550,100,4000
1560,100,4000
1570,100,4000
1580,100,4000
1590,100,4000
1600,100,4000
1610,100,4000
1620,100,4000
1630,100,4000
1640,100,4000
1650,100,4000
1660,100,4000
1670,100,4000
1680,100,4000
1690,100,4000
1700,100,4000
1400,110,4000
1410,110,4000
1420,110,4000
1430,110,4000
1440,110,4000
1450,110,4000
1460,110,4000
1470,110,4000
1480,110,4000
1490,110,4000
1500,110,4000
1510,110,4000
1520,110,4000
1530,110,4000
1540,110,4000
1550,110,4000
1560,110,4000
1570,110,4000
1580,110,4000
1590,110,4000
1600,110,4000
1610,110,4000
1620,110,4000
1630,110,4000
1640,110,4000
1650,110,4000
1660,110,4000
1670,110,4000
1680,110,4000
1690,110,4000
1700,110,4000
1400,120,4000
1410,120,4000
1420,120,4000
1430,120,4000
1440,120,4000
1450,120,4000
1460,120,4000
1470,120,4000
1480,120,4000
1490,120,4000
1500,120,4000
1510,120,4000
1520,120,4000
1530,120,4000
1540,120,4000
1550,120,4000
1560,120,4000
1570,120,4000
1580,120,4000
1590,120,4000
1600,120,4000
1610,120,4000
1620,120,4000
1630,120,4000
1640,120,4000
1650,120,4000
1660,120,4000
1670,120,4000
1680,120,4000
1690,120,4000
1700,120,4000
1400,130,4000
1410,130,4000
1420,130,4000
1430,130,4000
1440,130,4000
1450,130,4000
1460,130,4000
1470,130,4000
1480,130,4000
1490,130,4000
1500,130,4000
1510,130,4000
1520,130,4000
1530,130,4000
1540,130,4000
1550,130,4000
1560,130,4000
1570,130,4000
1580,130,4000
1590,130,4000
1600,130,4000
1610,130,4000
1620,130,4000
1630,130,4000
1640,130,4000
1650,130,4000
1660,130,4000
1670,130,4000
1680,130,4000
1690,130,4000
1700,130,4000
1400,140,4000
1410,140,4000
1420,140,4000
1430,140,4000
1440,140,4000
1450,140,4000
1460,140,4000
1470,140,4000
1480,140,4000
1490,140,4000
1500,140,4000
1510,140,4000
1520,140,4000
1530,140,4000
1540,140,4000
1550,140,4000
1560,140,4000
1570,140,4000
1580,140,4000
1590,140,4000
1600,140,4000
1610,140,4000
1620,140,4000
1630,140,4000
1640,140,4000
1650,140,4000
1660,140,4000
1670,140,4000
1680,140,4000
1690,140,4000
1700,140,4000
1400,150,4000
1410,150,4000
1420,150,4000
1430,150,4000
1440,150,4000
1450,150,4000
1460,150,4000
1470,150,4000
1480,150,4000
1490,150,4000
1500,150,4000
1510,150,4000
1520,150,4000
1530,150,4000
1540,150,4000
1550,150,4000
1560,150,4000
1570,150,4000
1580,150,4000
1590,150,4000
1600,150,4000
1610,150,4000
1620,150,4000
1630,150,4000
1640,150,4000
1650,150,4000
1660,150,4000
1670,150,4000
1680,150,4000
1690,150,4000
1700,150,4000
1400,160,4000
1410,160,4000
1420,160,4000
1430,160,4000
1440,160,4000
1450,160,4000
1460,160,4000
1470,160,4000
1480,160,4000
1490,160,4000
1500,160,4000
1510,160,4000
1520,160,4000
1530,160,4000
1540,160,4000
1550,160,4000
1560,160,4000
1570,160,4000
1580,160,4000
1590,160,4000
1600,160,4000
1610,160,4000
1620,160,4000
1630,160,4000
1640,160,4000
1650,160,4000
1660,160,4000
1670,160,4000
1680,160,4000
1690,160,4000
1700,160,4000
1400,170,4000
1410,170,4000
1420,170,4000
1430,170,4000
1440,170,4000
1450,170,4000
1460,170,4000
1470,170,4000
1480,170,4000
1490,170,4000
1500,170,4000
1510,170,4000
1520,170,4000
1530,170,4000
1540,170,4000
1550,170,4000
1560,170,4000
1570,170,4000
1580,170,4000
1590,170,4000
1600,170,4000
1610,170,4000
1620,170,4000
1630,170,4000
1640,170,4000
1650,170,4000
1660,170,4000
1670,170,4000
1680,170,4000
1690,170,4000
1700,170,4000
1400,180,4000
1410,180,4000
1420,180,4000
1430,180,4000
1440,180,4000
1450,180,4000
1460,180,4000
1470,180,4000
1480,180,4000
1490,180,4000
1500,180,4000
1510,180,4000
1520,180,4000
1530,180,4000
1540,180,4000
1550,180,4000
1560,180,4000
1570,180,4000
1580,180,4000
1590,180,4000
1600,180,4000
1610,180,4000
1620,180,4000
1630,180,4000
1640,180,4000
1650,180,4000
1660,180,4000
1670,180,4000
1680,180,4000
1690,180,4000
1700,180,4000
1400,190,4000
1410,190,4000
1420,190,4000
1430,190,4000
1440,190,4000
1450,190,4000
1460,190,4000
1470,190,4000
1480,190,4000
1490,190,4000
1500,190,4000
1510,190,4000
1520,190,4000
1530,190,4000
1540,190,4000
1550,190,4000
1560,190,4000
1570,190,4000
1580,190,4000
1590,190,4000
1600,190,4000
1610,190,4000
1620,190,4000
1630,190,4000
1640,190,4000
1650,190,4000
1660,190,4000
1670,190,4000
1680,190,4000
1690,190,4000
1700,190,4000
1400,200,4000
1410,200,4000
1420,200,4000
1430,200,4000
1440,200,4000
1450,200,4000
1460,200,4000
1470,200,4000
1480,200,4000
1490,200,4000
1500,200,4000
1510,200,4000
1520,200,4000
1530,200,4000
1540,200,4000
1550,200,4000
1560,200,4000
1570,200,4000
1580,200,4000
1590,200,4000
1600,200,4000
1610,200,4000
1620,200,4000
1630,200,4000
1640,200,4000
1650,200,4000
1660,200,4000
1670,200,4000
1680,200,4000
1690,200,4000
1700,200,4000
1400,210,4000
1410,210,4000
1420,210,4000
1430,210,4000
1440,210,4000
1450,210,4000
1460,210,4000
1470,210,4000
1480,210,4000
1490,210,4000
1500,210,4000
1510,210,4000
1520,210,4000
1530,210,4000
1540,210,4000
1550,210,4000
1560,210,4000
1570,210,4000
1580,210,4000
1590,210,4000
1600,210,4000
1610,210,4000
1620,210,4000
1630,210,4000
1640,210,4000
1650,210,4000
1660,210,4000
1670,210,4000
1680,210,4000
1690,210,4000
1700,210,4000
1400,220,4000
1410,220,4000
1420,220,4000
1430,220,4000
1440,220,4000
1450,220,4000
1460,220,4000
1470,220,4000
1480,220,4000
1490,220,4000
1500,220,4000
1510,220,4000
1520,220,4000
1530,220,4000
1540,220,4000
1550,220,4000
1560,220,4000
1570,220,4000
1580,220,4000
1590,220,4000
1600,220,4000
1610,220,4000
1620,220,4000
1630,220,4000
1640,220,4000
1650,220,4000
1660,220,4000
1670,220,4000
1680,220,4000
1690,220,4000
1700,220,4000
1400,230,4000
1410,230,4000
1420,230,4000
1430,230,4000
1440,230,4000
1450,230,4000
1460,230,4000
1470,230,4000
1480,230,4000
1490,230,4000
1500,230,4000
1510,230,4000
1520,230,4000
1530,230,4000
1540,230,4000
1550,230,4000
1560,230,4000
1570,230,4000
1580,230,4000
1590,230,4000
1600,230,4000
1610,230,4000
1620,230,4000
1630,230,4000
1640,230,4000
1650,230,4000
1660,230,4000
1670,230,4000
1680,230,4000
1690,230,4000
1700,230,4000
1400,240,4000
1410,240,4000
1420,240,4000
1430,240,4000
1440,240,4000
1450,240,4000
1460,240,4000
1470,240,4000
1480,240,4000
1490,240,4000
1500,240,4000
1510,240,4000
1520,240,4000
1530,240,4000
1540,240,4000
1550,240,4000
1560,240,4000
1570,240,4000
1580,240,4000
1590,240,4000
1600,240,4000
1610,240,4000
1620,240,4000
1630,240,4000
1640,240,4000
1650,240,4000
1660,240,4000
1670,240,4000
1680,240,4000
1690,240,4000
1700,240,4000
1400,250,4000
1410,250,4000
1420,250,4000
1430,250,4000
1440,250,4000
1450,250,4000
1460,250,4000
1470,250,4000
1480,250,4000
1490,250,4000
1500,250,4000
1510,250,4000
1520,250,4000
1530,250,4000
1540,250,4000
1550,250,4000
1560,250,4000
1570,250,4000
1580,250,4000
1590,250,4000
1600,250,4000
1610,250,4000
1620,250,4000
1630,250,4000
1640,250,4000
1650,250,4000
1660,250,4000
1670,250,4000
1680,250,4000
1690,250,4000
1700,250,4000
1400,50,4250
1410,50,4250
1420,50,4250
1430,50,4250
1440,50,4250
1450,50,4250
1460,50,4250
1470,50,4250
1480,50,4250
1490,50,4250
1500,50,4250
1510,50,4250
1520,50,4250
1530,50,4250
1540,50,4250
1550,50,4250
1560,50,4250
1570,50,4250
1580,50,4250
1590,50,4250
1600,50,4250
1610,50,4250
1620,50,4250
1630,50,4250
1640,50,4250
1650,50,4250
1660,50,4250
1670,50,4250
1680,50,4250
1690,50,4250
1700,50,4250
1400,60,4250
1410,60,4250
1420,60,4250
1430,60,4250
1440,60,4250
1450,60,4250
1460,60,4250
1470,60,4250
1480,60,4250
1490,60,4250
1500,60,4250
1510,60,4250
1520,60,4250
1530,60,4250
1540,60,4250
1550,60,4250
1560,60,4250
1570,60,4250
1580,60,4250
1590,60,4250
1600,60,4250
1610,60,4250
1620,60,4250
1630,60,4250
1640,60,4250
1650,60,4250
1660,60,4250
1670,60,4250
1680,60,4250
1690,60,4250
1700,60,4250
1400,70,4250
1410,70,4250
1420,70,4250
1430,70,4250
1440,70,4250
1450,70,4250
1460,70,4250
1470,70,4250
1480,70,4250
1490,70,4250
1500,70,4250
1510,70,4250
1520,70,4250
1530,70,4250
1540,70,4250
1550,70,4250
1560,70,4250
1570,70,4250
1580,70,4250
1590,70,4250
1600,70,4250
1610,70,4250
1620,70,4250
1630,70,4250
1640,70,4250
1650,70,4250
1660,70,4250
1670,70,4250
1680,70,4250
1690,70,4250
1700,70,4250
1400,80,4250
1410,80,4250
1420,80,4250
1430,80,4250
1440,80,4250
1450,80,4250
1460,80,4250
1470,80,4250
1480,80,4250
1490,80,4250
1500,80,4250
1510,80,4250
1520,80,4250
1530,80,4250
1540,80,4250
1550,80,4250
1560,80,4250
1570,80,4250
1580,80,4250
1590,80,4250
1600,80,4250
1610,80,4250
1620,80,4250
1630,80,4250
1640,80,4250
1650,80,4250
1660,80,4250
1670,80,4250
1680,80,4250
1690,80,4250
1700,80,4250
1400,90,4250
1410,90,4250
1420,90,4250
1430,90,4250
1440,90,4250
1450,90,4250
1460,90,4250
1470,90,4250
1480,90,4250
1490,90,4250
1500,90,4250
1510,90,4250
1520,90,4250
1530,90,4250
1540,90,4250
1550,90,4250
1560,90,4250
1570,90,4250
1580,90,4250
1590,90,4250
1600,90,4250
1610,90,4250
1620,90,4250
1630,90,4250
1640,90,4250
1650,90,4250
1660,90,4250
1670,90,4250
1680,90,4250
1690,90,4250
1700,90,4250
1400,100,4250
1410,100,4250
1420,100,4250
1430,100,4250
1440,100,4250
1450,100,4250
1460,100,4250
1470,100,4250
1480,100,4250
1490,100,4250
1500,100,4250
1510,100,4250
1520,100,4250
1530,100,4250
1540,100,4250
1550,100,4250
1560,100,4250
1570,100,4250
1580,100,4250
1590,100,4250
1600,100,4250
1610,100,4250
1620,100,4250
1630,100,4250
1640,100,4250
1650,100,4250
1660,100,4250
1670,100,4250
1680,100,4250
1690,100,4250
1700,100,4250
1400,110,4250
1410,110,4250
1420,110,4250
1430,110,4250
1440,110,4250
1450,110,4250
1460,110,4250
1470,110,4250
1480,110,4250
1490,110,4250
1500,110,4250
1510,110,4250
1520,110,4250
1530,110,4250
1540,110,4250
1550,110,4250
1560,110,4250
1570,110,4250
1580,110,4250
1590,110,4250
1600,110,4250
1610,110,4250
1620,110,4250
1630,110,4250
1640,110,4250
1650,110,4250
1660,110,4250
1670,110,4250
1680,110,4250
1690,110,4250
1700,110,4250
1400,120,4250
1410,120,4250
1420,120,4250
1430,120,4250
1440,120,4250
1450,120,4250
1460,120,4250
1470,120,4250
1480,120,4250
1490,120,4250
1500,120,4250
1510,120,4250
1520,120,4250
1530,120,4250
1540,120,4250
1550,120,4250
1560,120,4250
1570,120,4250
1580,120,4250
1590,120,4250
1600,120,4250
1610,120,4250
1620,120,4250
1630,120,4250
1640,120,4250
1650,120,4250
1660,120,4250
1670,120,4250
1680,120,4250
1690,120,4250
1700,120,4250
1400,130,4250
1410,130,4250
1420,130,4250
1430,130,4250
1440,130,4250
1450,130,4250
1460,130,4250
1470,130,4250
1480,130,4250
1490,130,4250
1500,130,4250
1510,130,4250
1520,130,4250
1530,130,4250
1540,130,4250
1550,130,4250
1560,130,4250
1570,130,4250
1580,130,4250
1590,130,4250
1600,130,4250
1610,130,4250
1620,130,4250
1630,130,4250
1640,130,4250
1650,130,4250
1660,130,4250
1670,130,4250
1680,130,4250
1690,130,4250
1700,130,4250
1400,140,4250
1410,140,4250
1420,140,4250
1430,140,4250
1440,140,4250
1450,140,4250
1460,140,4250
1470,140,4250
1480,140,4250
1490,140,4250
1500,140,4250
1510,140,4250
1520,140,4250
1530,140,4250
1540,140,4250
1550,140,4250
1560,140,4250
1570,140,4250
1580,140,4250
1590,140,4250
1600,140,4250
1610,140,4250
1620,140,4250
1630,140,4250
1640,140,4250
1650,140,4250
1660,140,4250
1670,140,4250
1680,140,4250
1690,140,4250
1700,140,4250
1400,150,4250
1410,150,4250
1420,150,4250
1430,150,4250
1440,150,4250
1450,150,4250
1460,150,4250
1470,150,4250
1480,150,4250
1490,150,4250
1500,150,4250
1510,150,4250
1520,150,4250
1530,150,4250
1540,150,4250
1550,150,4250
1560,150,4250
1570,150,4250
1580,150,4250
1590,150,4250
1600,150,4250
1610,150,4250
1620,150,4250
1630,150,4250
1640,150,4250
1650,150,4250
1660,150,4250
1670,150,4250
1680,150,4250
1690,150,4250
1700,150,4250
1400,160,4250
1410,160,4250
1420,160,4250
1430,160,4250
1440,160,4250
1450,160,4250
1460,160,4250
1470,160,4250
1480,160,4250
1490,160,4250
1500,160,4250
1510,160,4250
1520,160,4250
1530,160,4250
1540,160,4250
1550,160,4250
1560,160,4250
1570,160,4250
1580,160,4250
1590,160,4250
1600,160,4250
1610,160,4250
1620,160,4250
1630,160,4250
1640,160,4250
1650,160,4250
1660,160,4250
1670,160,4250
1680,160,4250
1690,160,4250
1700,160,4250
1400,170,4250
1410,170,4250
1420,170,4250
1430,170,4250
1440,170,4250
1450,170,4250
1460,170,4250
1470,170,4250
1480,170,4250
1490,170,4250
1500,170,4250
1510,170,4250
1520,170,4250
1530,170,4250
1540,170,4250
1550,170,4250
1560,170,4250
1570,170,4250
1580,170,4250
1590,170,4250
1600,170,4250
1610,170,4250
1620,170,4250
1630,170,4250
1640,170,4250
1650,170,4250
1660,170,4250
1670,170,4250
1680,170,4250
1690,170,4250
1700,170,4250
1400,180,4250
1410,180,4250
1420,180,4250
1430,180,4250
1440,180,4250
1450,180,4250
1460,180,4250
1470,180,4250
1480,180,4250
1490,180,4250
1500,180,4250
1510,180,4250
1520,180,4250
1530,180,4250
1540,180,4250
1550,180,4250
1560,180,4250
1570,180,4250
1580,180,4250
1590,180,4250
1600,180,4250
1610,180,4250
1620,180,4250
1630,180,4250
1640,180,4250
1650,180,4250
1660,180,4250
1670,180,4250
1680,180,4250
1690,180,4250
1700,180,4250
1400,190,4250
1410,190,4250
1420,190,4250
1430,190,4250
1440,190,4250
1450,190,4250
1460,190,4250
1470,190,4250
1480,190,4250
1490,190,4250
1500,190,4250
1510,190,4250
1520,190,4250
1530,190,4250
1540,190,4250
1550,190,4250
1560,190,4250
1570,190,4250
1580,190,4250
1590,190,4250
1600,190,4250
1610,190,4250
1620,190,4250
1630,190,4250
1640,190,4250
1650,190,4250
1660,190,4250
1670,190,4250
1680,190,4250
1690,190,4250
1700,190,4250
1400,200,4250
1410,200,4250
1420,200,4250
1430,200,4250
1440,200,4250
1450,200,4250
1460,200,4250
1470,200,4250
1480,200,4250
1490,200,4250
1500,200,4250
1510,200,4250
1520,200,4250
1530,200,4250
1540,200,4250
1550,200,4250
1560,200,4250
1570,200,4250
1580,200,4250
1590,200,4250
1600,200,4250
1610,200,4250
1620,200,4250
1630,200,4250
1640,200,4250
1650,200,4250
1660,200,4250
1670,200,4250
1680,200,4250
1690,200,4250
1700,200,4250
1400,210,4250
1410,210,4250
1420,210,4250
1430,210,4250
1440,210,4250
1450,210,4250
1460,210,4250
1470,210,4250
1480,210,4250
1490,210,4250
1500,210,4250
1510,210,4250
1520,210,4250
1530,210,4250
1540,210,4250
1550,210,4250
1560,210,4250
1570,210,4250
1580,210,4250
1590,210,4250
1600,210,4250
1610,210,4250
1620,210,4250
1630,210,4250
1640,210,4250
1650,210,4250
1660,210,4250
1670,210,4250
1680,210,4250
1690,210,4250
1700,210,4250
1400,220,4250
1410,220,4250
1420,220,4250
1430,220,4250
1440,220,4250
1450,220,4250
1460,220,4250
1470,220,4250
1480,220,4250
1490,220,4250
1500,220,4250
1510,220,4250
1520,220,4250
1530,220,4250
1540,220,4250
1550,220,4250
1560,220,4250
1570,220,4250
1580,220,4250
1590,220,4250
1600,220,4250
1610,220,4250
1620,220,4250
1630,220,4250
1640,220,4250
1650,220,4250
1660,220,4250
1670,220,4250
1680,220,4250
1690,220,4250
1700,220,4250
1400,230,4250
1410,230,4250
1420,230,4250
1430,230,4250
1440,230,4250
1450,230,4250
1460,230,4250
1470,230,4250
1480,230,4250
1490,230,4250
1500,230,4250
1510,230,4250
1520,230,4250
1530,230,4250
1540,230,4250
1550,230,4250
1560,230,4250
1570,230,4250
1580,230,4250
1590,230,4250
1600,230,4250
1610,230,4250
1620,230,4250
1630,230,4250
1640,230,4250
1650,230,4250
1660,230,4250
1670,230,4250
1680,230,4250
1690,230,4250
1700,230,4250
1400,240,4250
1410,240,4250
1420,240,4250
1430,240,4250
1440,240,4250
1450,240,4250
1460,240,4250
1470,240,4250
1480,240,4250
1490,240,4250
1500,240,4250
1510,240,4250
1520,240,4250
1530,240,4250
1540,240,4250
1550,240,4250
1560,240,4250
1570,240,4250
1580,240,4250
1590,240,4250
1600,240,4250
1610,240,4250
1620,240,4250
1630,240,4250
1640,240,4250
1650,240,4250
1660,240,4250
1670,240,4250
1680,240,4250
1690,240,4250
1700,240,4250
1400,250,4250
1410,250,4250
1420,250,4250
1430,250,4250
1440,250,4250
1450,250,4250
1460,250,4250
1470,250,4250
1480,250,4250
1490,250,4250
1500,250,4250
1510,250,4250
1520,250,4250
1530,250,4250
1540,250,4250
1550,250,4250
1560,250,4250
1570,250,4250
1580,250,4250
1590,250,4250
1600,250,4250
1610,250,4250
1620,250,4250
1630,250,4250
1640,250,4250
1650,250,4250
1660,250,4250
1670,250,4250
1680,250,4250
1690,250,4250
1700,250,4250
1400,50,4500
1410,50,4500
1420,50,4500
1430,50,4500
1440,50,4500
1450,50,4500
1460,50,4500
1470,50,4500
1480,50,4500
1490,50,4500
1500,50,4500
1510,50,4500
1520,50,4500
1530,50,4500
1540,50,4500
1550,50,4500
1560,50,4500
1570,50,4500
1580,50,4500
1590,50,4500
1600,50,4500
1610,50,4500
1620,50,4500
1630,50,4500
1640,50,4500
1650,50,4500
1660,50,4500
1670,50,4500
1680,50,4500
1690,50,4500
1700,50,4500
1400,60,4500
1410,60,4500
1420,60,4500
1430,60,4500
1440,60,4500
1450,60,4500
1460,60,4500
1470,60,4500
1480,60,4500
1490,60,4500
1500,60,4500
1510,60,4500
1520,60,4500
1530,60,4500
1540,60,4500
1550,60,4500
1560,60,4500
1570,60,4500
1580,60,4500
1590,60,4500
1600,60,4500
1610,60,4500
1620,60,4500
1630,60,4500
1640,60,4500
1650,60,4500
1660,60,4500
1670,60,4500
1680,60,4500
1690,60,4500
1700,60,4500
1400,70,4500
1410,70,4500
1420,70,4500
1430,70,4500
1440,70,4500
1450,70,4500
1460,70,4500
1470,70,4500
1480,70,4500
1490,70,4500
1500,70,4500
1510,70,4500
1520,70,4500
1530,70,4500
1540,70,4500
1550,70,4500
1560,70,4500
1570,70,4500
1580,70,4500
1590,70,4500
1600,70,4500
1610,70,4500
1620,70,4500
1630,70,4500
1640,70,4500
1650,70,4500
1660,70,4500
1670,70,4500
1680,70,4500
1690,70,4500
1700,70,4500
1400,80,4500
1410,80,4500
1420,80,4500
1430,80,4500
1440,80,4500
1450,80,4500
1460,80,4500
1470,80,4500
1480,80,4500
1490,80,4500
1500,80,4500
1510,80,4500
1520,80,4500
1530,80,4500
1540,80,4500
1550,80,4500
1560,80,4500
1570,80,4500
1580,80,4500
1590,80,4500
1600,80,4500
1610,80,4500
1620,80,4500
1630,80,4500
1640,80,4500
1650,80,4500
1660,80,4500
1670,80,4500
1680,80,4500
1690,80,4500
1700,80,4500
1400,90,4500
1410,90,4500
1420,90,4500
1430,90,4500
1440,90,4500
1450,90,4500
1460,90,4500
1470,90,4500
1480,90,4500
1490,90,4500
1500,90,4500
1510,90,4500
1520,90,4500
1530,90,4500
1540,90,4500
1550,90,4500
1560,90,4500
1570,90,4500
1580,90,4500
1590,90,4500
1600,90,4500
1610,90,4500
1620,90,4500
1630,90,4500
1640,90,4500
1650,90,4500
1660,90,4500
1670,90,4500
1680,90,4500
1690,90,4500
1700,90,4500
1400,100,4500
1410,100,4500
1420,100,4500
1430,100,4500
1440,100,4500
1450,100,4500
1460,100,4500
1470,100,4500
1480,100,4500
1490,100,4500
1500,100,4500
1510,100,4500
1520,100,4500
1530,100,4500
1540,100,4500
1550,100,4500
1560,100,4500
1570,100,4500
1580,100,4500
1590,100,4500
1600,100,4500
1610,100,4500
1620,100,4500
1630,100,4500
1640,100,4500
1650,100,4500
1660,100,4500
1670,100,4500
1680,100,4500
1690,100,4500
1700,100,4500
1400,110,4500
1410,110,4500
1420,110,4500
1430,110,4500
1440,110,4500
1450,110,4500
1460,110,4500
1470,110,4500
1480,110,4500
1490,110,4500
1500,110,4500
1510,110,4500
1520,110,4500
1530,110,4500
1540,110,4500
1550,110,4500
1560,110,4500
1570,110,4500
1580,110,4500
1590,110,4500
1600,110,4500
1610,110,4500
1620,110,4500
1630,110,4500
1640,110,4500
1650,110,4500
1660,110,4500
1670,110,4500
1680,110,4500
1690,110,4500
1700,110,4500
1400,120,4500
1410,120,4500
1420,120,4500
1430,120,4500
1440,120,4500
1450,120,4500
1460,120,4500
1470,120,4500
1480,120,4500
1490,120,4500
1500,120,4500
1510,120,4500
1520,120,4500
1530,120,4500
1540,120,4500
1550,120,4500
1560,120,4500
1570,120,4500
1580,120,4500
1590,120,4500
1600,120,4500
1610,120,4500
1620,120,4500
1630,120,4500
1640,120,4500
1650,120,4500
1660,120,4500
1670,120,4500
1680,120,4500
1690,120,4500
1700,120,4500
1400,130,4500
1410,130,4500
1420,130,4500
1430,130,4500
1440,130,4500
1450,130,4500
1460,130,4500
1470,130,4500
1480,130,4500
1490,130,4500
1500,130,4500
1510,130,4500
1520,130,4500
1530,130,4500
1540,130,4500
1550,130,4500
1560,130,4500
1570,130,4500
1580,130,4500
1590,130,4500
1600,130,4500
1610,130,4500
1620,130,4500
1630,130,4500
1640,130,4500
1650,130,4500
1660,130,4500
1670,130,4500
1680,130,4500
1690,130,4500
1700,130,4500
1400,140,4500
1410,140,4500
1420,140,4500
1430,140,4500
1440,140,4500
1450,140,4500
1460,140,4500
1470,140,4500
1480,140,4500
1490,140,4500
1500,140,4500
1510,140,4500
1520,140,4500
1530,140,4500
1540,140,4500
1550,140,4500
1560,140,4500
1570,140,4500
1580,140,4500
1590,140,4500
1600,140,4500
1610,140,4500
1620,140,4500
1630,140,4500
1640,140,4500
1650,140,4500
1660,140,4500
1670,140,4500
1680,140,4500
1690,140,4500
1700,140,4500
1400,150,4500
1410,150,4500
1420,150,4500
1430,150,4500
1440,150,4500
1450,150,4500
1460,150,4500
1470,150,4500
1480,150,4500
1490,150,4500
1500,150,4500
1510,150,4500
1520,150,4500
1530,150,4500
1540,150,4500
1550,150,4500
1560,150,4500
1570,150,4500
1580,150,4500
1590,150,4500
1600,150,4500
1610,150,4500
1620,150,4500
1630,150,4500
1640,150,4500
1650,150,4500
1660,150,4500
1670,150,4500
1680,150,4500
1690,150,4500
1700,150,4500
1400,160,4500
1410,160,4500
1420,160,4500
1430,160,4500
1440,160,4500
1450,160,4500
1460,160,4500
1470,160,4500
1480,160,4500
1490,160,4500
1500,160,4500
1510,160,4500
1520,160,4500
1530,160,4500
1540,160,4500
1550,160,4500
1560,160,4500
1570,160,4500
1580,160,4500
1590,160,4500
1600,160,4500
1610,160,4500
1620,160,4500
1630,160,4500
1640,160,4500
1650,160,4500
1660,160,4500
1670,160,4500
1680,160,4500
1690,160,4500
1700,160,4500
1400,170,4500
1410,170,4500
1420,170,4500
1430,170,4500
1440,170,4500
1450,170,4500
1460,170,4500
1470,170,4500
1480,170,4500
1490,170,4500
1500,170,4500
1510,170,4500
1520,170,4500
1530,170,4500
1540,170,4500
1550,170,4500
1560,170,4500
1570,170,4500
1580,170,4500
1590,170,4500
1600,170,4500
1610,170,4500
1620,170,4500
1630,170,4500
1640,170,4500
1650,170,4500
1660,170,4500
1670,170,4500
1680,170,4500
1690,170,4500
1700,170,4500
1400,180,4500
1410,180,4500
1420,180,4500
1430,180,4500
1440,180,4500
1450,180,4500
1460,180,4500
1470,180,4500
1480,180,4500
1490,180,4500
1500,180,4500
1510,180,4500
1520,180,4500
1530,180,4500
1540,180,4500
1550,180,4500
1560,180,4500
1570,180,4500
1580,180,4500
1590,180,4500
1600,180,4500
1610,180,4500
1620,180,4500
1630,180,4500
1640,180,4500
1650,180,4500
1660,180,4500
1670,180,4500
1680,180,4500
1690,180,4500
1700,180,4500
1400,190,4500
1410,190,4500
1420,190,4500
1430,190,4500
1440,190,4500
1450,190,4500
1460,190,4500
1470,190,4500
1480,190,4500
1490,190,4500
1500,190,4500
1510,190,4500
1520,190,4500
1530,190,4500
1540,190,4500
1550,190,4500
1560,190,4500
1570,190,4500
1580,190,4500
1590,190,4500
1600,190,4500
1610,190,4500
1620,190,4500
1630,190,4500
1640,190,4500
1650,190,4500
1660,190,4500
1670,190,4500
1680,190,4500
1690,190,4500
1700,190,4500
1400,200,4500
1410,200,4500
1420,200,4500
1430,200,4500
1440,200,4500
1450,200,4500
1460,200,4500
1470,200,4500
1480,200,4500
1490,200,4500
1500,200,4500
1510,200,4500
1520,200,4500
1530,200,4500
1540,200,4500
1550,200,4500
1560,200,4500
1570,200,4500
1580,200,4500
1590,200,4500
1600,200,4500
1610,200,4500
1620,200,4500
1630,200,4500
1640,200,4500
1650,200,4500
1660,200,4500
1670,200,4500
1680,200,4500
1690,200,4500
1700,200,4500
1400,210,4500
1410,210,4500
1420,210,4500
1430,210,4500
1440,210,4500
1450,210,4500
1460,210,4500
1470,210,4500
1480,210,4500
1490,210,4500
1500,210,4500
1510,210,4500
1520,210,4500
1530,210,4500
1540,210,4500
1550,210,4500
1560,210,4500
1570,210,4500
1580,210,4500
1590,210,4500
1600,210,4500
1610,210,4500
1620,210,4500
1630,210,4500
1640,210,4500
1650,210,4500
1660,210,4500
1670,210,4500
1680,210,4500
1690,210,4500
1700,210,4500
1400,220,4500
1410,220,4500
1420,220,4500
1430,220,4500
1440,220,4500
1450,220,4500
1460,220,4500
1470,220,4500
1480,220,4500
1490,220,4500
1500,220,4500
1510,220,4500
1520,220,4500
1530,220,4500
1540,220,4500
1550,220,4500
1560,220,4500
1570,220,4500
1580,220,4500
1590,220,4500
1600,220,4500
1610,220,4500
1620,220,4500
1630,220,4500
1640,220,4500
1650,220,4500
1660,220,4500
1670,220,4500
1680,220,4500
1690,220,4500
1700,220,4500
1400,230,4500
1410,230,4500
1420,230,4500
1430,230,4500
1440,230,4500
1450,230,4500
1460,230,4500
1470,230,4500
1480,230,4500
1490,230,4500
1500,230,4500
1510,230,4500
1520,230,4500
1530,230,4500
1540,230,4500
1550,230,4500
1560,230,4500
1570,230,4500
1580,230,4500
1590,230,4500
1600,230,4500
1610,230,4500
1620,230,4500
1630,230,4500
1640,230,4500
1650,230,4500
1660,230,4500
1670,230,4500
1680,230,4500
1690,230,4500
1700,230,4500
1400,240,4500
1410,240,4500
1420,240,4500
1430,240,4500
1440,240,4500
1450,240,4500
1460,240,4500
1470,240,4500
1480,240,4500
1490,240,4500
1500,240,4500
1510,240,4500
1520,240,4500
1530,240,4500
1540,240,4500
1550,240,4500
1560,240,4500
1570,240,4500
1580,240,4500
1590,240,4500
1600,240,4500
1610,240,4500
1620,240,4500
1630,240,4500
1640,240,4500
1650,240,4500
1660,240,4500
1670,240,4500
1680,240,4500
1690,240,4500
1700,240,4500
1400,250,4500
1410,250,4500
1420,250,4500
1430,250,4500
1440,250,4500
1450,250,4500
1460,250,4500
1470,250,4500
1480,250,4500
1490,250,4500
1500,250,4500
1510,250,4500
1520,250,4500
1530,250,4500
1540,250,4500
1550,250,4500
1560,250,4500
1570,250,4500
1580,250,4500
1590,250,4500
1600,250,4500
1610,250,4500
1620,250,4500
1630,250,4500
1640,250,4500
1650,250,4500
1660,250,4500
1670,250,4500
1680,250,4500
1690,250,4500
1700,250,4500
1400,50,4750
1410,50,4750
1420,50,4750
1430,50,4750
1440,50,4750
1450,50,4750
1460,50,4750
1470,50,4750
1480,50,4750
1490,50,4750
1500,50,4750
1510,50,4750
1520,50,4750
1530,50,4750
1540,50,4750
1550,50,4750
1560,50,4750
1570,50,4750
1580,50,4750
1590,50,4750
1600,50,4750
1610,50,4750
1620,50,4750
1630,50,4750
1640,50,4750
1650,50,4750
1660,50,4750
1670,50,4750
1680,50,4750
1690,50,4750
1700,50,4750
1400,60,4750
1410,60,4750
1420,60,4750
1430,60,4750
1440,60,4750
1450,60,4750
1460,60,4750
1470,60,4750
1480,60,4750
1490,60,4750
1500,60,4750
1510,60,4750
1520,60,4750
1530,60,4750
1540,60,4750
1550,60,4750
1560,60,4750
1570,60,4750
1580,60,4750
1590,60,4750
1600,60,4750
1610,60,4750
1620,60,4750
1630,60,4750
1640,60,4750
1650,60,4750
1660,60,4750
1670,60,4750
1680,60,4750
1690,60,4750
1700,60,4750
1400,70,4750
1410,70,4750
1420,70,4750
1430,70,4750
1440,70,4750
1450,70,4750
1460,70,4750
1470,70,4750
1480,70,4750
1490,70,4750
1500,70,4750
1510,70,4750
1520,70,4750
1530,70,4750
1540,70,4750
1550,70,4750
1560,70,4750
1570,70,4750
1580,70,4750
1590,70,4750
1600,70,4750
1610,70,4750
1620,70,4750
1630,70,4750
1640,70,4750
1650,70,4750
1660,70,4750
1670,70,4750
1680,70,4750
1690,70,4750
1700,70,4750
1400,80,4750
1410,80,4750
1420,80,4750
1430,80,4750
1440,80,4750
1450,80,4750
1460,80,4750
1470,80,4750
1480,80,4750
1490,80,4750
1500,80,4750
1510,80,4750
1520,80,4750
1530,80,4750
1540,80,4750
1550,80,4750
1560,80,4750
1570,80,4750
1580,80,4750
1590,80,4750
1600,80,4750
1610,80,4750
1620,80,4750
1630,80,4750
1640,80,4750
1650,80,4750
1660,80,4750
1670,80,4750
1680,80,4750
1690,80,4750
1700,80,4750
1400,90,4750
1410,90,4750
1420,90,4750
1430,90,4750
1440,90,4750
1450,90,4750
1460,90,4750
1470,90,4750
1480,90,4750
1490,90,4750
1500,90,4750
1510,90,4750
1520,90,4750
1530,90,4750
1540,90,4750
1550,90,4750
1560,90,4750
1570,90,4750
1580,90,4750
1590,90,4750
1600,90,4750
1610,90,4750
1620,90,4750
1630,90,4750
1640,90,4750
1650,90,4750
1660,90,4750
1670,90,4750
1680,90,4750
1690,90,4750
1700,90,4750
1400,100,4750
1410,100,4750
1420,100,4750
1430,100,4750
1440,100,4750
1450,100,4750
1460,100,4750
1470,100,4750
1480,100,4750
1490,100,4750
1500,100,4750
1510,100,4750
1520,100,4750
1530,100,4750
1540,100,4750
1550,100,4750
1560,100,4750
1570,100,4750
1580,100,4750
1590,100,4750
1600,100,4750
1610,100,4750
1620,100,4750
1630,100,4750
1640,100,4750
1650,100,4750
1660,100,4750
1670,100,4750
1680,100,4750
1690,100,4750
1700,100,4750
1400,110,4750
1410,110,4750
1420,110,4750
1430,110,4750
1440,110,4750
1450,110,4750
1460,110,4750
1470,110,4750
1480,110,4750
1490,110,4750
1500,110,4750
1510,110,4750
1520,110,4750
1530,110,4750
1540,110,4750
1550,110,4750
1560,110,4750
1570,110,4750
1580,110,4750
1590,110,4750
1600,110,4750
1610,110,4750
1620,110,4750
1630,110,4750
1640,110,4750
1650,110,4750
1660,110,4750
1670,110,4750
1680,110,4750
1690,110,4750
1700,110,4750
1400,120,4750
1410,120,4750
1420,120,4750
1430,120,4750
1440,120,4750
1450,120,4750
1460,120,4750
1470,120,4750
1480,120,4750
1490,120,4750
1500,120,4750
1510,120,4750
1520,120,4750
1530,120,4750
1540,120,4750
1550,120,4750
1560,120,4750
1570,120,4750
1580,120,4750
1590,120,4750
1600,120,4750
1610,120,4750
1620,120,4750
1630,120,4750
1640,120,4750
1650,120,4750
1660,120,4750
1670,120,4750
1680,120,4750
1690,120,4750
1700,120,4750
1400,130,4750
1410,130,4750
1420,130,4750
1430,130,4750
1440,130,4750
1450,130,4750
1460,130,4750
1470,130,4750
1480,130,4750
1490,130,4750
1500,130,4750
1510,130,4750
1520,130,4750
1530,130,4750
1540,130,4750
1550,130,4750
1560,130,4750
1570,130,4750
1580,130,4750
1590,130,4750
1600,130,4750
1610,130,4750
1620,130,4750
1630,130,4750
1640,130,4750
1650,130,4750
1660,130,4750
1670,130,4750
1680,130,4750
1690,130,4750
1700,130,4750
1400,140,4750
1410,140,4750
1420,140,4750
1430,140,4750
1440,140,4750
1450,140,4750
1460,140,4750
1470,140,4750
1480,140,4750
1490,140,4750
1500,140,4750
1510,140,4750
1520,140,4750
1530,140,4750
1540,140,4750
1550,140,4750
1560,140,4750
1570,140,4750
1580,140,4750
1590,140,4750
1600,140,4750
1610,140,4750
1620,140,4750
1630,140,4750
1640,140,4750
1650,140,4750
1660,140,4750
1670,140,4750
1680,140,4750
1690,140,4750
1700,140,4750
1400,150,4750
1410,150,4750
1420,150,4750
1430,150,4750
1440,150,4750
1450,150,4750
1460,150,4750
1470,150,4750
1480,150,4750
1490,150,4750
1500,150,4750
1510,150,4750
1520,150,4750
1530,150,4750
1540,150,4750
1550,150,4750
1560,150,4750
1570,150,4750
1580,150,4750
1590,150,4750
1600,150,4750
1610,150,4750
1620,150,4750
1630,150,4750
1640,150,4750
1650,150,4750
1660,150,4750
1670,150,4750
1680,150,4750
1690,150,4750
1700,150,4750
1400,160,4750
1410,160,4750
1420,160,4750
1430,160,4750
1440,160,4750
1450,160,4750
1460,160,4750
1470,160,4750
1480,160,4750
1490,160,4750
1500,160,4750
1510,160,4750
1520,160,4750
1530,160,4750
1540,160,4750
1550,160,4750
1560,160,4750
1570,160,4750
1580,160,4750
1590,160,4750
1600,160,4750
1610,160,4750
1620,160,4750
1630,160,4750
1640,160,4750
1650,160,4750
1660,160,4750
1670,160,4750
1680,160,4750
1690,160,4750
1700,160,4750
1400,170,4750
1410,170,4750
1420,170,4750
1430,170,4750
1440,170,4750
1450,170,4750
1460,170,4750
1470,170,4750
1480,170,4750
1490,170,4750
1500,170,4750
1510,170,4750
1520,170,4750
1530,170,4750
1540,170,4750
1550,170,4750
1560,170,4750
1570,170,4750
1580,170,4750
1590,170,4750
1600,170,4750
1610,170,4750
1620,170,4750
1630,170,4750
1640,170,4750
1650,170,4750
1660,170,4750
1670,170,4750
1680,170,4750
1690,170,4750
1700,170,4750
1400,180,4750
1410,180,4750
1420,180,4750
1430,180,4750
1440,180,4750
1450,180,4750
1460,180,4750
1470,180,4750
1480,180,4750
1490,180,4750
1500,180,4750
1510,180,4750
1520,180,4750
1530,180,4750
1540,180,4750
1550,180,4750
1560,180,4750
1570,180,4750
1580,180,4750
1590,180,4750
1600,180,4750
1610,180,4750
1620,180,4750
1630,180,4750
1640,180,4750
1650,180,4750
1660,180,4750
1670,180,4750
1680,180,4750
1690,180,4750
1700,180,4750
1400,190,4750
1410,190,4750
1420,190,4750
1430,190,4750
1440,190,4750
1450,190,4750
1460,190,4750
1470,190,4750
1480,190,4750
1490,190,4750
1500,190,4750
1510,190,4750
1520,190,4750
1530,190,4750
1540,190,4750
1550,190,4750
1560,190,4750
1570,190,4750
1580,190,4750
1590,190,4750
1600,190,4750
1610,190,4750
1620,190,4750
1630,190,4750
1640,190,4750
1650,190,4750
1660,190,4750
1670,190,4750
1680,190,4750
1690,190,4750
1700,190,4750
1400,200,4750
1410,200,4750
1420,200,4750
1430,200,4750
1440,200,4750
1450,200,4750
1460,200,4750
1470,200,4750
1480,200,4750
1490,200,4750
1500,200,4750
1510,200,4750
1520,200,4750
1530,200,4750
1540,200,4750
1550,200,4750
1560,200,4750
1570,200,4750
1580,200,4750
1590,200,4750
1600,200,4750
1610,200,4750
1620,200,4750
1630,200,4750
1640,200,4750
1650,200,4750
1660,200,4750
1670,200,4750
1680,200,4750
1690,200,4750
1700,200,4750
1400,210,4750
1410,210,4750
1420,210,4750
1430,210,4750
1440,210,4750
1450,210,4750
1460,210,4750
1470,210,4750
1480,210,4750
1490,210,4750
1500,210,4750
1510,210,4750
1520,210,4750
1530,210,4750
1540,210,4750
1550,210,4750
1560,210,4750
1570,210,4750
1580,210,4750
1590,210,4750
1600,210,4750
1610,210,4750
1620,210,4750
1630,210,4750
1640,210,4750
1650,210,4750
1660,210,4750
1670,210,4750
1680,210,4750
1690,210,4750
1700,210,4750
1400,220,4750
1410,220,4750
1420,220,4750
1430,220,4750
1440,220,4750
1450,220,4750
1460,220,4750
1470,220,4750
1480,220,4750
1490,220,4750
1500,220,4750
1510,220,4750
1520,220,4750
1530,220,4750
1540,220,4750
1550,220,4750
1560,220,4750
1570,220,4750
1580,220,4750
1590,220,4750
1600,220,4750
1610,220,4750
1620,220,4750
1630,220,4750
1640,220,4750
1650,220,4750
1660,220,4750
1670,220,4750
1680,220,4750
1690,220,4750
1700,220,4750
1400,230,4750
1410,230,4750
1420,230,4750
1430,230,4750
1440,230,4750
1450,230,4750
1460,230,4750
1470,230,4750
1480,230,4750
1490,230,4750
1500,230,4750
1510,230,4750
1520,230,4750
1530,230,4750
1540,230,4750
1550,230,4750
1560,230,4750
1570,230,4750
1580,230,4750
1590,230,4750
1600,230,4750
1610,230,4750
1620,230,4750
1630,230,4750
1640,230,4750
1650,230,4750
1660,230,4750
1670,230,4750
1680,230,4750
1690,230,4750
1700,230,4750
1400,240,4750
1410,240,4750
1420,240,4750
1430,240,4750
1440,240,4750
1450,240,4750
1460,240,4750
1470,240,4750
1480,240,4750
1490,240,4750
1500,240,4750
1510,240,4750
1520,240,4750
1530,240,4750
1540,240,4750
1550,240,4750
1560,240,4750
1570,240,4750
1580,240,4750
1590,240,4750
1600,240,4750
1610,240,4750
1620,240,4750
1630,240,4750
1640,240,4750
1650,240,4750
1660,240,4750
1670,240,4750
1680,240,4750
1690,240,4750
1700,240,4750
1400,250,4750
1410,250,4750
1420,250,4750
1430,250,4750
1440,250,4750
1450,250,4750
1460,250,4750
1470,250,4750
1480,250,4750
1490,250,4750
1500,250,4750
1510,250,4750
1520,250,4750
1530,250,4750
1540,250,4750
1550,250,4750
1560,250,4750
1570,250,4750
1580,250,4750
1590,250,4750
1600,250,4750
1610,250,4750
1620,250,4750
1630,250,4750
1640,250,4750
1650,250,4750
1660,250,4750
1670,250,4750
1680,250,4750
1690,250,4750
1700,250,4750
1400,50,5000
1410,50,5000
1420,50,5000
1430,50,5000
1440,50,5000
1450,50,5000
1460,50,5000
1470,50,5000
1480,50,5000
1490,50,5000
1500,50,5000
1510,50,5000
1520,50,5000
1530,50,5000
1540,50,5000
1550,50,5000
1560,50,5000
1570,50,5000
1580,50,5000
1590,50,5000
1600,50,5000
1610,50,5000
1620,50,5000
1630,50,5000
1640,50,5000
1650,50,5000
1660,50,5000
1670,50,5000
1680,50,5000
1690,50,5000
1700,50,5000
1400,60,5000
1410,60,5000
1420,60,5000
1430,60,5000
1440,60,5000
1450,60,5000
1460,60,5000
1470,60,5000
1480,60,5000
1490,60,5000
1500,60,5000
1510,60,5000
1520,60,5000
1530,60,5000
1540,60,5000
1550,60,5000
1560,60,5000
1570,60,5000
1580,60,5000
1590,60,5000
1600,60,5000
1610,60,5000
1620,60,5000
1630,60,5000
1640,60,5000
1650,60,5000
1660,60,5000
1670,60,5000
1680,60,5000
1690,60,5000
1700,60,5000
1400,70,5000
1410,70,5000
1420,70,5000
1430,70,5000
1440,70,5000
1450,70,5000
1460,70,5000
1470,70,5000
1480,70,5000
1490,70,5000
1500,70,5000
1510,70,5000
1520,70,5000
1530,70,5000
1540,70,5000
1550,70,5000
1560,70,5000
1570,70,5000
1580,70,5000
1590,70,5000
1600,70,5000
1610,70,5000
1620,70,5000
1630,70,5000
1640,70,5000
1650,70,5000
1660,70,5000
1670,70,5000
1680,70,5000
1690,70,5000
1700,70,5000
1400,80,5000
1410,80,5000
1420,80,5000
1430,80,5000
1440,80,5000
1450,80,5000
1460,80,5000
1470,80,5000
1480,80,5000
1490,80,5000
1500,80,5000
1510,80,5000
1520,80,5000
1530,80,5000
1540,80,5000
1550,80,5000
1560,80,5000
1570,80,5000
1580,80,5000
1590,80,5000
1600,80,5000
1610,80,5000
1620,80,5000
1630,80,5000
1640,80,5000
1650,80,5000
1660,80,5000
1670,80,5000
1680,80,5000
1690,80,5000
1700,80,5000
1400,90,5000
1410,90,5000
1420,90,5000
1430,90,5000
1440,90,5000
1450,90,5000
1460,90,5000
1470,90,5000
1480,90,5000
1490,90,5000
1500,90,5000
1510,90,5000
1520,90,5000
1530,90,5000
1540,90,5000
1550,90,5000
1560,90,5000
1570,90,5000
1580,90,5000
1590,90,5000
1600,90,5000
1610,90,5000
1620,90,5000
1630,90,5000
1640,90,5000
1650,90,5000
1660,90,5000
1670,90,5000
1680,90,5000
1690,90,5000
1700,90,5000
1400,100,5000
1410,100,5000
1420,100,5000
1430,100,5000
1440,100,5000
1450,100,5000
1460,100,5000
1470,100,5000
1480,100,5000
1490,100,5000
1500,100,5000
1510,100,5000
1520,100,5000
1530,100,5000
1540,100,5000
1550,100,5000
1560,100,5000
1570,100,5000
1580,100,5000
1590,100,5000
1600,100,5000
1610,100,5000
1620,100,5000
1630,100,5000
1640,100,5000
1650,100,5000
1660,100,5000
1670,100,5000
1680,100,5000
1690,100,5000
1700,100,5000
1400,110,5000
1410,110,5000
1420,110,5000
1430,110,5000
1440,110,5000
1450,110,5000
1460,110,5000
1470,110,5000
1480,110,5000
1490,110,5000
1500,110,5000
1510,110,5000
1520,110,5000
1530,110,5000
1540,110,5000
1550,110,5000
1560,110,5000
1570,110,5000
1580,110,5000
1590,110,5000
1600,110,5000
1610,110,5000
1620,110,5000
1630,110,5000
1640,110,5000
1650,110,5000
1660,110,5000
1670,110,5000
1680,110,5000
1690,110,5000
1700,110,5000
1400,120,5000
1410,120,5000
1420,120,5000
1430,120,5000
1440,120,5000
1450,120,5000
1460,120,5000
1470,120,5000
1480,120,5000
1490,120,5000
1500,120,5000
1510,120,5000
1520,120,5000
1530,120,5000
1540,120,5000
1550,120,5000
1560,120,5000
1570,120,5000
1580,120,5000
1590,120,5000
1600,120,5000
1610,120,5000
1620,120,5000
1630,120,5000
1640,120,5000
1650,120,5000
1660,120,5000
1670,120,5000
1680,120,5000
1690,120,5000
1700,120,5000
1400,130,5000
1410,130,5000
1420,130,5000
1430,130,5000
1440,130,5000
1450,130,5000
1460,130,5000
1470,130,5000
1480,130,5000
1490,130,5000
1500,130,5000
1510,130,5000
1520,130,5000
1530,130,5000
1540,130,5000
1550,130,5000
1560,130,5000
1570,130,5000
1580,130,5000
1590,130,5000
1600,130,5000
1610,130,5000
1620,130,5000
1630,130,5000
1640,130,5000
1650,130,5000
1660,130,5000
1670,130,5000
1680,130,5000
1690,130,5000
1700,130,5000
1400,140,5000
1410,140,5000
1420,140,5000
1430,140,5000
1440,140,5000
1450,140,5000
1460,140,5000
1470,140,5000
1480,140,5000
1490,140,5000
1500,140,5000
1510,140,5000
1520,140,5000
1530,140,5000
1540,140,5000
1550,140,5000
1560,140,5000
1570,140,5000
1580,140,5000
1590,140,5000
1600,140,5000
1610,140,5000
1620,140,5000
1630,140,5000
1640,140,5000
1650,140,5000
1660,140,5000
1670,140,5000
1680,140,5000
1690,140,5000
1700,140,5000
1400,150,5000
1410,150,5000
1420,150,5000
1430,150,5000
1440,150,5000
1450,150,5000
1460,150,5000
1470,150,5000
1480,150,5000
1490,150,5000
1500,150,5000
1510,150,5000
1520,150,5000
1530,150,5000
1540,150,5000
1550,150,5000
1560,150,5000
1570,150,5000
1580,150,5000
1590,150,5000
1600,150,5000
1610,150,5000
1620,150,5000
1630,150,5000
1640,150,5000
1650,150,5000
1660,150,5000
1670,150,5000
1680,150,5000
1690,150,5000
1700,150,5000
1400,160,5000
1410,160,5000
1420,160,5000
1430,160,5000
1440,160,5000
1450,160,5000
1460,160,5000
1470,160,5000
1480,160,5000
1490,160,5000
1500,160,5000
1510,160,5000
1520,160,5000
1530,160,5000
1540,160,5000
1550,160,5000
1560,160,5000
1570,160,5000
1580,160,5000
1590,160,5000
1600,160,5000
1610,160,5000
1620,160,5000
1630,160,5000
1640,160,5000
1650,160,5000
1660,160,5000
1670,160,5000
1680,160,5000
1690,160,5000
1700,160,5000
1400,170,5000
1410,170,5000
1420,170,5000
1430,170,5000
1440,170,5000
1450,170,5000
1460,170,5000
1470,170,5000
1480,170,5000
1490,170,5000
1500,170,5000
1510,170,5000
1520,170,5000
1530,170,5000
1540,170,5000
1550,170,5000
1560,170,5000
1570,170,5000
1580,170,5000
1590,170,5000
1600,170,5000
1610,170,5000
1620,170,5000
1630,170,5000
1640,170,5000
1650,170,5000
1660,170,5000
1670,170,5000
1680,170,5000
1690,170,5000
1700,170,5000
1400,180,5000
1410,180,5000
1420,180,5000
1430,180,5000
1440,180,5000
1450,180,5000
1460,180,5000
1470,180,5000
1480,180,5000
1490,180,5000
1500,180,5000
1510,180,5000
1520,180,5000
1530,180,5000
1540,180,5000
1550,180,5000
1560,180,5000
1570,180,5000
1580,180,5000
1590,180,5000
1600,180,5000
1610,180,5000
1620,180,5000
1630,180,5000
1640,180,5000
1650,180,5000
1660,180,5000
1670,180,5000
1680,180,5000
1690,180,5000
1700,180,5000
1400,190,5000
1410,190,5000
1420,190,5000
1430,190,5000
1440,190,5000
1450,190,5000
1460,190,5000
1470,190,5000
1480,190,5000
1490,190,5000
1500,190,5000
1510,190,5000
1520,190,5000
1530,190,5000
1540,190,5000
1550,190,5000
1560,190,5000
1570,190,5000
1580,190,5000
1590,190,5000
1600,190,5000
1610,190,5000
1620,190,5000
1630,190,5000
1640,190,5000
1650,190,5000
1660,190,5000
1670,190,5000
1680,190,5000
1690,190,5000
1700,190,5000
1400,200,5000
1410,200,5000
1420,200,5000
1430,200,5000
1440,200,5000
1450,200,5000
1460,200,5000
1470,200,5000
1480,200,5000
1490,200,5000
1500,200,5000
1510,200,5000
1520,200,5000
1530,200,5000
1540,200,5000
1550,200,5000
1560,200,5000
1570,200,5000
1580,200,5000
1590,200,5000
1600,200,5000
1610,200,5000
1620,200,5000
1630,200,5000
1640,200,5000
1650,200,5000
1660,200,5000
1670,200,5000
1680,200,5000
1690,200,5000
1700,200,5000
1400,210,5000
1410,210,5000
1420,210,5000
1430,210,5000
1440,210,5000
1450,210,5000
1460,210,5000
1470,210,5000
1480,210,5000
1490,210,5000
1500,210,5000
1510,210,5000
1520,210,5000
1530,210,5000
1540,210,5000
1550,210,5000
1560,210,5000
1570,210,5000
1580,210,5000
1590,210,5000
1600,210,5000
1610,210,5000
1620,210,5000
1630,210,5000
1640,210,5000
1650,210,5000
1660,210,5000
1670,210,5000
1680,210,5000
1690,210,5000
1700,210,5000
1400,220,5000
1410,220,5000
1420,220,5000
1430,220,5000
1440,220,5000
1450,220,5000
1460,220,5000
1470,220,5000
1480,220,5000
1490,220,5000
1500,220,5000
1510,220,5000
1520,220,5000
1530,220,5000
1540,220,5000
1550,220,5000
1560,220,5000
1570,220,5000
1580,220,5000
1590,220,5000
1600,220,5000
1610,220,5000
1620,220,5000
1630,220,5000
1640,220,5000
1650,220,5000
1660,220,5000
1670,220,5000
1680,220,5000
1690,220,5000
1700,220,5000
1400,230,5000
1410,230,5000
1420,230,5000
1430,230,5000
1440,230,5000
1450,230,5000
1460,230,5000
1470,230,5000
1480,230,5000
1490,230,5000
1500,230,5000
1510,230,5000
1520,230,5000
1530,230,5000
1540,230,5000
1550,230,5000
1560,230,5000
1570,230,5000
1580,230,5000
1590,230,5000
1600,230,5000
1610,230,5000
1620,230,5000
1630,230,5000
1640,230,5000
1650,230,5000
1660,230,5000
1670,230,5000
1680,230,5000
1690,230,5000
1700,230,5000
1400,240,5000
1410,240,5000
1420,240,5000
1430,240,5000
1440,240,5000
1450,240,5000
1460,240,5000
1470,240,5000
1480,240,5000
1490,240,5000
1500,240,5000
1510,240,5000
1520,240,5000
1530,240,5000
1540,240,5000
1550,240,5000
1560,240,5000
1570,240,5000
1580,240,5000
1590,240,5000
1600,240,5000
1610,240,5000
1620,240,5000
1630,240,5000
1640,240,5000
1650,240,5000
1660,240,5000
1670,240,5000
1680,240,5000
1690,240,5000
1700,240,5000
1400,250,5000
1410,250,5000
1420,250,5000
1430,250,5000
1440,250,5000
1450,250,5000
1460,250,5000
1470,250,5000
1480,250,5000
1490,250,5000
1500,250,5000
1510,250,5000
1520,250,5000
1530,250,5000
1540,250,5000
1550,250,5000
1560,250,5000
1570,250,5000
1580,250,5000
1590,250,5000
1600,250,5000
1610,250,5000
1620,250,5000
1630,250,5000
1640,250,5000
1650,250,5000
1660,250,5000
1670,250,5000
1680,250,5000
1690,250,5000
1700,250,5000
1400,50,5250
1410,50,5250
1420,50,5250
1430,50,5250
1440,50,5250
1450,50,5250
1460,50,5250
1470,50,5250
1480,50,5250
1490,50,5250
1500,50,5250
1510,50,5250
1520,50,5250
1530,50,5250
1540,50,5250
1550,50,5250
1560,50,5250
1570,50,5250
1580,50,5250
1590,50,5250
1600,50,5250
1610,50,5250
1620,50,5250
1630,50,5250
1640,50,5250
1650,50,5250
1660,50,5250
1670,50,5250
1680,50,5250
1690,50,5250
1700,50,5250
1400,60,5250
1410,60,5250
1420,60,5250
1430,60,5250
1440,60,5250
1450,60,5250
1460,60,5250
1470,60,5250
1480,60,5250
1490,60,5250
1500,60,5250
1510,60,5250
1520,60,5250
1530,60,5250
1540,60,5250
1550,60,5250
1560,60,5250
1570,60,5250
1580,60,5250
1590,60,5250
1600,60,5250
1610,60,5250
1620,60,5250
1630,60,5250
1640,60,5250
1650,60,5250
1660,60,5250
1670,60,5250
1680,60,5250
1690,60,5250
1700,60,5250
1400,70,5250
1410,70,5250
1420,70,5250
1430,70,5250
1440,70,5250
1450,70,5250
1460,70,5250
1470,70,5250
1480,70,5250
1490,70,5250
1500,70,5250
1510,70,5250
1520,70,5250
1530,70,5250
1540,70,5250
1550,70,5250
1560,70,5250
1570,70,5250
1580,70,5250
1590,70,5250
1600,70,5250
1610,70,5250
1620,70,5250
1630,70,5250
1640,70,5250
1650,70,5250
1660,70,5250
1670,70,5250
1680,70,5250
1690,70,5250
1700,70,5250
1400,80,5250
1410,80,5250
1420,80,5250
1430,80,5250
1440,80,5250
1450,80,5250
1460,80,5250
1470,80,5250
1480,80,5250
1490,80,5250
1500,80,5250
1510,80,5250
1520,80,5250
1530,80,5250
1540,80,5250
1550,80,5250
1560,80,5250
1570,80,5250
1580,80,5250
1590,80,5250
1600,80,5250
1610,80,5250
1620,80,5250
1630,80,5250
1640,80,5250
1650,80,5250
1660,80,5250
1670,80,5250
1680,80,5250
1690,80,5250
1700,80,5250
1400,90,5250
1410,90,5250
1420,90,5250
1430,90,5250
1440,90,5250
1450,90,5250
1460,90,5250
1470,90,5250
1480,90,5250
1490,90,5250
1500,90,5250
1510,90,5250
1520,90,5250
1530,90,5250
1540,90,5250
1550,90,5250
1560,90,5250
1570,90,5250
1580,90,5250
1590,90,5250
1600,90,5250
1610,90,5250
1620,90,5250
1630,90,5250
1640,90,5250
1650,90,5250
1660,90,5250
1670,90,5250
1680,90,5250
1690,90,5250
1700,90,5250
1400,100,5250
1410,100,5250
1420,100,5250
1430,100,5250
1440,100,5250
1450,100,5250
1460,100,5250
1470,100,5250
1480,100,5250
1490,100,5250
1500,100,5250
1510,100,5250
1520,100,5250
1530,100,5250
1540,100,5250
1550,100,5250
1560,100,5250
1570,100,5250
1580,100,5250
1590,100,5250
1600,100,5250
1610,100,5250
1620,100,5250
1630,100,5250
1640,100,5250
1650,100,5250
1660,100,5250
1670,100,5250
1680,100,5250
1690,100,5250
1700,100,5250
1400,110,5250
1410,110,5250
1420,110,5250
1430,110,5250
1440,110,5250
1450,110,5250
1460,110,5250
1470,110,5250
1480,110,5250
1490,110,5250
1500,110,5250
1510,110,5250
1520,110,5250
1530,110,5250
1540,110,5250
1550,110,5250
1560,110,5250
1570,110,5250
1580,110,5250
1590,110,5250
1600,110,5250
1610,110,5250
1620,110,5250
1630,110,5250
1640,110,5250
1650,110,5250
1660,110,5250
1670,110,5250
1680,110,5250
1690,110,5250
1700,110,5250
1400,120,5250
1410,120,5250
1420,120,5250
1430,120,5250
1440,120,5250
1450,120,5250
1460,120,5250
1470,120,5250
1480,120,5250
1490,120,5250
1500,120,5250
1510,120,5250
1520,120,5250
1530,120,5250
1540,120,5250
1550,120,5250
1560,120,5250
1570,120,5250
1580,120,5250
1590,120,5250
1600,120,5250
1610,120,5250
1620,120,5250
1630,120,5250
1640,120,5250
1650,120,5250
1660,120,5250
1670,120,5250
1680,120,5250
1690,120,5250
1700,120,5250
1400,130,5250
1410,130,5250
1420,130,5250
1430,130,5250
1440,130,5250
1450,130,5250
1460,130,5250
1470,130,5250
1480,130,5250
1490,130,5250
1500,130,5250
1510,130,5250
1520,130,5250
1530,130,5250
1540,130,5250
1550,130,5250
1560,130,5250
1570,130,5250
1580,130,5250
1590,130,5250
1600,130,5250
1610,130,5250
1620,130,5250
1630,130,5250
1640,130,5250
1650,130,5250
1660,130,5250
1670,130,5250
1680,130,5250
1690,130,5250
1700,130,5250
1400,140,5250
1410,140,5250
1420,140,5250
1430,140,5250
1440,140,5250
1450,140,5250
1460,140,5250
1470,140,5250
1480,140,5250
1490,140,5250
1500,140,5250
1510,140,5250
1520,140,5250
1530,140,5250
1540,140,5250
1550,140,5250
1560,140,5250
1570,140,5250
1580,140,5250
1590,140,5250
1600,140,5250
1610,140,5250
1620,140,5250
1630,140,5250
1640,140,5250
1650,140,5250
1660,140,5250
1670,140,5250
1680,140,5250
1690,140,5250
1700,140,5250
1400,150,5250
1410,150,5250
1420,150,5250
1430,150,5250
1440,150,5250
1450,150,5250
1460,150,5250
1470,150,5250
1480,150,5250
1490,150,5250
1500,150,5250
1510,150,5250
1520,150,5250
1530,150,5250
1540,150,5250
1550,150,5250
1560,150,5250
1570,150,5250
1580,150,5250
1590,150,5250
1600,150,5250
1610,150,5250
1620,150,5250
1630,150,5250
1640,150,5250
1650,150,5250
1660,150,5250
1670,150,5250
1680,150,5250
1690,150,5250
1700,150,5250
1400,160,5250
1410,160,5250
1420,160,5250
1430,160,5250
1440,160,5250
1450,160,5250
1460,160,5250
1470,160,5250
1480,160,5250
1490,160,5250
1500,160,5250
1510,160,5250
1520,160,5250
1530,160,5250
1540,160,5250
1550,160,5250
1560,160,5250
1570,160,5250
1580,160,5250
1590,160,5250
1600,160,5250
1610,160,5250
1620,160,5250
1630,160,5250
1640,160,5250
1650,160,5250
1660,160,5250
1670,160,5250
1680,160,5250
1690,160,5250
1700,160,5250
1400,170,5250
1410,170,5250
1420,170,5250
1430,170,5250
1440,170,5250
1450,170,5250
1460,170,5250
1470,170,5250
1480,170,5250
1490,170,5250
1500,170,5250
1510,170,5250
1520,170,5250
1530,170,5250
1540,170,5250
1550,170,5250
1560,170,5250
1570,170,5250
1580,170,5250
1590,170,5250
1600,170,5250
1610,170,5250
1620,170,5250
1630,170,5250
1640,170,5250
1650,170,5250
1660,170,5250
1670,170,5250
1680,170,5250
1690,170,5250
1700,170,5250
1400,180,5250
1410,180,5250
1420,180,5250
1430,180,5250
1440,180,5250
1450,180,5250
1460,180,5250
1470,180,5250
1480,180,5250
1490,180,5250
1500,180,5250
1510,180,5250
1520,180,5250
1530,180,5250
1540,180,5250
1550,180,5250
1560,180,5250
1570,180,5250
1580,180,5250
1590,180,5250
1600,180,5250
1610,180,5250
1620,180,5250
1630,180,5250
1640,180,5250
1650,180,5250
1660,180,5250
1670,180,5250
1680,180,5250
1690,180,5250
1700,180,5250
1400,190,5250
1410,190,5250
1420,190,5250
1430,190,5250
1440,190,5250
1450,190,5250
1460,190,5250
1470,190,5250
1480,190,5250
1490,190,5250
1500,190,5250
1510,190,5250
1520,190,5250
1530,190,5250
1540,190,5250
1550,190,5250
1560,190,5250
1570,190,5250
1580,190,5250
1590,190,5250
1600,190,5250
1610,190,5250
1620,190,5250
1630,190,5250
1640,190,5250
1650,190,5250
1660,190,5250
1670,190,5250
1680,190,5250
1690,190,5250
1700,190,5250
1400,200,5250
1410,200,5250
1420,200,5250
1430,200,5250
1440,200,5250
1450,200,5250
1460,200,5250
1470,200,5250
1480,200,5250
1490,200,5250
1500,200,5250
1510,200,5250
1520,200,5250
1530,200,5250
1540,200,5250
1550,200,5250
1560,200,5250
1570,200,5250
1580,200,5250
1590,200,5250
1600,200,5250
1610,200,5250
1620,200,5250
1630,200,5250
1640,200,5250
1650,200,5250
1660,200,5250
1670,200,5250
1680,200,5250
1690,200,5250
1700,200,5250
1400,210,5250
1410,210,5250
1420,210,5250
1430,210,5250
1440,210,5250
1450,210,5250
1460,210,5250
1470,210,5250
1480,210,5250
1490,210,5250
1500,210,5250
1510,210,5250
1520,210,5250
1530,210,5250
1540,210,5250
1550,210,5250
1560,210,5250
1570,210,5250
1580,210,5250
1590,210,5250
1600,210,5250
1610,210,5250
1620,210,5250
1630,210,5250
1640,210,5250
1650,210,5250
1660,210,5250
1670,210,5250
1680,210,5250
1690,210,5250
1700,210,5250
1400,220,5250
1410,220,5250
1420,220,5250
1430,220,5250
1440,220,5250
1450,220,5250
1460,220,5250
1470,220,5250
1480,220,5250
1490,220,5250
1500,220,5250
1510,220,5250
1520,220,5250
1530,220,5250
1540,220,5250
1550,220,5250
1560,220,5250
1570,220,5250
1580,220,5250
1590,220,5250
1600,220,5250
1610,220,5250
1620,220,5250
1630,220,5250
1640,220,5250
1650,220,5250
1660,220,5250
1670,220,5250
1680,220,5250
1690,220,5250
1700,220,5250
1400,230,5250
1410,230,5250
1420,230,5250
1430,230,5250
1440,230,5250
1450,230,5250
1460,230,5250
1470,230,5250
1480,230,5250
1490,230,5250
1500,230,5250
1510,230,5250
1520,230,5250
1530,230,5250
1540,230,5250
1550,230,5250
1560,230,5250
1570,230,5250
1580,230,5250
1590,230,5250
1600,230,5250
1610,230,5250
1620,230,5250
1630,230,5250
1640,230,5250
1650,230,5250
1660,230,5250
1670,230,5250
1680,230,5250
1690,230,5250
1700,230,5250
1400,240,5250
1410,240,5250
1420,240,5250
1430,240,5250
1440,240,5250
1450,240,5250
1460,240,5250
1470,240,5250
1480,240,5250
1490,240,5250
1500,240,5250
1510,240,5250
1520,240,5250
1530,240,5250
1540,240,5250
1550,240,5250
1560,240,5250
1570,240,5250
1580,240,5250
1590,240,5250
1600,240,5250
1610,240,5250
1620,240,5250
1630,240,5250
1640,240,5250
1650,240,5250
1660,240,5250
1670,240,5250
1680,240,5250
1690,240,5250
1700,240,5250
1400,250,5250
1410,250,5250
1420,250,5250
1430,250,5250
1440,250,5250
1450,250,5250
1460,250,5250
1470,250,5250
1480,250,5250
1490,250,5250
1500,250,5250
1510,250,5250
1520,250,5250
1530,250,5250
1540,250,5250
1550,250,5250
1560,250,5250
1570,250,5250
1580,250,5250
1590,250,5250
1600,250,5250
1610,250,5250
1620,250,5250
1630,250,5250
1640,250,5250
1650,250,5250
1660,250,5250
1670,250,5250
1680,250,5250
1690,250,5250
1700,250,5250
1400,50,5500
1410,50,5500
1420,50,5500
1430,50,5500
1440,50,5500
1450,50,5500
1460,50,5500
1470,50,5500
1480,50,5500
1490,50,5500
1500,50,5500
1510,50,5500
1520,50,5500
1530,50,5500
1540,50,5500
1550,50,5500
1560,50,5500
1570,50,5500
1580,50,5500
1590,50,5500
1600,50,5500
1610,50,5500
1620,50,5500
1630,50,5500
1640,50,5500
1650,50,5500
1660,50,5500
1670,50,5500
1680,50,5500
1690,50,5500
1700,50,5500
1400,60,5500
1410,60,5500
1420,60,5500
1430,60,5500
1440,60,5500
1450,60,5500
1460,60,5500
1470,60,5500
1480,60,5500
1490,60,5500
1500,60,5500
1510,60,5500
1520,60,5500
1530,60,5500
1540,60,5500
1550,60,5500
1560,60,5500
1570,60,5500
1580,60,5500
1590,60,5500
1600,60,5500
1610,60,5500
1620,60,5500
1630,60,5500
1640,60,5500
1650,60,5500
1660,60,5500
1670,60,5500
1680,60,5500
1690,60,5500
1700,60,5500
1400,70,5500
1410,70,5500
1420,70,5500
1430,70,5500
1440,70,5500
1450,70,5500
1460,70,5500
1470,70,5500
1480,70,5500
1490,70,5500
1500,70,5500
1510,70,5500
1520,70,5500
1530,70,5500
1540,70,5500
1550,70,5500
1560,70,5500
1570,70,5500
1580,70,5500
1590,70,5500
1600,70,5500
1610,70,5500
1620,70,5500
1630,70,5500
1640,70,5500
1650,70,5500
1660,70,5500
1670,70,5500
1680,70,5500
1690,70,5500
1700,70,5500
1400,80,5500
1410,80,5500
1420,80,5500
1430,80,5500
1440,80,5500
1450,80,5500
1460,80,5500
1470,80,5500
1480,80,5500
1490,80,5500
1500,80,5500
1510,80,5500
1520,80,5500
1530,80,5500
1540,80,5500
1550,80,5500
1560,80,5500
1570,80,5500
1580,80,5500
1590,80,5500
1600,80,5500
1610,80,5500
1620,80,5500
1630,80,5500
1640,80,5500
1650,80,5500
1660,80,5500
1670,80,5500
1680,80,5500
1690,80,5500
1700,80,5500
1400,90,5500
1410,90,5500
1420,90,5500
1430,90,5500
1440,90,5500
1450,90,5500
1460,90,5500
1470,90,5500
1480,90,5500
1490,90,5500
1500,90,5500
1510,90,5500
1520,90,5500
1530,90,5500
1540,90,5500
1550,90,5500
1560,90,5500
1570,90,5500
1580,90,5500
1590,90,5500
1600,90,5500
1610,90,5500
1620,90,5500
1630,90,5500
1640,90,5500
1650,90,5500
1660,90,5500
1670,90,5500
1680,90,5500
1690,90,5500
1700,90,5500
1400,100,5500
1410,100,5500
1420,100,5500
1430,100,5500
1440,100,5500
1450,100,5500
1460,100,5500
1470,100,5500
1480,100,5500
1490,100,5500
1500,100,5500
1510,100,5500
1520,100,5500
1530,100,5500
1540,100,5500
1550,100,5500
1560,100,5500
1570,100,5500
1580,100,5500
1590,100,5500
1600,100,5500
1610,100,5500
1620,100,5500
1630,100,5500
1640,100,5500
1650,100,5500
1660,100,5500
1670,100,5500
1680,100,5500
1690,100,5500
1700,100,5500
1400,110,5500
1410,110,5500
1420,110,5500
1430,110,5500
1440,110,5500
1450,110,5500
1460,110,5500
1470,110,5500
1480,110,5500
1490,110,5500
1500,110,5500
1510,110,5500
1520,110,5500
1530,110,5500
1540,110,5500
1550,110,5500
1560,110,5500
1570,110,5500
1580,110,5500
1590,110,5500
1600,110,5500
1610,110,5500
1620,110,5500
1630,110,5500
1640,110,5500
1650,110,5500
1660,110,5500
1670,110,5500
1680,110,5500
1690,110,5500
1700,110,5500
1400,120,5500
1410,120,5500
1420,120,5500
1430,120,5500
1440,120,5500
1450,120,5500
1460,120,5500
1470,120,5500
1480,120,5500
1490,120,5500
1500,120,5500
1510,120,5500
1520,120,5500
1530,120,5500
1540,120,5500
1550,120,5500
1560,120,5500
1570,120,5500
1580,120,5500
1590,120,5500
1600,120,5500
1610,120,5500
1620,120,5500
1630,120,5500
1640,120,5500
1650,120,5500
1660,120,5500
1670,120,5500
1680,120,5500
1690,120,5500
1700,120,5500
1400,130,5500
1410,130,5500
1420,130,5500
1430,130,5500
1440,130,5500
1450,130,5500
1460,130,5500
1470,130,5500
1480,130,5500
1490,130,5500
1500,130,5500
1510,130,5500
1520,130,5500
1530,130,5500
1540,130,5500
1550,130,5500
1560,130,5500
1570,130,5500
1580,130,5500
1590,130,5500
1600,130,5500
1610,130,5500
1620,130,5500
1630,130,5500
1640,130,5500
1650,130,5500
1660,130,5500
1670,130,5500
1680,130,5500
1690,130,5500
1700,130,5500
1400,140,5500
1410,140,5500
1420,140,5500
1430,140,5500
1440,140,5500
1450,140,5500
1460,140,5500
1470,140,5500
1480,140,5500
1490,140,5500
1500,140,5500
1510,140,5500
1520,140,5500
1530,140,5500
1540,140,5500
1550,140,5500
1560,140,5500
1570,140,5500
1580,140,5500
1590,140,5500
1600,140,5500
1610,140,5500
1620,140,5500
1630,140,5500
1640,140,5500
1650,140,5500
1660,140,5500
1670,140,5500
1680,140,5500
1690,140,5500
1700,140,5500
1400,150,5500
1410,150,5500
1420,150,5500
1430,150,5500
1440,150,5500
1450,150,5500
1460,150,5500
1470,150,5500
1480,150,5500
1490,150,5500
1500,150,5500
1510,150,5500
1520,150,5500
1530,150,5500
1540,150,5500
1550,150,5500
1560,150,5500
1570,150,5500
1580,150,5500
1590,150,5500
1600,150,5500
1610,150,5500
1620,150,5500
1630,150,5500
1640,150,5500
1650,150,5500
1660,150,5500
1670,150,5500
1680,150,5500
1690,150,5500
1700,150,5500
1400,160,5500
1410,160,5500
1420,160,5500
1430,160,5500
1440,160,5500
1450,160,5500
1460,160,5500
1470,160,5500
1480,160,5500
1490,160,5500
1500,160,5500
1510,160,5500
1520,160,5500
1530,160,5500
1540,160,5500
1550,160,5500
1560,160,5500
1570,160,5500
1580,160,5500
1590,160,5500
1600,160,5500
1610,160,5500
1620,160,5500
1630,160,5500
1640,160,5500
1650,160,5500
1660,160,5500
1670,160,5500
1680,160,5500
1690,160,5500
1700,160,5500
1400,170,5500
1410,170,5500
1420,170,5500
1430,170,5500
1440,170,5500
1450,170,5500
1460,170,5500
1470,170,5500
1480,170,5500
1490,170,5500
1500,170,5500
1510,170,5500
1520,170,5500
1530,170,5500
1540,170,5500
1550,170,5500
1560,170,5500
1570,170,5500
1580,170,5500
1590,170,5500
1600,170,5500
1610,170,5500
1620,170,5500
1630,170,5500
1640,170,5500
1650,170,5500
1660,170,5500
1670,170,5500
1680,170,5500
1690,170,5500
1700,170,5500
1400,180,5500
1410,180,5500
1420,180,5500
1430,180,5500
1440,180,5500
1450,180,5500
1460,180,5500
1470,180,5500
1480,180,5500
1490,180,5500
1500,180,5500
1510,180,5500
1520,180,5500
1530,180,5500
1540,180,5500
1550,180,5500
1560,180,5500
1570,180,5500
1580,180,5500
1590,180,5500
1600,180,5500
1610,180,5500
1620,180,5500
1630,180,5500
1640,180,5500
1650,180,5500
1660,180,5500
1670,180,5500
1680,180,5500
1690,180,5500
1700,180,5500
1400,190,5500
1410,190,5500
1420,190,5500
1430,190,5500
1440,190,5500
1450,190,5500
1460,190,5500
1470,190,5500
1480,190,5500
1490,190,5500
1500,190,5500
1510,190,5500
1520,190,5500
1530,190,5500
1540,190,5500
1550,190,5500
1560,190,5500
1570,190,5500
1580,190,5500
1590,190,5500
1600,190,5500
1610,190,5500
1620,190,5500
1630,190,5500
1640,190,5500
1650,190,5500
1660,190,5500
1670,190,5500
1680,190,5500
1690,190,5500
1700,190,5500
1400,200,5500
1410,200,5500
1420,200,5500
1430,200,5500
1440,200,5500
1450,200,5500
1460,200,5500
1470,200,5500
1480,200,5500
1490,200,5500
1500,200,5500
1510,200,5500
1520,200,5500
1530,200,5500
1540,200,5500
1550,200,5500
1560,200,5500
1570,200,5500
1580,200,5500
1590,200,5500
1600,200,5500
1610,200,5500
1620,200,5500
1630,200,5500
1640,200,5500
1650,200,5500
1660,200,5500
1670,200,5500
1680,200,5500
1690,200,5500
1700,200,5500
1400,210,5500
1410,210,5500
1420,210,5500
1430,210,5500
1440,210,5500
1450,210,5500
1460,210,5500
1470,210,5500
1480,210,5500
1490,210,5500
1500,210,5500
1510,210,5500
1520,210,5500
1530,210,5500
1540,210,5500
1550,210,5500
1560,210,5500
1570,210,5500
1580,210,5500
1590,210,5500
1600,210,5500
1610,210,5500
1620,210,5500
1630,210,5500
1640,210,5500
1650,210,5500
1660,210,5500
1670,210,5500
1680,210,5500
1690,210,5500
1700,210,5500
1400,220,5500
1410,220,5500
1420,220,5500
1430,220,5500
1440,220,5500
1450,220,5500
1460,220,5500
1470,220,5500
1480,220,5500
1490,220,5500
1500,220,5500
1510,220,5500
1520,220,5500
1530,220,5500
1540,220,5500
1550,220,5500
1560,220,5500
1570,220,5500
1580,220,5500
1590,220,5500
1600,220,5500
1610,220,5500
1620,220,5500
1630,220,5500
1640,220,5500
1650,220,5500
1660,220,5500
1670,220,5500
1680,220,5500
1690,220,5500
1700,220,5500
1400,230,5500
1410,230,5500
1420,230,5500
1430,230,5500
1440,230,5500
1450,230,5500
1460,230,5500
1470,230,5500
1480,230,5500
1490,230,5500
1500,230,5500
1510,230,5500
1520,230,5500
1530,230,5500
1540,230,5500
1550,230,5500
1560,230,5500
1570,230,5500
1580,230,5500
1590,230,5500
1600,230,5500
1610,230,5500
1620,230,5500
1630,230,5500
1640,230,5500
1650,230,5500
1660,230,5500
1670,230,5500
1680,230,5500
1690,230,5500
1700,230,5500
1400,240,5500
1410,240,5500
1420,240,5500
1430,240,5500
1440,240,5500
1450,240,5500
1460,240,5500
1470,240,5500
1480,240,5500
1490,240,5500
1500,240,5500
1510,240,5500
1520,240,5500
1530,240,5500
1540,240,5500
1550,240,5500
1560,240,5500
1570,240,5500
1580,240,5500
1590,240,5500
1600,240,5500
1610,240,5500
1620,240,5500
1630,240,5500
1640,240,5500
1650,240,5500
1660,240,5500
1670,240,5500
1680,240,5500
1690,240,5500
1700,240,5500
1400,250,5500
1410,250,5500
1420,250,5500
1430,250,5500
1440,250,5500
1450,250,5500
1460,250,5500
1470,250,5500
1480,250,5500
1490,250,5500
1500,250,5500
1510,250,5500
1520,250,5500
1530,250,5500
1540,250,5500
1550,250,5500
1560,250,5500
1570,250,5500
1580,250,5500
1590,250,5500
1600,250,5500
1610,250,5500
1620,250,5500
1630,250,5500
1640,250,5500
1650,250,5500
1660,250,5500
1670,250,5500
1680,250,5500
1690,250,5500
1700,250,5500
1400,50,5750
1410,50,5750
1420,50,5750
1430,50,5750
1440,50,5750
1450,50,5750
1460,50,5750
1470,50,5750
1480,50,5750
1490,50,5750
1500,50,5750
1510,50,5750
1520,50,5750
1530,50,5750
1540,50,5750
1550,50,5750
1560,50,5750
1570,50,5750
1580,50,5750
1590,50,5750
1600,50,5750
1610,50,5750
1620,50,5750
1630,50,5750
1640,50,5750
1650,50,5750
1660,50,5750
1670,50,5750
1680,50,5750
1690,50,5750
1700,50,5750
1400,60,5750
1410,60,5750
1420,60,5750
1430,60,5750
1440,60,5750
1450,60,5750
1460,60,5750
1470,60,5750
1480,60,5750
1490,60,5750
1500,60,5750
1510,60,5750
1520,60,5750
1530,60,5750
1540,60,5750
1550,60,5750
1560,60,5750
1570,60,5750
1580,60,5750
1590,60,5750
1600,60,5750
1610,60,5750
1620,60,5750
1630,60,5750
1640,60,5750
1650,60,5750
1660,60,5750
1670,60,5750
1680,60,5750
1690,60,5750
1700,60,5750
1400,70,5750
1410,70,5750
1420,70,5750
1430,70,5750
1440,70,5750
1450,70,5750
1460,70,5750
1470,70,5750
1480,70,5750
1490,70,5750
1500,70,5750
1510,70,5750
1520,70,5750
1530,70,5750
1540,70,5750
1550,70,5750
1560,70,5750
1570,70,5750
1580,70,5750
1590,70,5750
1600,70,5750
1610,70,5750
1620,70,5750
1630,70,5750
1640,70,5750
1650,70,5750
1660,70,5750
1670,70,5750
1680,70,5750
1690,70,5750
1700,70,5750
1400,80,5750
1410,80,5750
1420,80,5750
1430,80,5750
1440,80,5750
1450,80,5750
1460,80,5750
1470,80,5750
1480,80,5750
1490,80,5750
1500,80,5750
1510,80,5750
1520,80,5750
1530,80,5750
1540,80,5750
1550,80,5750
1560,80,5750
1570,80,5750
1580,80,5750
1590,80,5750
1600,80,5750
1610,80,5750
1620,80,5750
1630,80,5750
1640,80,5750
1650,80,5750
1660,80,5750
1670,80,5750
1680,80,5750
1690,80,5750
1700,80,5750
1400,90,5750
1410,90,5750
1420,90,5750
1430,90,5750
1440,90,5750
1450,90,5750
1460,90,5750
1470,90,5750
1480,90,5750
1490,90,5750
1500,90,5750
1510,90,5750
1520,90,5750
1530,90,5750
1540,90,5750
1550,90,5750
1560,90,5750
1570,90,5750
1580,90,5750
1590,90,5750
1600,90,5750
1610,90,5750
1620,90,5750
1630,90,5750
1640,90,5750
1650,90,5750
1660,90,5750
1670,90,5750
1680,90,5750
1690,90,5750
1700,90,5750
1400,100,5750
1410,100,5750
1420,100,5750
1430,100,5750
1440,100,5750
1450,100,5750
1460,100,5750
1470,100,5750
1480,100,5750
1490,100,5750
1500,100,5750
1510,100,5750
1520,100,5750
1530,100,5750
1540,100,5750
1550,100,5750
1560,100,5750
1570,100,5750
1580,100,5750
1590,100,5750
1600,100,5750
1610,100,5750
1620,100,5750
1630,100,5750
1640,100,5750
1650,100,5750
1660,100,5750
1670,100,5750
1680,100,5750
1690,100,5750
1700,100,5750
1400,110,5750
1410,110,5750
1420,110,5750
1430,110,5750
1440,110,5750
1450,110,5750
1460,110,5750
1470,110,5750
1480,110,5750
1490,110,5750
1500,110,5750
1510,110,5750
1520,110,5750
1530,110,5750
1540,110,5750
1550,110,5750
1560,110,5750
1570,110,5750
1580,110,5750
1590,110,5750
1600,110,5750
1610,110,5750
1620,110,5750
1630,110,5750
1640,110,5750
1650,110,5750
1660,110,5750
1670,110,5750
1680,110,5750
1690,110,5750
1700,110,5750
1400,120,5750
1410,120,5750
1420,120,5750
1430,120,5750
1440,120,5750
1450,120,5750
1460,120,5750
1470,120,5750
1480,120,5750
1490,120,5750
1500,120,5750
1510,120,5750
1520,120,5750
1530,120,5750
1540,120,5750
1550,120,5750
1560,120,5750
1570,120,5750
1580,120,5750
1590,120,5750
1600,120,5750
1610,120,5750
1620,120,5750
1630,120,5750
1640,120,5750
1650,120,5750
1660,120,5750
1670,120,5750
1680,120,5750
1690,120,5750
1700,120,5750
1400,130,5750
1410,130,5750
1420,130,5750
1430,130,5750
1440,130,5750
1450,130,5750
1460,130,5750
1470,130,5750
1480,130,5750
1490,130,5750
1500,130,5750
1510,130,5750
1520,130,5750
1530,130,5750
1540,130,5750
1550,130,5750
1560,130,5750
1570,130,5750
1580,130,5750
1590,130,5750
1600,130,5750
1610,130,5750
1620,130,5750
1630,130,5750
1640,130,5750
1650,130,5750
1660,130,5750
1670,130,5750
1680,130,5750
1690,130,5750
1700,130,5750
1400,140,5750
1410,140,5750
1420,140,5750
1430,140,5750
1440,140,5750
1450,140,5750
1460,140,5750
1470,140,5750
1480,140,5750
1490,140,5750
1500,140,5750
1510,140,5750
1520,140,5750
1530,140,5750
1540,140,5750
1550,140,5750
1560,140,5750
1570,140,5750
1580,140,5750
1590,140,5750
1600,140,5750
1610,140,5750
1620,140,5750
1630,140,5750
1640,140,5750
1650,140,5750
1660,140,5750
1670,140,5750
1680,140,5750
1690,140,5750
1700,140,5750
1400,150,5750
1410,150,5750
1420,150,5750
1430,150,5750
1440,150,5750
1450,150,5750
1460,150,5750
1470,150,5750
1480,150,5750
1490,150,5750
1500,150,5750
1510,150,5750
1520,150,5750
1530,150,5750
1540,150,5750
1550,150,5750
1560,150,5750
1570,150,5750
1580,150,5750
1590,150,5750
1600,150,5750
1610,150,5750
1620,150,5750
1630,150,5750
1640,150,5750
1650,150,5750
1660,150,5750
1670,150,5750
1680,150,5750
1690,150,5750
1700,150,5750
1400,160,5750
1410,160,5750
1420,160,5750
1430,160,5750
1440,160,5750
1450,160,5750
1460,160,5750
1470,160,5750
1480,160,5750
1490,160,5750
1500,160,5750
1510,160,5750
1520,160,5750
1530,160,5750
1540,160,5750
1550,160,5750
1560,160,5750
1570,160,5750
1580,160,5750
1590,160,5750
1600,160,5750
1610,160,5750
1620,160,5750
1630,160,5750
1640,160,5750
1650,160,5750
1660,160,5750
1670,160,5750
1680,160,5750
1690,160,5750
1700,160,5750
1400,170,5750
1410,170,5750
1420,170,5750
1430,170,5750
1440,170,5750
1450,170,5750
1460,170,5750
1470,170,5750
1480,170,5750
1490,170,5750
1500,170,5750
1510,170,5750
1520,170,5750
1530,170,5750
1540,170,5750
1550,170,5750
1560,170,5750
1570,170,5750
1580,170,5750
1590,170,5750
1600,170,5750
1610,170,5750
1620,170,5750
1630,170,5750
1640,170,5750
1650,170,5750
1660,170,5750
1670,170,5750
1680,170,5750
1690,170,5750
1700,170,5750
1400,180,5750
1410,180,5750
1420,180,5750
1430,180,5750
1440,180,5750
1450,180,5750
1460,180,5750
1470,180,5750
1480,180,5750
1490,180,5750
1500,180,5750
1510,180,5750
1520,180,5750
1530,180,5750
1540,180,5750
1550,180,5750
1560,180,5750
1570,180,5750
1580,180,5750
1590,180,5750
1600,180,5750
1610,180,5750
1620,180,5750
1630,180,5750
1640,180,5750
1650,180,5750
1660,180,5750
1670,180,5750
1680,180,5750
1690,180,5750
1700,180,5750
1400,190,5750
1410,190,5750
1420,190,5750
1430,190,5750
1440,190,5750
1450,190,5750
1460,190,5750
1470,190,5750
1480,190,5750
1490,190,5750
1500,190,5750
1510,190,5750
1520,190,5750
1530,190,5750
1540,190,5750
1550,190,5750
1560,190,5750
1570,190,5750
1580,190,5750
1590,190,5750
1600,190,5750
1610,190,5750
1620,190,5750
1630,190,5750
1640,190,5750
1650,190,5750
1660,190,5750
1670,190,5750
1680,190,5750
1690,190,5750
1700,190,5750
1400,200,5750
1410,200,5750
1420,200,5750
1430,200,5750
1440,200,5750
1450,200,5750
1460,200,5750
1470,200,5750
1480,200,5750
1490,200,5750
1500,200,5750
1510,200,5750
1520,200,5750
1530,200,5750
1540,200,5750
1550,200,5750
1560,200,5750
1570,200,5750
1580,200,5750
1590,200,5750
1600,200,5750
1610,200,5750
1620,200,5750
1630,200,5750
1640,200,5750
1650,200,5750
1660,200,5750
1670,200,5750
1680,200,5750
1690,200,5750
1700,200,5750
1400,210,5750
1410,210,5750
1420,210,5750
1430,210,5750
1440,210,5750
1450,210,5750
1460,210,5750
1470,210,5750
1480,210,5750
1490,210,5750
1500,210,5750
1510,210,5750
1520,210,5750
1530,210,5750
1540,210,5750
1550,210,5750
1560,210,5750
1570,210,5750
1580,210,5750
1590,210,5750
1600,210,5750
1610,210,5750
1620,210,5750
1630,210,5750
1640,210,5750
1650,210,5750
1660,210,5750
1670,210,5750
1680,210,5750
1690,210,5750
1700,210,5750
1400,220,5750
1410,220,5750
1420,220,5750
1430,220,5750
1440,220,5750
1450,220,5750
1460,220,5750
1470,220,5750
1480,220,5750
1490,220,5750
1500,220,5750
1510,220,5750
1520,220,5750
1530,220,5750
1540,220,5750
1550,220,5750
1560,220,5750
1570,220,5750
1580,220,5750
1590,220,5750
1600,220,5750
1610,220,5750
1620,220,5750
1630,220,5750
1640,220,5750
1650,220,5750
1660,220,5750
1670,220,5750
1680,220,5750
1690,220,5750
1700,220,5750
1400,230,5750
1410,230,5750
1420,230,5750
1430,230,5750
1440,230,5750
1450,230,5750
1460,230,5750
1470,230,5750
1480,230,5750
1490,230,5750
1500,230,5750
1510,230,5750
1520,230,5750
1530,230,5750
1540,230,5750
1550,230,5750
1560,230,5750
1570,230,5750
1580,230,5750
1590,230,5750
1600,230,5750
1610,230,5750
1620,230,5750
1630,230,5750
1640,230,5750
1650,230,5750
1660,230,5750
1670,230,5750
1680,230,5750
1690,230,5750
1700,230,5750
1400,240,5750
1410,240,5750
1420,240,5750
1430,240,5750
1440,240,5750
1450,240,5750
1460,240,5750
1470,240,5750
1480,240,5750
1490,240,5750
1500,240,5750
1510,240,5750
1520,240,5750
1530,240,5750
1540,240,5750
1550,240,5750
1560,240,5750
1570,240,5750
1580,240,5750
1590,240,5750
1600,240,5750
1610,240,5750
1620,240,5750
1630,240,5750
1640,240,5750
1650,240,5750
1660,240,5750
1670,240,5750
1680,240,5750
1690,240,5750
1700,240,5750
1400,250,5750
1410,250,5750
1420,250,5750
1430,250,5750
1440,250,5750
1450,250,5750
1460,250,5750
1470,250,5750
1480,250,5750
1490,250,5750
1500,250,5750
1510,250,5750
1520,250,5750
1530,250,5750
1540,250,5750
1550,250,5750
1560,250,5750
1570,250,5750
1580,250,5750
1590,250,5750
1600,250,5750
1610,250,5750
1620,250,5750
1630,250,5750
1640,250,5750
1650,250,5750
1660,250,5750
1670,250,5750
1680,250,5750
1690,250,5750
1700,250,5750
1400,50,6000
1410,50,6000
1420,50,6000
1430,50,6000
1440,50,6000
1450,50,6000
1460,50,6000
1470,50,6000
1480,50,6000
1490,50,6000
1500,50,6000
1510,50,6000
1520,50,6000
1530,50,6000
1540,50,6000
1550,50,6000
1560,50,6000
1570,50,6000
1580,50,6000
1590,50,6000
1600,50,6000
1610,50,6000
1620,50,6000
1630,50,6000
1640,50,6000
1650,50,6000
1660,50,6000
1670,50,6000
1680,50,6000
1690,50,6000
1700,50,6000
1400,60,6000
1410,60,6000
1420,60,6000
1430,60,6000
1440,60,6000
1450,60,6000
1460,60,6000
1470,60,6000
1480,60,6000
1490,60,6000
1500,60,6000
1510,60,6000
1520,60,6000
1530,60,6000
1540,60,6000
1550,60,6000
1560,60,6000
1570,60,6000
1580,60,6000
1590,60,6000
1600,60,6000
1610,60,6000
1620,60,6000
1630,60,6000
1640,60,6000
1650,60,6000
1660,60,6000
1670,60,6000
1680,60,6000
1690,60,6000
1700,60,6000
1400,70,6000
1410,70,6000
1420,70,6000
1430,70,6000
1440,70,6000
1450,70,6000
1460,70,6000
1470,70,6000
1480,70,6000
1490,70,6000
1500,70,6000
1510,70,6000
1520,70,6000
1530,70,6000
1540,70,6000
1550,70,6000
1560,70,6000
1570,70,6000
1580,70,6000
1590,70,6000
1600,70,6000
1610,70,6000
1620,70,6000
1630,70,6000
1640,70,6000
1650,70,6000
1660,70,6000
1670,70,6000
1680,70,6000
1690,70,6000
1700,70,6000
1400,80,6000
1410,80,6000
1420,80,6000
1430,80,6000
1440,80,6000
1450,80,6000
1460,80,6000
1470,80,6000
1480,80,6000
1490,80,6000
1500,80,6000
1510,80,6000
1520,80,6000
1530,80,6000
1540,80,6000
1550,80,6000
1560,80,6000
1570,80,6000
1580,80,6000
1590,80,6000
1600,80,6000
1610,80,6000
1620,80,6000
1630,80,6000
1640,80,6000
1650,80,6000
1660,80,6000
1670,80,6000
1680,80,6000
1690,80,6000
1700,80,6000
1400,90,6000
1410,90,6000
1420,90,6000
1430,90,6000
1440,90,6000
1450,90,6000
1460,90,6000
1470,90,6000
1480,90,6000
1490,90,6000
1500,90,6000
1510,90,6000
1520,90,6000
1530,90,6000
1540,90,6000
1550,90,6000
1560,90,6000
1570,90,6000
1580,90,6000
1590,90,6000
1600,90,6000
1610,90,6000
1620,90,6000
1630,90,6000
1640,90,6000
1650,90,6000
1660,90,6000
1670,90,6000
1680,90,6000
1690,90,6000
1700,90,6000
1400,100,6000
1410,100,6000
1420,100,6000
1430,100,6000
1440,100,6000
1450,100,6000
1460,100,6000
1470,100,6000
1480,100,6000
1490,100,6000
1500,100,6000
1510,100,6000
1520,100,6000
1530,100,6000
1540,100,6000
1550,100,6000
1560,100,6000
1570,100,6000
1580,100,6000
1590,100,6000
1600,100,6000
1610,100,6000
1620,100,6000
1630,100,6000
1640,100,6000
1650,100,6000
1660,100,6000
1670,100,6000
1680,100,6000
1690,100,6000
1700,100,6000
1400,110,6000
1410,110,6000
1420,110,6000
1430,110,6000
1440,110,6000
1450,110,6000
1460,110,6000
1470,110,6000
1480,110,6000
1490,110,6000
1500,110,6000
1510,110,6000
1520,110,6000
1530,110,6000
1540,110,6000
1550,110,6000
1560,110,6000
1570,110,6000
1580,110,6000
1590,110,6000
1600,110,6000
1610,110,6000
1620,110,6000
1630,110,6000
1640,110,6000
1650,110,6000
1660,110,6000
1670,110,6000
1680,110,6000
1690,110,6000
1700,110,6000
1400,120,6000
1410,120,6000
1420,120,6000
1430,120,6000
1440,120,6000
1450,120,6000
1460,120,6000
1470,120,6000
1480,120,6000
1490,120,6000
1500,120,6000
1510,120,6000
1520,120,6000
1530,120,6000
1540,120,6000
1550,120,6000
1560,120,6000
1570,120,6000
1580,120,6000
1590,120,6000
1600,120,6000
1610,120,6000
1620,120,6000
1630,120,6000
1640,120,6000
1650,120,6000
1660,120,6000
1670,120,6000
1680,120,6000
1690,120,6000
1700,120,6000
1400,130,6000
1410,130,6000
1420,130,6000
1430,130,6000
1440,130,6000
1450,130,6000
1460,130,6000
1470,130,6000
1480,130,6000
1490,130,6000
1500,130,6000
1510,130,6000
1520,130,6000
1530,130,6000
1540,130,6000
1550,130,6000
1560,130,6000
1570,130,6000
1580,130,6000
1590,130,6000
1600,130,6000
1610,130,6000
1620,130,6000
1630,130,6000
1640,130,6000
1650,130,6000
1660,130,6000
1670,130,6000
1680,130,6000
1690,130,6000
1700,130,6000
1400,140,6000
1410,140,6000
1420,140,6000
1430,140,6000
1440,140,6000
1450,140,6000
1460,140,6000
1470,140,6000
1480,140,6000
1490,140,6000
1500,140,6000
1510,140,6000
1520,140,6000
1530,140,6000
1540,140,6000
1550,140,6000
1560,140,6000
1570,140,6000
1580,140,6000
1590,140,6000
1600,140,6000
1610,140,6000
1620,140,6000
1630,140,6000
1640,140,6000
1650,140,6000
1660,140,6000
1670,140,6000
1680,140,6000
1690,140,6000
1700,140,6000
1400,150,6000
1410,150,6000
1420,150,6000
1430,150,6000
1440,150,6000
1450,150,6000
1460,150,6000
1470,150,6000
1480,150,6000
1490,150,6000
1500,150,6000
1510,150,6000
1520,150,6000
1530,150,6000
1540,150,6000
1550,150,6000
1560,150,6000
1570,150,6000
1580,150,6000
1590,150,6000
1600,150,6000
1610,150,6000
1620,150,6000
1630,150,6000
1640,150,6000
1650,150,6000
1660,150,6000
1670,150,6000
1680,150,6000
1690,150,6000
1700,150,6000
1400,160,6000
1410,160,6000
1420,160,6000
1430,160,6000
1440,160,6000
1450,160,6000
1460,160,6000
1470,160,6000
1480,160,6000
1490,160,6000
1500,160,6000
1510,160,6000
1520,160,6000
1530,160,6000
1540,160,6000
1550,160,6000
1560,160,6000
1570,160,6000
1580,160,6000
1590,160,6000
1600,160,6000
1610,160,6000
1620,160,6000
1630,160,6000
1640,160,6000
1650,160,6000
1660,160,6000
1670,160,6000
1680,160,6000
1690,160,6000
1700,160,6000
1400,170,6000
1410,170,6000
1420,170,6000
1430,170,6000
1440,170,6000
1450,170,6000
1460,170,6000
1470,170,6000
1480,170,6000
1490,170,6000
1500,170,6000
1510,170,6000
1520,170,6000
1530,170,6000
1540,170,6000
1550,170,6000
1560,170,6000
1570,170,6000
1580,170,6000
1590,170,6000
1600,170,6000
1610,170,6000
1620,170,6000
1630,170,6000
1640,170,6000
1650,170,6000
1660,170,6000
1670,170,6000
1680,170,6000
1690,170,6000
1700,170,6000
1400,180,6000
1410,180,6000
1420,180,6000
1430,180,6000
1440,180,6000
1450,180,6000
1460,180,6000
1470,180,6000
1480,180,6000
1490,180,6000
1500,180,6000
1510,180,6000
1520,180,6000
1530,180,6000
1540,180,6000
1550,180,6000
1560,180,6000
1570,180,6000
1580,180,6000
1590,180,6000
1600,180,6000
1610,180,6000
1620,180,6000
1630,180,6000
1640,180,6000
1650,180,6000
1660,180,6000
1670,180,6000
1680,180,6000
1690,180,6000
1700,180,6000
1400,190,6000
1410,190,6000
1420,190,6000
1430,190,6000
1440,190,6000
1450,190,6000
1460,190,6000
1470,190,6000
1480,190,6000
1490,190,6000
1500,190,6000
1510,190,6000
1520,190,6000
1530,190,6000
1540,190,6000
1550,190,6000
1560,190,6000
1570,190,6000
1580,190,6000
1590,190,6000
1600,190,6000
1610,190,6000
1620,190,6000
1630,190,6000
1640,190,6000
1650,190,6000
1660,190,6000
1670,190,6000
1680,190,6000
1690,190,6000
1700,190,6000
1400,200,6000
1410,200,6000
1420,200,6000
1430,200,6000
1440,200,6000
1450,200,6000
1460,200,6000
1470,200,6000
1480,200,6000
1490,200,6000
1500,200,6000
1510,200,6000
1520,200,6000
1530,200,6000
1540,200,6000
1550,200,6000
1560,200,6000
1570,200,6000
1580,200,6000
1590,200,6000
1600,200,6000
1610,200,6000
1620,200,6000
1630,200,6000
1640,200,6000
1650,200,6000
1660,200,6000
1670,200,6000
1680,200,6000
1690,200,6000
1700,200,6000
1400,210,6000
1410,210,6000
1420,210,6000
1430,210,6000
1440,210,6000
1450,210,6000
1460,210,6000
1470,210,6000
1480,210,6000
1490,210,6000
1500,210,6000
1510,210,6000
1520,210,6000
1530,210,6000
1540,210,6000
1550,210,6000
1560,210,6000
1570,210,6000
1580,210,6000
1590,210,6000
1600,210,6000
1610,210,6000
1620,210,6000
1630,210,6000
1640,210,6000
1650,210,6000
1660,210,6000
1670,210,6000
1680,210,6000
1690,210,6000
1700,210,6000
1400,220,6000
1410,220,6000
1420,220,6000
1430,220,6000
1440,220,6000
1450,220,6000
1460,220,6000
1470,220,6000
1480,220,6000
1490,220,6000
1500,220,6000
1510,220,6000
1520,220,6000
1530,220,6000
1540,220,6000
1550,220,6000
1560,220,6000
1570,220,6000
1580,220,6000
1590,220,6000
1600,220,6000
1610,220,6000
1620,220,6000
1630,220,6000
1640,220,6000
1650,220,6000
1660,220,6000
1670,220,6000
1680,220,6000
1690,220,6000
1700,220,6000
1400,230,6000
1410,230,6000
1420,230,6000
1430,230,6000
1440,230,6000
1450,230,6000
1460,230,6000
1470,230,6000
1480,230,6000
1490,230,6000
1500,230,6000
1510,230,6000
1520,230,6000
1530,230,6000
1540,230,6000
1550,230,6000
1560,230,6000
1570,230,6000
1580,230,6000
1590,230,6000
1600,230,6000
1610,230,6000
1620,230,6000
1630,230,6000
1640,230,6000
1650,230,6000
1660,230,6000
1670,230,6000
1680,230,6000
1690,230,6000
1700,230,6000
1400,240,6000
1410,240,6000
1420,240,6000
1430,240,6000
1440,240,6000
1450,240,6000
1460,240,6000
1470,240,6000
1480,240,6000
1490,240,6000
1500,240,6000
1510,240,6000
1520,240,6000
1530,240,6000
1540,240,6000
1550,240,6000
1560,240,6000
1570,240,6000
1580,240,6000
1590,240,6000
1600,240,6000
1610,240,6000
1620,240,6000
1630,240,6000
1640,240,6000
1650,240,6000
1660,240,6000
1670,240,6000
1680,240,6000
1690,240,6000
1700,240,6000
1400,250,6000
1410,250,6000
1420,250,6000
1430,250,6000
1440,250,6000
1450,250,6000
1460,250,6000
1470,250,6000
1480,250,6000
1490,250,6000
1500,250,6000
1510,250,6000
1520,250,6000
1530,250,6000
1540,250,6000
1550,250,6000
1560,250,6000
1570,250,6000
1580,250,6000
1590,250,6000
1600,250,6000
1610,250,6000
1620,250,6000
1630,250,6000
1640,250,6000
1650,250,6000
1660,250,6000
1670,250,6000
1680,250,6000
1690,250,6000
1700,250,6000
1400,50,6250
1410,50,6250
1420,50,6250
1430,50,6250
1440,50,6250
1450,50,6250
1460,50,6250
1470,50,6250
1480,50,6250
1490,50,6250
1500,50,6250
1510,50,6250
1520,50,6250
1530,50,6250
1540,50,6250
1550,50,6250
1560,50,6250
1570,50,6250
1580,50,6250
1590,50,6250
1600,50,6250
1610,50,6250
1620,50,6250
1630,50,6250
1640,50,6250
1650,50,6250
1660,50,6250
1670,50,6250
1680,50,6250
1690,50,6250
1700,50,6250
1400,60,6250
1410,60,6250
1420,60,6250
1430,60,6250
1440,60,6250
1450,60,6250
1460,60,6250
1470,60,6250
1480,60,6250
1490,60,6250
1500,60,6250
1510,60,6250
1520,60,6250
1530,60,6250
1540,60,6250
1550,60,6250
1560,60,6250
1570,60,6250
1580,60,6250
1590,60,6250
1600,60,6250
1610,60,6250
1620,60,6250
1630,60,6250
1640,60,6250
1650,60,6250
1660,60,6250
1670,60,6250
1680,60,6250
1690,60,6250
1700,60,6250
1400,70,6250
1410,70,6250
1420,70,6250
1430,70,6250
1440,70,6250
1450,70,6250
1460,70,6250
1470,70,6250
1480,70,6250
1490,70,6250
1500,70,6250
1510,70,6250
1520,70,6250
1530,70,6250
1540,70,6250
1550,70,6250
1560,70,6250
1570,70,6250
1580,70,6250
1590,70,6250
1600,70,6250
1610,70,6250
1620,70,6250
1630,70,6250
1640,70,6250
1650,70,6250
1660,70,6250
1670,70,6250
1680,70,6250
1690,70,6250
1700,70,6250
1400,80,6250
1410,80,6250
1420,80,6250
1430,80,6250
1440,80,6250
1450,80,6250
1460,80,6250
1470,80,6250
1480,80,6250
1490,80,6250
1500,80,6250
1510,80,6250
1520,80,6250
1530,80,6250
1540,80,6250
1550,80,6250
1560,80,6250
1570,80,6250
1580,80,6250
1590,80,6250
1600,80,6250
1610,80,6250
1620,80,6250
1630,80,6250
1640,80,6250
1650,80,6250
1660,80,6250
1670,80,6250
1680,80,6250
1690,80,6250
1700,80,6250
1400,90,6250
1410,90,6250
1420,90,6250
1430,90,6250
1440,90,6250
1450,90,6250
1460,90,6250
1470,90,6250
1480,90,6250
1490,90,6250
1500,90,6250
1510,90,6250
1520,90,6250
1530,90,6250
1540,90,6250
1550,90,6250
1560,90,6250
1570,90,6250
1580,90,6250
1590,90,6250
1600,90,6250
1610,90,6250
1620,90,6250
1630,90,6250
1640,90,6250
1650,90,6250
1660,90,6250
1670,90,6250
1680,90,6250
1690,90,6250
1700,90,6250
1400,100,6250
1410,100,6250
1420,100,6250
1430,100,6250
1440,100,6250
1450,100,6250
1460,100,6250
1470,100,6250
1480,100,6250
1490,100,6250
1500,100,6250
1510,100,6250
1520,100,6250
1530,100,6250
1540,100,6250
1550,100,6250
1560,100,6250
1570,100,6250
1580,100,6250
1590,100,6250
1600,100,6250
1610,100,6250
1620,100,6250
1630,100,6250
1640,100,6250
1650,100,6250
1660,100,6250
1670,100,6250
1680,100,6250
1690,100,6250
1700,100,6250
1400,110,6250
1410,110,6250
1420,110,6250
1430,110,6250
1440,110,6250
1450,110,6250
1460,110,6250
1470,110,6250
1480,110,6250
1490,110,6250
1500,110,6250
1510,110,6250
1520,110,6250
1530,110,6250
1540,110,6250
1550,110,6250
1560,110,6250
1570,110,6250
1580,110,6250
1590,110,6250
1600,110,6250
1610,110,6250
1620,110,6250
1630,110,6250
1640,110,6250
1650,110,6250
1660,110,6250
1670,110,6250
1680,110,6250
1690,110,6250
1700,110,6250
1400,120,6250
1410,120,6250
1420,120,6250
1430,120,6250
1440,120,6250
1450,120,6250
1460,120,6250
1470,120,6250
1480,120,6250
1490,120,6250
1500,120,6250
1510,120,6250
1520,120,6250
1530,120,6250
1540,120,6250
1550,120,6250
1560,120,6250
1570,120,6250
1580,120,6250
1590,120,6250
1600,120,6250
1610,120,6250
1620,120,6250
1630,120,6250
1640,120,6250
1650,120,6250
1660,120,6250
1670,120,6250
1680,120,6250
1690,120,6250
1700,120,6250
1400,130,6250
1410,130,6250
1420,130,6250
1430,130,6250
1440,130,6250
1450,130,6250
1460,130,6250
1470,130,6250
1480,130,6250
1490,130,6250
1500,130,6250
1510,130,6250
1520,130,6250
1530,130,6250
1540,130,6250
1550,130,6250
1560,130,6250
1570,130,6250
1580,130,6250
1590,130,6250
1600,130,6250
1610,130,6250
1620,130,6250
1630,130,6250
1640,130,6250
1650,130,6250
1660,130,6250
1670,130,6250
1680,130,6250
1690,130,6250
1700,130,6250
1400,140,6250
1410,140,6250
1420,140,6250
1430,140,6250
1440,140,6250
1450,140,6250
1460,140,6250
1470,140,6250
1480,140,6250
1490,140,6250
1500,140,6250
1510,140,6250
1520,140,6250
1530,140,6250
1540,140,6250
1550,140,6250
1560,140,6250
1570,140,6250
1580,140,6250
1590,140,6250
1600,140,6250
1610,140,6250
1620,140,6250
1630,140,6250
1640,140,6250
1650,140,6250
1660,140,6250
1670,140,6250
1680,140,6250
1690,140,6250
1700,140,6250
1400,150,6250
1410,150,6250
1420,150,6250
1430,150,6250
1440,150,6250
1450,150,6250
1460,150,6250
1470,150,6250
1480,150,6250
1490,150,6250
1500,150,6250
1510,150,6250
1520,150,6250
1530,150,6250
1540,150,6250
1550,150,6250
1560,150,6250
1570,150,6250
1580,150,6250
1590,150,6250
1600,150,6250
1610,150,6250
1620,150,6250
1630,150,6250
1640,150,6250
1650,150,6250
1660,150,6250
1670,150,6250
1680,150,6250
1690,150,6250
1700,150,6250
1400,160,6250
1410,160,6250
1420,160,6250
1430,160,6250
1440,160,6250
1450,160,6250
1460,160,6250
1470,160,6250
1480,160,6250
1490,160,6250
1500,160,6250
1510,160,6250
1520,160,6250
1530,160,6250
1540,160,6250
1550,160,6250
1560,160,6250
1570,160,6250
1580,160,6250
1590,160,6250
1600,160,6250
1610,160,6250
1620,160,6250
1630,160,6250
1640,160,6250
1650,160,6250
1660,160,6250
1670,160,6250
1680,160,6250
1690,160,6250
1700,160,6250
1400,170,6250
1410,170,6250
1420,170,6250
1430,170,6250
1440,170,6250
1450,170,6250
1460,170,6250
1470,170,6250
1480,170,6250
1490,170,6250
1500,170,6250
1510,170,6250
1520,170,6250
1530,170,6250
1540,170,6250
1550,170,6250
1560,170,6250
1570,170,6250
1580,170,6250
1590,170,6250
1600,170,6250
1610,170,6250
1620,170,6250
1630,170,6250
1640,170,6250
1650,170,6250
1660,170,6250
1670,170,6250
1680,170,6250
1690,170,6250
1700,170,6250
1400,180,6250
1410,180,6250
1420,180,6250
1430,180,6250
1440,180,6250
1450,180,6250
1460,180,6250
1470,180,6250
1480,180,6250
1490,180,6250
1500,180,6250
1510,180,6250
1520,180,6250
1530,180,6250
1540,180,6250
1550,180,6250
1560,180,6250
1570,180,6250
1580,180,6250
1590,180,6250
1600,180,6250
1610,180,6250
1620,180,6250
1630,180,6250
1640,180,6250
1650,180,6250
1660,180,6250
1670,180,6250
1680,180,6250
1690,180,6250
1700,180,6250
1400,190,6250
1410,190,6250
1420,190,6250
1430,190,6250
1440,190,6250
1450,190,6250
1460,190,6250
1470,190,6250
1480,190,6250
1490,190,6250
1500,190,6250
1510,190,6250
1520,190,6250
1530,190,6250
1540,190,6250
1550,190,6250
1560,190,6250
1570,190,6250
1580,190,6250
1590,190,6250
1600,190,6250
1610,190,6250
1620,190,6250
1630,190,6250
1640,190,6250
1650,190,6250
1660,190,6250
1670,190,6250
1680,190,6250
1690,190,6250
1700,190,6250
1400,200,6250
1410,200,6250
1420,200,6250
1430,200,6250
1440,200,6250
1450,200,6250
1460,200,6250
1470,200,6250
1480,200,6250
1490,200,6250
1500,200,6250
1510,200,6250
1520,200,6250
1530,200,6250
1540,200,6250
1550,200,6250
1560,200,6250
1570,200,6250
1580,200,6250
1590,200,6250
1600,200,6250
1610,200,6250
1620,200,6250
1630,200,6250
1640,200,6250
1650,200,6250
1660,200,6250
1670,200,6250
1680,200,6250
1690,200,6250
1700,200,6250
1400,210,6250
1410,210,6250
1420,210,6250
1430,210,6250
1440,210,6250
1450,210,6250
1460,210,6250
1470,210,6250
1480,210,6250
1490,210,6250
1500,210,6250
1510,210,6250
1520,210,6250
1530,210,6250
1540,210,6250
1550,210,6250
1560,210,6250
1570,210,6250
1580,210,6250
1590,210,6250
1600,210,6250
1610,210,6250
1620,210,6250
1630,210,6250
1640,210,6250
1650,210,6250
1660,210,6250
1670,210,6250
1680,210,6250
1690,210,6250
1700,210,6250
1400,220,6250
1410,220,6250
1420,220,6250
1430,220,6250
1440,220,6250
1450,220,6250
1460,220,6250
1470,220,6250
1480,220,6250
1490,220,6250
1500,220,6250
1510,220,6250
1520,220,6250
1530,220,6250
1540,220,6250
1550,220,6250
1560,220,6250
1570,220,6250
1580,220,6250
1590,220,6250
1600,220,6250
1610,220,6250
1620,220,6250
1630,220,6250
1640,220,6250
1650,220,6250
1660,220,6250
1670,220,6250
1680,220,6250
1690,220,6250
1700,220,6250
1400,230,6250
1410,230,6250
1420,230,6250
1430,230,6250
1440,230,6250
1450,230,6250
1460,230,6250
1470,230,6250
1480,230,6250
1490,230,6250
1500,230,6250
1510,230,6250
1520,230,6250
1530,230,6250
1540,230,6250
1550,230,6250
1560,230,6250
1570,230,6250
1580,230,6250
1590,230,6250
1600,230,6250
1610,230,6250
1620,230,6250
1630,230,6250
1640,230,6250
1650,230,6250
1660,230,6250
1670,230,6250
1680,230,6250
1690,230,6250
1700,230,6250
1400,240,6250
1410,240,6250
1420,240,6250
1430,240,6250
1440,240,6250
1450,240,6250
1460,240,6250
1470,240,6250
1480,240,6250
1490,240,6250
1500,240,6250
1510,240,6250
1520,240,6250
1530,240,6250
1540,240,6250
1550,240,6250
1560,240,6250
1570,240,6250
1580,240,6250
1590,240,6250
1600,240,6250
1610,240,6250
1620,240,6250
1630,240,6250
1640,240,6250
1650,240,6250
1660,240,6250
1670,240,6250
1680,240,6250
1690,240,6250
1700,240,6250
1400,250,6250
1410,250,6250
1420,250,6250
1430,250,6250
1440,250,6250
1450,250,6250
1460,250,6250
1470,250,6250
1480,250,6250
1490,250,6250
1500,250,6250
1510,250,6250
1520,250,6250
1530,250,6250
1540,250,6250
1550,250,6250
1560,250,6250
1570,250,6250
1580,250,6250
1590,250,6250
1600,250,6250
1610,250,6250
1620,250,6250
1630,250,6250
1640,250,6250
1650,250,6250
1660,250,6250
1670,250,6250
1680,250,6250
1690,250,6250
1700,250,6250
1400,50,6500
1410,50,6500
1420,50,6500
1430,50,6500
1440,50,6500
1450,50,6500
1460,50,6500
1470,50,6500
1480,50,6500
1490,50,6500
1500,50,6500
1510,50,6500
1520,50,6500
1530,50,6500
1540,50,6500
1550,50,6500
1560,50,6500
1570,50,6500
1580,50,6500
1590,50,6500
1600,50,6500
1610,50,6500
1620,50,6500
1630,50,6500
1640,50,6500
1650,50,6500
1660,50,6500
1670,50,6500
1680,50,6500
1690,50,6500
1700,50,6500
1400,60,6500
1410,60,6500
1420,60,6500
1430,60,6500
1440,60,6500
1450,60,6500
1460,60,6500
1470,60,6500
1480,60,6500
1490,60,6500
1500,60,6500
1510,60,6500
1520,60,6500
1530,60,6500
1540,60,6500
1550,60,6500
1560,60,6500
1570,60,6500
1580,60,6500
1590,60,6500
1600,60,6500
1610,60,6500
1620,60,6500
1630,60,6500
1640,60,6500
1650,60,6500
1660,60,6500
1670,60,6500
1680,60,6500
1690,60,6500
1700,60,6500
1400,70,6500
1410,70,6500
1420,70,6500
1430,70,6500
1440,70,6500
1450,70,6500
1460,70,6500
1470,70,6500
1480,70,6500
1490,70,6500
1500,70,6500
1510,70,6500
1520,70,6500
1530,70,6500
1540,70,6500
1550,70,6500
1560,70,6500
1570,70,6500
1580,70,6500
1590,70,6500
1600,70,6500
1610,70,6500
1620,70,6500
1630,70,6500
1640,70,6500
1650,70,6500
1660,70,6500
1670,70,6500
1680,70,6500
1690,70,6500
1700,70,6500
1400,80,6500
1410,80,6500
1420,80,6500
1430,80,6500
1440,80,6500
1450,80,6500
1460,80,6500
1470,80,6500
1480,80,6500
1490,80,6500
1500,80,6500
1510,80,6500
1520,80,6500
1530,80,6500
1540,80,6500
1550,80,6500
1560,80,6500
1570,80,6500
1580,80,6500
1590,80,6500
1600,80,6500
1610,80,6500
1620,80,6500
1630,80,6500
1640,80,6500
1650,80,6500
1660,80,6500
1670,80,6500
1680,80,6500
1690,80,6500
1700,80,6500
1400,90,6500
1410,90,6500
1420,90,6500
1430,90,6500
1440,90,6500
1450,90,6500
1460,90,6500
1470,90,6500
1480,90,6500
1490,90,6500
1500,90,6500
1510,90,6500
1520,90,6500
1530,90,6500
1540,90,6500
1550,90,6500
1560,90,6500
1570,90,6500
1580,90,6500
1590,90,6500
1600,90,6500
1610,90,6500
1620,90,6500
1630,90,6500
1640,90,6500
1650,90,6500
1660,90,6500
1670,90,6500
1680,90,6500
1690,90,6500
1700,90,6500
1400,100,6500
1410,100,6500
1420,100,6500
1430,100,6500
1440,100,6500
1450,100,6500
1460,100,6500
1470,100,6500
1480,100,6500
1490,100,6500
1500,100,6500
1510,100,6500
1520,100,6500
1530,100,6500
1540,100,6500
1550,100,6500
1560,100,6500
1570,100,6500
1580,100,6500
1590,100,6500
1600,100,6500
1610,100,6500
1620,100,6500
1630,100,6500
1640,100,6500
1650,100,6500
1660,100,6500
1670,100,6500
1680,100,6500
1690,100,6500
1700,100,6500
1400,110,6500
1410,110,6500
1420,110,6500
1430,110,6500
1440,110,6500
1450,110,6500
1460,110,6500
1470,110,6500
1480,110,6500
1490,110,6500
1500,110,6500
1510,110,6500
1520,110,6500
1530,110,6500
1540,110,6500
1550,110,6500
1560,110,6500
1570,110,6500
1580,110,6500
1590,110,6500
1600,110,6500
1610,110,6500
1620,110,6500
1630,110,6500
1640,110,6500
1650,110,6500
1660,110,6500
1670,110,6500
1680,110,6500
1690,110,6500
1700,110,6500
1400,120,6500
1410,120,6500
1420,120,6500
1430,120,6500
1440,120,6500
1450,120,6500
1460,120,6500
1470,120,6500
1480,120,6500
1490,120,6500
1500,120,6500
1510,120,6500
1520,120,6500
1530,120,6500
1540,120,6500
1550,120,6500
1560,120,6500
1570,120,6500
1580,120,6500
1590,120,6500
1600,120,6500
1610,120,6500
1620,120,6500
1630,120,6500
1640,120,6500
1650,120,6500
1660,120,6500
1670,120,6500
1680,120,6500
1690,120,6500
1700,120,6500
1400,130,6500
1410,130,6500
1420,130,6500
1430,130,6500
1440,130,6500
1450,130,6500
1460,130,6500
1470,130,6500
1480,130,6500
1490,130,6500
1500,130,6500
1510,130,6500
1520,130,6500
1530,130,6500
1540,130,6500
1550,130,6500
1560,130,6500
1570,130,6500
1580,130,6500
1590,130,6500
1600,130,6500
1610,130,6500
1620,130,6500
1630,130,6500
1640,130,6500
1650,130,6500
1660,130,6500
1670,130,6500
1680,130,6500
1690,130,6500
1700,130,6500
1400,140,6500
1410,140,6500
1420,140,6500
1430,140,6500
1440,140,6500
1450,140,6500
1460,140,6500
1470,140,6500
1480,140,6500
1490,140,6500
1500,140,6500
1510,140,6500
1520,140,6500
1530,140,6500
1540,140,6500
1550,140,6500
1560,140,6500
1570,140,6500
1580,140,6500
1590,140,6500
1600,140,6500
1610,140,6500
1620,140,6500
1630,140,6500
1640,140,6500
1650,140,6500
1660,140,6500
1670,140,6500
1680,140,6500
1690,140,6500
1700,140,6500
1400,150,6500
1410,150,6500
1420,150,6500
1430,150,6500
1440,150,6500
1450,150,6500
1460,150,6500
1470,150,6500
1480,150,6500
1490,150,6500
1500,150,6500
1510,150,6500
1520,150,6500
1530,150,6500
1540,150,6500
1550,150,6500
1560,150,6500
1570,150,6500
1580,150,6500
1590,150,6500
1600,150,6500
1610,150,6500
1620,150,6500
1630,150,6500
1640,150,6500
1650,150,6500
1660,150,6500
1670,150,6500
1680,150,6500
1690,150,6500
1700,150,6500
1400,160,6500
1410,160,6500
1420,160,6500
1430,160,6500
1440,160,6500
1450,160,6500
1460,160,6500
1470,160,6500
1480,160,6500
1490,160,6500
1500,160,6500
1510,160,6500
1520,160,6500
1530,160,6500
1540,160,6500
1550,160,6500
1560,160,6500
1570,160,6500
1580,160,6500
1590,160,6500
1600,160,6500
1610,160,6500
1620,160,6500
1630,160,6500
1640,160,6500
1650,160,6500
1660,160,6500
1670,160,6500
1680,160,6500
1690,160,6500
1700,160,6500
1400,170,6500
1410,170,6500
1420,170,6500
1430,170,6500
1440,170,6500
1450,170,6500
1460,170,6500
1470,170,6500
1480,170,6500
1490,170,6500
1500,170,6500
1510,170,6500
1520,170,6500
1530,170,6500
1540,170,6500
1550,170,6500
1560,170,6500
1570,170,6500
1580,170,6500
1590,170,6500
1600,170,6500
1610,170,6500
1620,170,6500
1630,170,6500
1640,170,6500
1650,170,6500
1660,170,6500
1670,170,6500
1680,170,6500
1690,170,6500
1700,170,6500
1400,180,6500
1410,180,6500
1420,180,6500
1430,180,6500
1440,180,6500
1450,180,6500
1460,180,6500
1470,180,6500
1480,180,6500
1490,180,6500
1500,180,6500
1510,180,6500
1520,180,6500
1530,180,6500
1540,180,6500
1550,180,6500
1560,180,6500
1570,180,6500
1580,180,6500
1590,180,6500
1600,180,6500
1610,180,6500
1620,180,6500
1630,180,6500
1640,180,6500
1650,180,6500
1660,180,6500
1670,180,6500
1680,180,6500
1690,180,6500
1700,180,6500
1400,190,6500
1410,190,6500
1420,190,6500
1430,190,6500
1440,190,6500
1450,190,6500
1460,190,6500
1470,190,6500
1480,190,6500
1490,190,6500
1500,190,6500
1510,190,6500
1520,190,6500
1530,190,6500
1540,190,6500
1550,190,6500
1560,190,6500
1570,190,6500
1580,190,6500
1590,190,6500
1600,190,6500
1610,190,6500
1620,190,6500
1630,190,6500
1640,190,6500
1650,190,6500
1660,190,6500
1670,190,6500
1680,190,6500
1690,190,6500
1700,190,6500
1400,200,6500
1410,200,6500
1420,200,6500
1430,200,6500
1440,200,6500
1450,200,6500
1460,200,6500
1470,200,6500
1480,200,6500
1490,200,6500
1500,200,6500
1510,200,6500
1520,200,6500
1530,200,6500
1540,200,6500
1550,200,6500
1560,200,6500
1570,200,6500
1580,200,6500
1590,200,6500
1600,200,6500
1610,200,6500
1620,200,6500
1630,200,6500
1640,200,6500
1650,200,6500
1660,200,6500
1670,200,6500
1680,200,6500
1690,200,6500
1700,200,6500
1400,210,6500
1410,210,6500
1420,210,6500
1430,210,6500
1440,210,6500
1450,210,6500
1460,210,6500
1470,210,6500
1480,210,6500
1490,210,6500
1500,210,6500
1510,210,6500
1520,210,6500
1530,210,6500
1540,210,6500
1550,210,6500
1560,210,6500
1570,210,6500
1580,210,6500
1590,210,6500
1600,210,6500
1610,210,6500
1620,210,6500
1630,210,6500
1640,210,6500
1650,210,6500
1660,210,6500
1670,210,6500
1680,210,6500
1690,210,6500
1700,210,6500
1400,220,6500
1410,220,6500
1420,220,6500
1430,220,6500
1440,220,6500
1450,220,6500
1460,220,6500
1470,220,6500
1480,220,6500
1490,220,6500
1500,220,6500
1510,220,6500
1520,220,6500
1530,220,6500
1540,220,6500
1550,220,6500
1560,220,6500
1570,220,6500
1580,220,6500
1590,220,6500
1600,220,6500
1610,220,6500
1620,220,6500
1630,220,6500
1640,220,6500
1650,220,6500
1660,220,6500
1670,220,6500
1680,220,6500
1690,220,6500
1700,220,6500
1400,230,6500
1410,230,6500
1420,230,6500
1430,230,6500
1440,230,6500
1450,230,6500
1460,230,6500
1470,230,6500
1480,230,6500
1490,230,6500
1500,230,6500
1510,230,6500
1520,230,6500
1530,230,6500
1540,230,6500
1550,230,6500
1560,230,6500
1570,230,6500
1580,230,6500
1590,230,6500
1600,230,6500
1610,230,6500
1620,230,6500
1630,230,6500
1640,230,6500
1650,230,6500
1660,230,6500
1670,230,6500
1680,230,6500
1690,230,6500
1700,230,6500
1400,240,6500
1410,240,6500
1420,240,6500
1430,240,6500
1440,240,6500
1450,240,6500
1460,240,6500
1470,240,6500
1480,240,6500
1490,240,6500
1500,240,6500
1510,240,6500
1520,240,6500
1530,240,6500
1540,240,6500
1550,240,6500
1560,240,6500
1570,240,6500
1580,240,6500
1590,240,6500
1600,240,6500
1610,240,6500
1620,240,6500
1630,240,6500
1640,240,6500
1650,240,6500
1660,240,6500
1670,240,6500
1680,240,6500
1690,240,6500
1700,240,6500
1400,250,6500
1410,250,6500
1420,250,6500
1430,250,6500
1440,250,6500
1450,250,6500
1460,250,6500
1470,250,6500
1480,250,6500
1490,250,6500
1500,250,6500
1510,250,6500
1520,250,6500
1530,250,6500
1540,250,6500
1550,250,6500
1560,250,6500
1570,250,6500
1580,250,6500
1590,250,6500
1600,250,6500
1610,250,6500
1620,250,6500
1630,250,6500
1640,250,6500
1650,250,6500
1660,250,6500
1670,250,6500
1680,250,6500
1690,250,6500
1700,250,6500
1400,50,6750
1410,50,6750
1420,50,6750
1430,50,6750
1440,50,6750
1450,50,6750
1460,50,6750
1470,50,6750
1480,50,6750
1490,50,6750
1500,50,6750
1510,50,6750
1520,50,6750
1530,50,6750
1540,50,6750
1550,50,6750
1560,50,6750
1570,50,6750
1580,50,6750
1590,50,6750
1600,50,6750
1610,50,6750
1620,50,6750
1630,50,6750
1640,50,6750
1650,50,6750
1660,50,6750
1670,50,6750
1680,50,6750
1690,50,6750
1700,50,6750
1400,60,6750
1410,60,6750
1420,60,6750
1430,60,6750
1440,60,6750
1450,60,6750
1460,60,6750
1470,60,6750
1480,60,6750
1490,60,6750
1500,60,6750
1510,60,6750
1520,60,6750
1530,60,6750
1540,60,6750
1550,60,6750
1560,60,6750
1570,60,6750
1580,60,6750
1590,60,6750
1600,60,6750
1610,60,6750
1620,60,6750
1630,60,6750
1640,60,6750
1650,60,6750
1660,60,6750
1670,60,6750
1680,60,6750
1690,60,6750
1700,60,6750
1400,70,6750
1410,70,6750
1420,70,6750
1430,70,6750
1440,70,6750
1450,70,6750
1460,70,6750
1470,70,6750
1480,70,6750
1490,70,6750
1500,70,6750
1510,70,6750
1520,70,6750
1530,70,6750
1540,70,6750
1550,70,6750
1560,70,6750
1570,70,6750
1580,70,6750
1590,70,6750
1600,70,6750
1610,70,6750
1620,70,6750
1630,70,6750
1640,70,6750
1650,70,6750
1660,70,6750
1670,70,6750
1680,70,6750
1690,70,6750
1700,70,6750
1400,80,6750
1410,80,6750
1420,80,6750
1430,80,6750
1440,80,6750
1450,80,6750
1460,80,6750
1470,80,6750
1480,80,6750
1490,80,6750
1500,80,6750
1510,80,6750
1520,80,6750
1530,80,6750
1540,80,6750
1550,80,6750
1560,80,6750
1570,80,6750
1580,80,6750
1590,80,6750
1600,80,6750
1610,80,6750
1620,80,6750
1630,80,6750
1640,80,6750
1650,80,6750
1660,80,6750
1670,80,6750
1680,80,6750
1690,80,6750
1700,80,6750
1400,90,6750
1410,90,6750
1420,90,6750
1430,90,6750
1440,90,6750
1450,90,6750
1460,90,6750
1470,90,6750
1480,90,6750
1490,90,6750
1500,90,6750
1510,90,6750
1520,90,6750
1530,90,6750
1540,90,6750
1550,90,6750
1560,90,6750
1570,90,6750
1580,90,6750
1590,90,6750
1600,90,6750
1610,90,6750
1620,90,6750
1630,90,6750
1640,90,6750
1650,90,6750
1660,90,6750
1670,90,6750
1680,90,6750
1690,90,6750
1700,90,6750
1400,100,6750
1410,100,6750
1420,100,6750
1430,100,6750
1440,100,6750
1450,100,6750
1460,100,6750
1470,100,6750
1480,100,6750
1490,100,6750
1500,100,6750
1510,100,6750
1520,100,6750
1530,100,6750
1540,100,6750
1550,100,6750
1560,100,6750
1570,100,6750
1580,100,6750
1590,100,6750
1600,100,6750
1610,100,6750
1620,100,6750
1630,100,6750
1640,100,6750
1650,100,6750
1660,100,6750
1670,100,6750
1680,100,6750
1690,100,6750
1700,100,6750
1400,110,6750
1410,110,6750
1420,110,6750
1430,110,6750
1440,110,6750
1450,110,6750
1460,110,6750
1470,110,6750
1480,110,6750
1490,110,6750
1500,110,6750
1510,110,6750
1520,110,6750
1530,110,6750
1540,110,6750
1550,110,6750
1560,110,6750
1570,110,6750
1580,110,6750
1590,110,6750
1600,110,6750
1610,110,6750
1620,110,6750
1630,110,6750
1640,110,6750
1650,110,6750
1660,110,6750
1670,110,6750
1680,110,6750
1690,110,6750
1700,110,6750
1400,120,6750
1410,120,6750
1420,120,6750
1430,120,6750
1440,120,6750
1450,120,6750
1460,120,6750
1470,120,6750
1480,120,6750
1490,120,6750
1500,120,6750
1510,120,6750
1520,120,6750
1530,120,6750
1540,120,6750
1550,120,6750
1560,120,6750
1570,120,6750
1580,120,6750
1590,120,6750
1600,120,6750
1610,120,6750
1620,120,6750
1630,120,6750
1640,120,6750
1650,120,6750
1660,120,6750
1670,120,6750
1680,120,6750
1690,120,6750
1700,120,6750
1400,130,6750
1410,130,6750
1420,130,6750
1430,130,6750
1440,130,6750
1450,130,6750
1460,130,6750
1470,130,6750
1480,130,6750
1490,130,6750
1500,130,6750
1510,130,6750
1520,130,6750
1530,130,6750
1540,130,6750
1550,130,6750
1560,130,6750
1570,130,6750
1580,130,6750
1590,130,6750
1600,130,6750
1610,130,6750
1620,130,6750
1630,130,6750
1640,130,6750
1650,130,6750
1660,130,6750
1670,130,6750
1680,130,6750
1690,130,6750
1700,130,6750
1400,140,6750
1410,140,6750
1420,140,6750
1430,140,6750
1440,140,6750
1450,140,6750
1460,140,6750
1470,140,6750
1480,140,6750
1490,140,6750
1500,140,6750
1510,140,6750
1520,140,6750
1530,140,6750
1540,140,6750
1550,140,6750
1560,140,6750
1570,140,6750
1580,140,6750
1590,140,6750
1600,140,6750
1610,140,6750
1620,140,6750
1630,140,6750
1640,140,6750
1650,140,6750
1660,140,6750
1670,140,6750
1680,140,6750
1690,140,6750
1700,140,6750
1400,150,6750
1410,150,6750
1420,150,6750
1430,150,6750
1440,150,6750
1450,150,6750
1460,150,6750
1470,150,6750
1480,150,6750
1490,150,6750
1500,150,6750
1510,150,6750
1520,150,6750
1530,150,6750
1540,150,6750
1550,150,6750
1560,150,6750
1570,150,6750
1580,150,6750
1590,150,6750
1600,150,6750
1610,150,6750
1620,150,6750
1630,150,6750
1640,150,6750
1650,150,6750
1660,150,6750
1670,150,6750
1680,150,6750
1690,150,6750
1700,150,6750
1400,160,6750
1410,160,6750
1420,160,6750
1430,160,6750
1440,160,6750
1450,160,6750
1460,160,6750
1470,160,6750
1480,160,6750
1490,160,6750
1500,160,6750
1510,160,6750
1520,160,6750
1530,160,6750
1540,160,6750
1550,160,6750
1560,160,6750
1570,160,6750
1580,160,6750
1590,160,6750
1600,160,6750
1610,160,6750
1620,160,6750
1630,160,6750
1640,160,6750
1650,160,6750
1660,160,6750
1670,160,6750
1680,160,6750
1690,160,6750
1700,160,6750
1400,170,6750
1410,170,6750
1420,170,6750
1430,170,6750
1440,170,6750
1450,170,6750
1460,170,6750
1470,170,6750
1480,170,6750
1490,170,6750
1500,170,6750
1510,170,6750
1520,170,6750
1530,170,6750
1540,170,6750
1550,170,6750
1560,170,6750
1570,170,6750
1580,170,6750
1590,170,6750
1600,170,6750
1610,170,6750
1620,170,6750
1630,170,6750
1640,170,6750
1650,170,6750
1660,170,6750
1670,170,6750
1680,170,6750
1690,170,6750
1700,170,6750
1400,180,6750
1410,180,6750
1420,180,6750
1430,180,6750
1440,180,6750
1450,180,6750
1460,180,6750
1470,180,6750
1480,180,6750
1490,180,6750
1500,180,6750
1510,180,6750
1520,180,6750
1530,180,6750
1540,180,6750
1550,180,6750
1560,180,6750
1570,180,6750
1580,180,6750
1590,180,6750
1600,180,6750
1610,180,6750
1620,180,6750
1630,180,6750
1640,180,6750
1650,180,6750
1660,180,6750
1670,180,6750
1680,180,6750
1690,180,6750
1700,180,6750
1400,190,6750
1410,190,6750
1420,190,6750
1430,190,6750
1440,190,6750
1450,190,6750
1460,190,6750
1470,190,6750
1480,190,6750
1490,190,6750
1500,190,6750
1510,190,6750
1520,190,6750
1530,190,6750
1540,190,6750
1550,190,6750
1560,190,6750
1570,190,6750
1580,190,6750
1590,190,6750
1600,190,6750
1610,190,6750
1620,190,6750
1630,190,6750
1640,190,6750
1650,190,6750
1660,190,6750
1670,190,6750
1680,190,6750
1690,190,6750
1700,190,6750
1400,200,6750
1410,200,6750
1420,200,6750
1430,200,6750
1440,200,6750
1450,200,6750
1460,200,6750
1470,200,6750
1480,200,6750
1490,200,6750
1500,200,6750
1510,200,6750
1520,200,6750
1530,200,6750
1540,200,6750
1550,200,6750
1560,200,6750
1570,200,6750
1580,200,6750
1590,200,6750
1600,200,6750
1610,200,6750
1620,200,6750
1630,200,6750
1640,200,6750
1650,200,6750
1660,200,6750
1670,200,6750
1680,200,6750
1690,200,6750
1700,200,6750
1400,210,6750
1410,210,6750
1420,210,6750
1430,210,6750
1440,210,6750
1450,210,6750
1460,210,6750
1470,210,6750
1480,210,6750
1490,210,6750
1500,210,6750
1510,210,6750
1520,210,6750
1530,210,6750
1540,210,6750
1550,210,6750
1560,210,6750
1570,210,6750
1580,210,6750
1590,210,6750
1600,210,6750
1610,210,6750
1620,210,6750
1630,210,6750
1640,210,6750
1650,210,6750
1660,210,6750
1670,210,6750
1680,210,6750
1690,210,6750
1700,210,6750
1400,220,6750
1410,220,6750
1420,220,6750
1430,220,6750
1440,220,6750
1450,220,6750
1460,220,6750
1470,220,6750
1480,220,6750
1490,220,6750
1500,220,6750
1510,220,6750
1520,220,6750
1530,220,6750
1540,220,6750
1550,220,6750
1560,220,6750
1570,220,6750
1580,220,6750
1590,220,6750
1600,220,6750
1610,220,6750
1620,220,6750
1630,220,6750
1640,220,6750
1650,220,6750
1660,220,6750
1670,220,6750
1680,220,6750
1690,220,6750
1700,220,6750
1400,230,6750
1410,230,6750
1420,230,6750
1430,230,6750
1440,230,6750
1450,230,6750
1460,230,6750
1470,230,6750
1480,230,6750
1490,230,6750
1500,230,6750
1510,230,6750
1520,230,6750
1530,230,6750
1540,230,6750
1550,230,6750
1560,230,6750
1570,230,6750
1580,230,6750
1590,230,6750
1600,230,6750
1610,230,6750
1620,230,6750
1630,230,6750
1640,230,6750
1650,230,6750
1660,230,6750
1670,230,6750
1680,230,6750
1690,230,6750
1700,230,6750
1400,240,6750
1410,240,6750
1420,240,6750
1430,240,6750
1440,240,6750
1450,240,6750
1460,240,6750
1470,240,6750
1480,240,6750
1490,240,6750
1500,240,6750
1510,240,6750
1520,240,6750
1530,240,6750
1540,240,6750
1550,240,6750
1560,240,6750
1570,240,6750
1580,240,6750
1590,240,6750
1600,240,6750
1610,240,6750
1620,240,6750
1630,240,6750
1640,240,6750
1650,240,6750
1660,240,6750
1670,240,6750
1680,240,6750
1690,240,6750
1700,240,6750
1400,250,6750
1410,250,6750
1420,250,6750
1430,250,6750
1440,250,6750
1450,250,6750
1460,250,6750
1470,250,6750
1480,250,6750
1490,250,6750
1500,250,6750
1510,250,6750
1520,250,6750
1530,250,6750
1540,250,6750
1550,250,6750
1560,250,6750
1570,250,6750
1580,250,6750
1590,250,6750
1600,250,6750
1610,250,6750
1620,250,6750
1630,250,6750
1640,250,6750
1650,250,6750
1660,250,6750
1670,250,6750
1680,250,6750
1690,250,6750
1700,250,6750
1400,50,7000
1410,50,7000
1420,50,7000
1430,50,7000
1440,50,7000
1450,50,7000
1460,50,7000
1470,50,7000
1480,50,7000
1490,50,7000
1500,50,7000
1510,50,7000
1520,50,7000
1530,50,7000
1540,50,7000
1550,50,7000
1560,50,7000
1570,50,7000
1580,50,7000
1590,50,7000
1600,50,7000
1610,50,7000
1620,50,7000
1630,50,7000
1640,50,7000
1650,50,7000
1660,50,7000
1670,50,7000
1680,50,7000
1690,50,7000
1700,50,7000
1400,60,7000
1410,60,7000
1420,60,7000
1430,60,7000
1440,60,7000
1450,60,7000
1460,60,7000
1470,60,7000
1480,60,7000
1490,60,7000
1500,60,7000
1510,60,7000
1520,60,7000
1530,60,7000
1540,60,7000
1550,60,7000
1560,60,7000
1570,60,7000
1580,60,7000
1590,60,7000
1600,60,7000
1610,60,7000
1620,60,7000
1630,60,7000
1640,60,7000
1650,60,7000
1660,60,7000
1670,60,7000
1680,60,7000
1690,60,7000
1700,60,7000
1400,70,7000
1410,70,7000
1420,70,7000
1430,70,7000
1440,70,7000
1450,70,7000
1460,70,7000
1470,70,7000
1480,70,7000
1490,70,7000
1500,70,7000
1510,70,7000
1520,70,7000
1530,70,7000
1540,70,7000
1550,70,7000
1560,70,7000
1570,70,7000
1580,70,7000
1590,70,7000
1600,70,7000
1610,70,7000
1620,70,7000
1630,70,7000
1640,70,7000
1650,70,7000
1660,70,7000
1670,70,7000
1680,70,7000
1690,70,7000
1700,70,7000
1400,80,7000
1410,80,7000
1420,80,7000
1430,80,7000
1440,80,7000
1450,80,7000
1460,80,7000
1470,80,7000
1480,80,7000
1490,80,7000
1500,80,7000
1510,80,7000
1520,80,7000
1530,80,7000
1540,80,7000
1550,80,7000
1560,80,7000
1570,80,7000
1580,80,7000
1590,80,7000
1600,80,7000
1610,80,7000
1620,80,7000
1630,80,7000
1640,80,7000
1650,80,7000
1660,80,7000
1670,80,7000
1680,80,7000
1690,80,7000
1700,80,7000
1400,90,7000
1410,90,7000
1420,90,7000
1430,90,7000
1440,90,7000
1450,90,7000
1460,90,7000
1470,90,7000
1480,90,7000
1490,90,7000
1500,90,7000
1510,90,7000
1520,90,7000
1530,90,7000
1540,90,7000
1550,90,7000
1560,90,7000
1570,90,7000
1580,90,7000
1590,90,7000
1600,90,7000
1610,90,7000
1620,90,7000
1630,90,7000
1640,90,7000
1650,90,7000
1660,90,7000
1670,90,7000
1680,90,7000
1690,90,7000
1700,90,7000
1400,100,7000
1410,100,7000
1420,100,7000
1430,100,7000
1440,100,7000
1450,100,7000
1460,100,7000
1470,100,7000
1480,100,7000
1490,100,7000
1500,100,7000
1510,100,7000
1520,100,7000
1530,100,7000
1540,100,7000
1550,100,7000
1560,100,7000
1570,100,7000
1580,100,7000
1590,100,7000
1600,100,7000
1610,100,7000
1620,100,7000
1630,100,7000
1640,100,7000
1650,100,7000
1660,100,7000
1670,100,7000
1680,100,7000
1690,100,7000
1700,100,7000
1400,110,7000
1410,110,7000
1420,110,7000
1430,110,7000
1440,110,7000
1450,110,7000
1460,110,7000
1470,110,7000
1480,110,7000
1490,110,7000
1500,110,7000
1510,110,7000
1520,110,7000
1530,110,7000
1540,110,7000
1550,110,7000
1560,110,7000
1570,110,7000
1580,110,7000
1590,110,7000
1600,110,7000
1610,110,7000
1620,110,7000
1630,110,7000
1640,110,7000
1650,110,7000
1660,110,7000
1670,110,7000
1680,110,7000
1690,110,7000
1700,110,7000
1400,120,7000
1410,120,7000
1420,120,7000
1430,120,7000
1440,120,7000
1450,120,7000
1460,120,7000
1470,120,7000
1480,120,7000
1490,120,7000
1500,120,7000
1510,120,7000
1520,120,7000
1530,120,7000
1540,120,7000
1550,120,7000
1560,120,7000
1570,120,7000
1580,120,7000
1590,120,7000
1600,120,7000
1610,120,7000
1620,120,7000
1630,120,7000
1640,120,7000
1650,120,7000
1660,120,7000
1670,120,7000
1680,120,7000
1690,120,7000
1700,120,7000
1400,130,7000
1410,130,7000
1420,130,7000
1430,130,7000
1440,130,7000
1450,130,7000
1460,130,7000
1470,130,7000
1480,130,7000
1490,130,7000
1500,130,7000
1510,130,7000
1520,130,7000
1530,130,7000
1540,130,7000
1550,130,7000
1560,130,7000
1570,130,7000
1580,130,7000
1590,130,7000
1600,130,7000
1610,130,7000
1620,130,7000
1630,130,7000
1640,130,7000
1650,130,7000
1660,130,7000
1670,130,7000
1680,130,7000
1690,130,7000
1700,130,7000
1400,140,7000
1410,140,7000
1420,140,7000
1430,140,7000
1440,140,7000
1450,140,7000
1460,140,7000
1470,140,7000
1480,140,7000
1490,140,7000
1500,140,7000
1510,140,7000
1520,140,7000
1530,140,7000
1540,140,7000
1550,140,7000
1560,140,7000
1570,140,7000
1580,140,7000
1590,140,7000
1600,140,7000
1610,140,7000
1620,140,7000
1630,140,7000
1640,140,7000
1650,140,7000
1660,140,7000
1670,140,7000
1680,140,7000
1690,140,7000
1700,140,7000
1400,150,7000
1410,150,7000
1420,150,7000
1430,150,7000
1440,150,7000
1450,150,7000
1460,150,7000
1470,150,7000
1480,150,7000
1490,150,7000
1500,150,7000
1510,150,7000
1520,150,7000
1530,150,7000
1540,150,7000
1550,150,7000
1560,150,7000
1570,150,7000
1580,150,7000
1590,150,7000
1600,150,7000
1610,150,7000
1620,150,7000
1630,150,7000
1640,150,7000
1650,150,7000
1660,150,7000
1670,150,7000
1680,150,7000
1690,150,7000
1700,150,7000
1400,160,7000
1410,160,7000
1420,160,7000
1430,160,7000
1440,160,7000
1450,160,7000
1460,160,7000
1470,160,7000
1480,160,7000
1490,160,7000
1500,160,7000
1510,160,7000
1520,160,7000
1530,160,7000
1540,160,7000
1550,160,7000
1560,160,7000
1570,160,7000
1580,160,7000
1590,160,7000
1600,160,7000
1610,160,7000
1620,160,7000
1630,160,7000
1640,160,7000
1650,160,7000
1660,160,7000
1670,160,7000
1680,160,7000
1690,160,7000
1700,160,7000
1400,170,7000
1410,170,7000
1420,170,7000
1430,170,7000
1440,170,7000
1450,170,7000
1460,170,7000
1470,170,7000
1480,170,7000
1490,170,7000
1500,170,7000
1510,170,7000
1520,170,7000
1530,170,7000
1540,170,7000
1550,170,7000
1560,170,7000
1570,170,7000
1580,170,7000
1590,170,7000
1600,170,7000
1610,170,7000
1620,170,7000
1630,170,7000
1640,170,7000
1650,170,7000
1660,170,7000
1670,170,7000
1680,170,7000
1690,170,7000
1700,170,7000
1400,180,7000
1410,180,7000
1420,180,7000
1430,180,7000
1440,180,7000
1450,180,7000
1460,180,7000
1470,180,7000
1480,180,7000
1490,180,7000
1500,180,7000
1510,180,7000
1520,180,7000
1530,180,7000
1540,180,7000
1550,180,7000
1560,180,7000
1570,180,7000
1580,180,7000
1590,180,7000
1600,180,7000
1610,180,7000
1620,180,7000
1630,180,7000
1640,180,7000
1650,180,7000
1660,180,7000
1670,180,7000
1680,180,7000
1690,180,7000
1700,180,7000
1400,190,7000
1410,190,7000
1420,190,7000
1430,190,7000
1440,190,7000
1450,190,7000
1460,190,7000
1470,190,7000
1480,190,7000
1490,190,7000
1500,190,7000
1510,190,7000
1520,190,7000
1530,190,7000
1540,190,7000
1550,190,7000
1560,190,7000
1570,190,7000
1580,190,7000
1590,190,7000
1600,190,7000
1610,190,7000
1620,190,7000
1630,190,7000
1640,190,7000
1650,190,7000
1660,190,7000
1670,190,7000
1680,190,7000
1690,190,7000
1700,190,7000
1400,200,7000
1410,200,7000
1420,200,7000
1430,200,7000
1440,200,7000
1450,200,7000
1460,200,7000
1470,200,7000
1480,200,7000
1490,200,7000
1500,200,7000
1510,200,7000
1520,200,7000
1530,200,7000
1540,200,7000
1550,200,7000
1560,200,7000
1570,200,7000
1580,200,7000
1590,200,7000
1600,200,7000
1610,200,7000
1620,200,7000
1630,200,7000
1640,200,7000
1650,200,7000
1660,200,7000
1670,200,7000
1680,200,7000
1690,200,7000
1700,200,7000
1400,210,7000
1410,210,7000
1420,210,7000
1430,210,7000
1440,210,7000
1450,210,7000
1460,210,7000
1470,210,7000
1480,210,7000
1490,210,7000
1500,210,7000
1510,210,7000
1520,210,7000
1530,210,7000
1540,210,7000
1550,210,7000
1560,210,7000
1570,210,7000
1580,210,7000
1590,210,7000
1600,210,7000
1610,210,7000
1620,210,7000
1630,210,7000
1640,210,7000
1650,210,7000
1660,210,7000
1670,210,7000
1680,210,7000
1690,210,7000
1700,210,7000
1400,220,7000
1410,220,7000
1420,220,7000
1430,220,7000
1440,220,7000
1450,220,7000
1460,220,7000
1470,220,7000
1480,220,7000
1490,220,7000
1500,220,7000
1510,220,7000
1520,220,7000
1530,220,7000
1540,220,7000
1550,220,7000
1560,220,7000
1570,220,7000
1580,220,7000
1590,220,7000
1600,220,7000
1610,220,7000
1620,220,7000
1630,220,7000
1640,220,7000
1650,220,7000
1660,220,7000
1670,220,7000
1680,220,7000
1690,220,7000
1700,220,7000
1400,230,7000
1410,230,7000
1420,230,7000
1430,230,7000
1440,230,7000
1450,230,7000
1460,230,7000
1470,230,7000
1480,230,7000
1490,230,7000
1500,230,7000
1510,230,7000
1520,230,7000
1530,230,7000
1540,230,7000
1550,230,7000
1560,230,7000
1570,230,7000
1580,230,7000
1590,230,7000
1600,230,7000
1610,230,7000
1620,230,7000
1630,230,7000
1640,230,7000
1650,230,7000
1660,230,7000
1670,230,7000
1680,230,7000
1690,230,7000
1700,230,7000
1400,240,7000
1410,240,7000
1420,240,7000
1430,240,7000
1440,240,7000
1450,240,7000
1460,240,7000
1470,240,7000
1480,240,7000
1490,240,7000
1500,240,7000
1510,240,7000
1520,240,7000
1530,240,7000
1540,240,7000
1550,240,7000
1560,240,7000
1570,240,7000
1580,240,7000
1590,240,7000
1600,240,7000
1610,240,7000
1620,240,7000
1630,240,7000
1640,240,7000
1650,240,7000
1660,240,7000
1670,240,7000
1680,240,7000
1690,240,7000
1700,240,7000
1400,250,7000
1410,250,7000
1420,250,7000
1430,250,7000
1440,250,7000
1450,250,7000
1460,250,7000
1470,250,7000
1480,250,7000
1490,250,7000
1500,250,7000
1510,250,7000
1520,250,7000
1530,250,7000
1540,250,7000
1550,250,7000
1560,250,7000
1570,250,7000
1580,250,7000
1590,250,7000
1600,250,7000
1610,250,7000
1620,250,7000
1630,250,7000
1640,250,7000
1650,250,7000
1660,250,7000
1670,250,7000
1680,250,7000
1690,250,7000
1700,250,7000
1400,50,7250
1410,50,7250
1420,50,7250
1430,50,7250
1440,50,7250
1450,50,7250
1460,50,7250
1470,50,7250
1480,50,7250
1490,50,7250
1500,50,7250
1510,50,7250
1520,50,7250
1530,50,7250
1540,50,7250
1550,50,7250
1560,50,7250
1570,50,7250
1580,50,7250
1590,50,7250
1600,50,7250
1610,50,7250
1620,50,7250
1630,50,7250
1640,50,7250
1650,50,7250
1660,50,7250
1670,50,7250
1680,50,7250
1690,50,7250
1700,50,7250
1400,60,7250
1410,60,7250
1420,60,7250
1430,60,7250
1440,60,7250
1450,60,7250
1460,60,7250
1470,60,7250
1480,60,7250
1490,60,7250
1500,60,7250
1510,60,7250
1520,60,7250
1530,60,7250
1540,60,7250
1550,60,7250
1560,60,7250
1570,60,7250
1580,60,7250
1590,60,7250
1600,60,7250
1610,60,7250
1620,60,7250
1630,60,7250
1640,60,7250
1650,60,7250
1660,60,7250
1670,60,7250
1680,60,7250
1690,60,7250
1700,60,7250
1400,70,7250
1410,70,7250
1420,70,7250
1430,70,7250
1440,70,7250
1450,70,7250
1460,70,7250
1470,70,7250
1480,70,7250
1490,70,7250
1500,70,7250
1510,70,7250
1520,70,7250
1530,70,7250
1540,70,7250
1550,70,7250
1560,70,7250
1570,70,7250
1580,70,7250
1590,70,7250
1600,70,7250
1610,70,7250
1620,70,7250
1630,70,7250
1640,70,7250
1650,70,7250
1660,70,7250
1670,70,7250
1680,70,7250
1690,70,7250
1700,70,7250
1400,80,7250
1410,80,7250
1420,80,7250
1430,80,7250
1440,80,7250
1450,80,7250
1460,80,7250
1470,80,7250
1480,80,7250
1490,80,7250
1500,80,7250
1510,80,7250
1520,80,7250
1530,80,7250
1540,80,7250
1550,80,7250
1560,80,7250
1570,80,7250
1580,80,7250
1590,80,7250
1600,80,7250
1610,80,7250
1620,80,7250
1630,80,7250
1640,80,7250
1650,80,7250
1660,80,7250
1670,80,7250
1680,80,7250
1690,80,7250
1700,80,7250
1400,90,7250
1410,90,7250
1420,90,7250
1430,90,7250
1440,90,7250
1450,90,7250
1460,90,7250
1470,90,7250
1480,90,7250
1490,90,7250
1500,90,7250
1510,90,7250
1520,90,7250
1530,90,7250
1540,90,7250
1550,90,7250
1560,90,7250
1570,90,7250
1580,90,7250
1590,90,7250
1600,90,7250
1610,90,7250
1620,90,7250
1630,90,7250
1640,90,7250
1650,90,7250
1660,90,7250
1670,90,7250
1680,90,7250
1690,90,7250
1700,90,7250
1400,100,7250
1410,100,7250
1420,100,7250
1430,100,7250
1440,100,7250
1450,100,7250
1460,100,7250
1470,100,7250
1480,100,7250
1490,100,7250
1500,100,7250
1510,100,7250
1520,100,7250
1530,100,7250
1540,100,7250
1550,100,7250
1560,100,7250
1570,100,7250
1580,100,7250
1590,100,7250
1600,100,7250
1610,100,7250
1620,100,7250
1630,100,7250
1640,100,7250
1650,100,7250
1660,100,7250
1670,100,7250
1680,100,7250
1690,100,7250
1700,100,7250
1400,110,7250
1410,110,7250
1420,110,7250
1430,110,7250
1440,110,7250
1450,110,7250
1460,110,7250
1470,110,7250
1480,110,7250
1490,110,7250
1500,110,7250
1510,110,7250
1520,110,7250
1530,110,7250
1540,110,7250
1550,110,7250
1560,110,7250
1570,110,7250
1580,110,7250
1590,110,7250
1600,110,7250
1610,110,7250
1620,110,7250
1630,110,7250
1640,110,7250
1650,110,7250
1660,110,7250
1670,110,7250
1680,110,7250
1690,110,7250
1700,110,7250
1400,120,7250
1410,120,7250
1420,120,7250
1430,120,7250
1440,120,7250
1450,120,7250
1460,120,7250
1470,120,7250
1480,120,7250
1490,120,7250
1500,120,7250
1510,120,7250
1520,120,7250
1530,120,7250
1540,120,7250
1550,120,7250
1560,120,7250
1570,120,7250
1580,120,7250
1590,120,7250
1600,120,7250
1610,120,7250
1620,120,7250
1630,120,7250
1640,120,7250
1650,120,7250
1660,120,7250
1670,120,7250
1680,120,7250
1690,120,7250
1700,120,7250
1400,130,7250
1410,130,7250
1420,130,7250
1430,130,7250
1440,130,7250
1450,130,7250
1460,130,7250
1470,130,7250
1480,130,7250
1490,130,7250
1500,130,7250
1510,130,7250
1520,130,7250
1530,130,7250
1540,130,7250
1550,130,7250
1560,130,7250
1570,130,7250
1580,130,7250
1590,130,7250
1600,130,7250
1610,130,7250
1620,130,7250
1630,130,7250
1640,130,7250
1650,130,7250
1660,130,7250
1670,130,7250
1680,130,7250
1690,130,7250
1700,130,7250
1400,140,7250
1410,140,7250
1420,140,7250
1430,140,7250
1440,140,7250
1450,140,7250
1460,140,7250
1470,140,7250
1480,140,7250
1490,140,7250
1500,140,7250
1510,140,7250
1520,140,7250
1530,140,7250
1540,140,7250
1550,140,7250
1560,140,7250
1570,140,7250
1580,140,7250
1590,140,7250
1600,140,7250
1610,140,7250
1620,140,7250
1630,140,7250
1640,140,7250
1650,140,7250
1660,140,7250
1670,140,7250
1680,140,7250
1690,140,7250
1700,140,7250
1400,150,7250
1410,150,7250
1420,150,7250
1430,150,7250
1440,150,7250
1450,150,7250
1460,150,7250
1470,150,7250
1480,150,7250
1490,150,7250
1500,150,7250
1510,150,7250
1520,150,7250
1530,150,7250
1540,150,7250
1550,150,7250
1560,150,7250
1570,150,7250
1580,150,7250
1590,150,7250
1600,150,7250
1610,150,7250
1620,150,7250
1630,150,7250
1640,150,7250
1650,150,7250
1660,150,7250
1670,150,7250
1680,150,7250
1690,150,7250
1700,150,7250
1400,160,7250
1410,160,7250
1420,160,7250
1430,160,7250
1440,160,7250
1450,160,7250
1460,160,7250
1470,160,7250
1480,160,7250
1490,160,7250
1500,160,7250
1510,160,7250
1520,160,7250
1530,160,7250
1540,160,7250
1550,160,7250
1560,160,7250
1570,160,7250
1580,160,7250
1590,160,7250
1600,160,7250
1610,160,7250
1620,160,7250
1630,160,7250
1640,160,7250
1650,160,7250
1660,160,7250
1670,160,7250
1680,160,7250
1690,160,7250
1700,160,7250
1400,170,7250
1410,170,7250
1420,170,7250
1430,170,7250
1440,170,7250
1450,170,7250
1460,170,7250
1470,170,7250
1480,170,7250
1490,170,7250
1500,170,7250
1510,170,7250
1520,170,7250
1530,170,7250
1540,170,7250
1550,170,7250
1560,170,7250
1570,170,7250
1580,170,7250
1590,170,7250
1600,170,7250
1610,170,7250
1620,170,7250
1630,170,7250
1640,170,7250
1650,170,7250
1660,170,7250
1670,170,7250
1680,170,7250
1690,170,7250
1700,170,7250
1400,180,7250
1410,180,7250
1420,180,7250
1430,180,7250
1440,180,7250
1450,180,7250
1460,180,7250
1470,180,7250
1480,180,7250
1490,180,7250
1500,180,7250
1510,180,7250
1520,180,7250
1530,180,7250
1540,180,7250
1550,180,7250
1560,180,7250
1570,180,7250
1580,180,7250
1590,180,7250
1600,180,7250
1610,180,7250
1620,180,7250
1630,180,7250
1640,180,7250
1650,180,7250
1660,180,7250
1670,180,7250
1680,180,7250
1690,180,7250
1700,180,7250
1400,190,7250
1410,190,7250
1420,190,7250
1430,190,7250
1440,190,7250
1450,190,7250
1460,190,7250
1470,190,7250
1480,190,7250
1490,190,7250
1500,190,7250
1510,190,7250
1520,190,7250
1530,190,7250
1540,190,7250
1550,190,7250
1560,190,7250
1570,190,7250
1580,190,7250
1590,190,7250
1600,190,7250
1610,190,7250
1620,190,7250
1630,190,7250
1640,190,7250
1650,190,7250
1660,190,7250
1670,190,7250
1680,190,7250
1690,190,7250
1700,190,7250
1400,200,7250
1410,200,7250
1420,200,7250
1430,200,7250
1440,200,7250
1450,200,7250
1460,200,7250
1470,200,7250
1480,200,7250
1490,200,7250
1500,200,7250
1510,200,7250
1520,200,7250
1530,200,7250
1540,200,7250
1550,200,7250
1560,200,7250
1570,200,7250
1580,200,7250
1590,200,7250
1600,200,7250
1610,200,7250
1620,200,7250
1630,200,7250
1640,200,7250
1650,200,7250
1660,200,7250
1670,200,7250
1680,200,7250
1690,200,7250
1700,200,7250
1400,210,7250
1410,210,7250
1420,210,7250
1430,210,7250
1440,210,7250
1450,210,7250
1460,210,7250
1470,210,7250
1480,210,7250
1490,210,7250
1500,210,7250
1510,210,7250
1520,210,7250
1530,210,7250
1540,210,7250
1550,210,7250
1560,210,7250
1570,210,7250
1580,210,7250
1590,210,7250
1600,210,7250
1610,210,7250
1620,210,7250
1630,210,7250
1640,210,7250
1650,210,7250
1660,210,7250
1670,210,7250
1680,210,7250
1690,210,7250
1700,210,7250
1400,220,7250
1410,220,7250
1420,220,7250
1430,220,7250
1440,220,7250
1450,220,7250
1460,220,7250
1470,220,7250
1480,220,7250
1490,220,7250
1500,220,7250
1510,220,7250
1520,220,7250
1530,220,7250
1540,220,7250
1550,220,7250
1560,220,7250
1570,220,7250
1580,220,7250
1590,220,7250
1600,220,7250
1610,220,7250
1620,220,7250
1630,220,7250
1640,220,7250
1650,220,7250
1660,220,7250
1670,220,7250
1680,220,7250
1690,220,7250
1700,220,7250
1400,230,7250
1410,230,7250
1420,230,7250
1430,230,7250
1440,230,7250
1450,230,7250
1460,230,7250
1470,230,7250
1480,230,7250
1490,230,7250
1500,230,7250
1510,230,7250
1520,230,7250
1530,230,7250
1540,230,7250
1550,230,7250
1560,230,7250
1570,230,7250
1580,230,7250
1590,230,7250
1600,230,7250
1610,230,7250
1620,230,7250
1630,230,7250
1640,230,7250
1650,230,7250
1660,230,7250
1670,230,7250
1680,230,7250
1690,230,7250
1700,230,7250
1400,240,7250
1410,240,7250
1420,240,7250
1430,240,7250
1440,240,7250
1450,240,7250
1460,240,7250
1470,240,7250
1480,240,7250
1490,240,7250
1500,240,7250
1510,240,7250
1520,240,7250
1530,240,7250
1540,240,7250
1550,240,7250
1560,240,7250
1570,240,7250
1580,240,7250
1590,240,7250
1600,240,7250
1610,240,7250
1620,240,7250
1630,240,7250
1640,240,7250
1650,240,7250
1660,240,7250
1670,240,7250
1680,240,7250
1690,240,7250
1700,240,7250
1400,250,7250
1410,250,7250
1420,250,7250
1430,250,7250
1440,250,7250
1450,250,7250
1460,250,7250
1470,250,7250
1480,250,7250
1490,250,7250
1500,250,7250
1510,250,7250
1520,250,7250
1530,250,7250
1540,250,7250
1550,250,7250
1560,250,7250
1570,250,7250
1580,250,7250
1590,250,7250
1600,250,7250
1610,250,7250
1620,250,7250
1630,250,7250
1640,250,7250
1650,250,7250
1660,250,7250
1670,250,7250
1680,250,7250
1690,250,7250
1700,250,7250
1400,50,7500
1410,50,7500
1420,50,7500
1430,50,7500
1440,50,7500
1450,50,7500
1460,50,7500
1470,50,7500
1480,50,7500
1490,50,7500
1500,50,7500
1510,50,7500
1520,50,7500
1530,50,7500
1540,50,7500
1550,50,7500
1560,50,7500
1570,50,7500
1580,50,7500
1590,50,7500
1600,50,7500
1610,50,7500
1620,50,7500
1630,50,7500
1640,50,7500
1650,50,7500
1660,50,7500
1670,50,7500
1680,50,7500
1690,50,7500
1700,50,7500
1400,60,7500
1410,60,7500
1420,60,7500
1430,60,7500
1440,60,7500
1450,60,7500
1460,60,7500
1470,60,7500
1480,60,7500
1490,60,7500
1500,60,7500
1510,60,7500
1520,60,7500
1530,60,7500
1540,60,7500
1550,60,7500
1560,60,7500
1570,60,7500
1580,60,7500
1590,60,7500
1600,60,7500
1610,60,7500
1620,60,7500
1630,60,7500
1640,60,7500
1650,60,7500
1660,60,7500
1670,60,7500
1680,60,7500
1690,60,7500
1700,60,7500
1400,70,7500
1410,70,7500
1420,70,7500
1430,70,7500
1440,70,7500
1450,70,7500
1460,70,7500
1470,70,7500
1480,70,7500
1490,70,7500
1500,70,7500
1510,70,7500
1520,70,7500
1530,70,7500
1540,70,7500
1550,70,7500
1560,70,7500
1570,70,7500
1580,70,7500
1590,70,7500
1600,70,7500
1610,70,7500
1620,70,7500
1630,70,7500
1640,70,7500
1650,70,7500
1660,70,7500
1670,70,7500
1680,70,7500
1690,70,7500
1700,70,7500
1400,80,7500
1410,80,7500
1420,80,7500
1430,80,7500
1440,80,7500
1450,80,7500
1460,80,7500
1470,80,7500
1480,80,7500
1490,80,7500
1500,80,7500
1510,80,7500
1520,80,7500
1530,80,7500
1540,80,7500
1550,80,7500
1560,80,7500
1570,80,7500
1580,80,7500
1590,80,7500
1600,80,7500
1610,80,7500
1620,80,7500
1630,80,7500
1640,80,7500
1650,80,7500
1660,80,7500
1670,80,7500
1680,80,7500
1690,80,7500
1700,80,7500
1400,90,7500
1410,90,7500
1420,90,7500
1430,90,7500
1440,90,7500
1450,90,7500
1460,90,7500
1470,90,7500
1480,90,7500
1490,90,7500
1500,90,7500
1510,90,7500
1520,90,7500
1530,90,7500
1540,90,7500
1550,90,7500
1560,90,7500
1570,90,7500
1580,90,7500
1590,90,7500
1600,90,7500
1610,90,7500
1620,90,7500
1630,90,7500
1640,90,7500
1650,90,7500
1660,90,7500
1670,90,7500
1680,90,7500
1690,90,7500
1700,90,7500
1400,100,7500
1410,100,7500
1420,100,7500
1430,100,7500
1440,100,7500
1450,100,7500
1460,100,7500
1470,100,7500
1480,100,7500
1490,100,7500
1500,100,7500
1510,100,7500
1520,100,7500
1530,100,7500
1540,100,7500
1550,100,7500
1560,100,7500
1570,100,7500
1580,100,7500
1590,100,7500
1600,100,7500
1610,100,7500
1620,100,7500
1630,100,7500
1640,100,7500
1650,100,7500
1660,100,7500
1670,100,7500
1680,100,7500
1690,100,7500
1700,100,7500
1400,110,7500
1410,110,7500
1420,110,7500
1430,110,7500
1440,110,7500
1450,110,7500
1460,110,7500
1470,110,7500
1480,110,7500
1490,110,7500
1500,110,7500
1510,110,7500
1520,110,7500
1530,110,7500
1540,110,7500
1550,110,7500
1560,110,7500
1570,110,7500
1580,110,7500
1590,110,7500
1600,110,7500
1610,110,7500
1620,110,7500
1630,110,7500
1640,110,7500
1650,110,7500
1660,110,7500
1670,110,7500
1680,110,7500
1690,110,7500
1700,110,7500
1400,120,7500
1410,120,7500
1420,120,7500
1430,120,7500
1440,120,7500
1450,120,7500
1460,120,7500
1470,120,7500
1480,120,7500
1490,120,7500
1500,120,7500
1510,120,7500
1520,120,7500
1530,120,7500
1540,120,7500
1550,120,7500
1560,120,7500
1570,120,7500
1580,120,7500
1590,120,7500
1600,120,7500
1610,120,7500
1620,120,7500
1630,120,7500
1640,120,7500
1650,120,7500
1660,120,7500
1670,120,7500
1680,120,7500
1690,120,7500
1700,120,7500
1400,130,7500
1410,130,7500
1420,130,7500
1430,130,7500
1440,130,7500
1450,130,7500
1460,130,7500
1470,130,7500
1480,130,7500
1490,130,7500
1500,130,7500
1510,130,7500
1520,130,7500
1530,130,7500
1540,130,7500
1550,130,7500
1560,130,7500
1570,130,7500
1580,130,7500
1590,130,7500
1600,130,7500
1610,130,7500
1620,130,7500
1630,130,7500
1640,130,7500
1650,130,7500
1660,130,7500
1670,130,7500
1680,130,7500
1690,130,7500
1700,130,7500
1400,140,7500
1410,140,7500
1420,140,7500
1430,140,7500
1440,140,7500
1450,140,7500
1460,140,7500
1470,140,7500
1480,140,7500
1490,140,7500
1500,140,7500
1510,140,7500
1520,140,7500
1530,140,7500
1540,140,7500
1550,140,7500
1560,140,7500
1570,140,7500
1580,140,7500
1590,140,7500
1600,140,7500
1610,140,7500
1620,140,7500
1630,140,7500
1640,140,7500
1650,140,7500
1660,140,7500
1670,140,7500
1680,140,7500
1690,140,7500
1700,140,7500
1400,150,7500
1410,150,7500
1420,150,7500
1430,150,7500
1440,150,7500
1450,150,7500
1460,150,7500
1470,150,7500
1480,150,7500
1490,150,7500
1500,150,7500
1510,150,7500
1520,150,7500
1530,150,7500
1540,150,7500
1550,150,7500
1560,150,7500
1570,150,7500
1580,150,7500
1590,150,7500
1600,150,7500
1610,150,7500
1620,150,7500
1630,150,7500
1640,150,7500
1650,150,7500
1660,150,7500
1670,150,7500
1680,150,7500
1690,150,7500
1700,150,7500
1400,160,7500
1410,160,7500
1420,160,7500
1430,160,7500
1440,160,7500
1450,160,7500
1460,160,7500
1470,160,7500
1480,160,7500
1490,160,7500
1500,160,7500
1510,160,7500
1520,160,7500
1530,160,7500
1540,160,7500
1550,160,7500
1560,160,7500
1570,160,7500
1580,160,7500
1590,160,7500
1600,160,7500
1610,160,7500
1620,160,7500
1630,160,7500
1640,160,7500
1650,160,7500
1660,160,7500
1670,160,7500
1680,160,7500
1690,160,7500
1700,160,7500
1400,170,7500
1410,170,7500
1420,170,7500
1430,170,7500
1440,170,7500
1450,170,7500
1460,170,7500
1470,170,7500
1480,170,7500
1490,170,7500
1500,170,7500
1510,170,7500
1520,170,7500
1530,170,7500
1540,170,7500
1550,170,7500
1560,170,7500
1570,170,7500
1580,170,7500
1590,170,7500
1600,170,7500
1610,170,7500
1620,170,7500
1630,170,7500
1640,170,7500
1650,170,7500
1660,170,7500
1670,170,7500
1680,170,7500
1690,170,7500
1700,170,7500
1400,180,7500
1410,180,7500
1420,180,7500
1430,180,7500
1440,180,7500
1450,180,7500
1460,180,7500
1470,180,7500
1480,180,7500
1490,180,7500
1500,180,7500
1510,180,7500
1520,180,7500
1530,180,7500
1540,180,7500
1550,180,7500
1560,180,7500
1570,180,7500
1580,180,7500
1590,180,7500
1600,180,7500
1610,180,7500
1620,180,7500
1630,180,7500
1640,180,7500
1650,180,7500
1660,180,7500
1670,180,7500
1680,180,7500
1690,180,7500
1700,180,7500
1400,190,7500
1410,190,7500
1420,190,7500
1430,190,7500
1440,190,7500
1450,190,7500
1460,190,7500
1470,190,7500
1480,190,7500
1490,190,7500
1500,190,7500
1510,190,7500
1520,190,7500
1530,190,7500
1540,190,7500
1550,190,7500
1560,190,7500
1570,190,7500
1580,190,7500
1590,190,7500
1600,190,7500
1610,190,7500
1620,190,7500
1630,190,7500
1640,190,7500
1650,190,7500
1660,190,7500
1670,190,7500
1680,190,7500
1690,190,7500
1700,190,7500
1400,200,7500
1410,200,7500
1420,200,7500
1430,200,7500
1440,200,7500
1450,200,7500
1460,200,7500
1470,200,7500
1480,200,7500
1490,200,7500
1500,200,7500
1510,200,7500
1520,200,7500
1530,200,7500
1540,200,7500
1550,200,7500
1560,200,7500
1570,200,7500
1580,200,7500
1590,200,7500
1600,200,7500
1610,200,7500
1620,200,7500
1630,200,7500
1640,200,7500
1650,200,7500
1660,200,7500
1670,200,7500
1680,200,7500
1690,200,7500
1700,200,7500
1400,210,7500
1410,210,7500
1420,210,7500
1430,210,7500
1440,210,7500
1450,210,7500
1460,210,7500
1470,210,7500
1480,210,7500
1490,210,7500
1500,210,7500
1510,210,7500
1520,210,7500
1530,210,7500
1540,210,7500
1550,210,7500
1560,210,7500
1570,210,7500
1580,210,7500
1590,210,7500
1600,210,7500
1610,210,7500
1620,210,7500
1630,210,7500
1640,210,7500
1650,210,7500
1660,210,7500
1670,210,7500
1680,210,7500
1690,210,7500
1700,210,7500
1400,220,7500
1410,220,7500
1420,220,7500
1430,220,7500
1440,220,7500
1450,220,7500
1460,220,7500
1470,220,7500
1480,220,7500
1490,220,7500
1500,220,7500
1510,220,7500
1520,220,7500
1530,220,7500
1540,220,7500
1550,220,7500
1560,220,7500
1570,220,7500
1580,220,7500
1590,220,7500
1600,220,7500
1610,220,7500
1620,220,7500
1630,220,7500
1640,220,7500
1650,220,7500
1660,220,7500
1670,220,7500
1680,220,7500
1690,220,7500
1700,220,7500
1400,230,7500
1410,230,7500
1420,230,7500
1430,230,7500
1440,230,7500
1450,230,7500
1460,230,7500
1470,230,7500
1480,230,7500
1490,230,7500
1500,230,7500
1510,230,7500
1520,230,7500
1530,230,7500
1540,230,7500
1550,230,7500
1560,230,7500
1570,230,7500
1580,230,7500
1590,230,7500
1600,230,7500
1610,230,7500
1620,230,7500
1630,230,7500
1640,230,7500
1650,230,7500
1660,230,7500
1670,230,7500
1680,230,7500
1690,230,7500
1700,230,7500
1400,240,7500
1410,240,7500
1420,240,7500
1430,240,7500
1440,240,7500
1450,240,7500
1460,240,7500
1470,240,7500
1480,240,7500
1490,240,7500
1500,240,7500
1510,240,7500
1520,240,7500
1530,240,7500
1540,240,7500
1550,240,7500
1560,240,7500
1570,240,7500
1580,240,7500
1590,240,7500
1600,240,7500
1610,240,7500
1620,240,7500
1630,240,7500
1640,240,7500
1650,240,7500
1660,240,7500
1670,240,7500
1680,240,7500
1690,240,7500
1700,240,7500
1400,250,7500
1410,250,7500
1420,250,7500
1430,250,7500
1440,250,7500
1450,250,7500
1460,250,7500
1470,250,7500
1480,250,7500
1490,250,7500
1500,250,7500
1510,250,7500
1520,250,7500
1530,250,7500
1540,250,7500
1550,250,7500
1560,250,7500
1570,250,7500
1580,250,7500
1590,250,7500
1600,250,7500
1610,250,7500
1620,250,7500
1630,250,7500
1640,250,7500
1650,250,7500
1660,250,7500
1670,250,7500
1680,250,7500
1690,250,7500
1700,250,7500
1400,50,7750
1410,50,7750
1420,50,7750
1430,50,7750
1440,50,7750
1450,50,7750
1460,50,7750
1470,50,7750
1480,50,7750
1490,50,7750
1500,50,7750
1510,50,7750
1520,50,7750
1530,50,7750
1540,50,7750
1550,50,7750
1560,50,7750
1570,50,7750
1580,50,7750
1590,50,7750
1600,50,7750
1610,50,7750
1620,50,7750
1630,50,7750
1640,50,7750
1650,50,7750
1660,50,7750
1670,50,7750
1680,50,7750
1690,50,7750
1700,50,7750
1400,60,7750
1410,60,7750
1420,60,7750
1430,60,7750
1440,60,7750
1450,60,7750
1460,60,7750
1470,60,7750
1480,60,7750
1490,60,7750
1500,60,7750
1510,60,7750
1520,60,7750
1530,60,7750
1540,60,7750
1550,60,7750
1560,60,7750
1570,60,7750
1580,60,7750
1590,60,7750
1600,60,7750
1610,60,7750
1620,60,7750
1630,60,7750
1640,60,7750
1650,60,7750
1660,60,7750
1670,60,7750
1680,60,7750
1690,60,7750
1700,60,7750
1400,70,7750
1410,70,7750
1420,70,7750
1430,70,7750
1440,70,7750
1450,70,7750
1460,70,7750
1470,70,7750
1480,70,7750
1490,70,7750
1500,70,7750
1510,70,7750
1520,70,7750
1530,70,7750
1540,70,7750
1550,70,7750
1560,70,7750
1570,70,7750
1580,70,7750
1590,70,7750
1600,70,7750
1610,70,7750
1620,70,7750
1630,70,7750
1640,70,7750
1650,70,7750
1660,70,7750
1670,70,7750
1680,70,7750
1690,70,7750
1700,70,7750
1400,80,7750
1410,80,7750
1420,80,7750
1430,80,7750
1440,80,7750
1450,80,7750
1460,80,7750
1470,80,7750
1480,80,7750
1490,80,7750
1500,80,7750
1510,80,7750
1520,80,7750
1530,80,7750
1540,80,7750
1550,80,7750
1560,80,7750
1570,80,7750
1580,80,7750
1590,80,7750
1600,80,7750
1610,80,7750
1620,80,7750
1630,80,7750
1640,80,7750
1650,80,7750
1660,80,7750
1670,80,7750
1680,80,7750
1690,80,7750
1700,80,7750
1400,90,7750
1410,90,7750
1420,90,7750
1430,90,7750
1440,90,7750
1450,90,7750
1460,90,7750
1470,90,7750
1480,90,7750
1490,90,7750
1500,90,7750
1510,90,7750
1520,90,7750
1530,90,7750
1540,90,7750
1550,90,7750
1560,90,7750
1570,90,7750
1580,90,7750
1590,90,7750
1600,90,7750
1610,90,7750
1620,90,7750
1630,90,7750
1640,90,7750
1650,90,7750
1660,90,7750
1670,90,7750
1680,90,7750
1690,90,7750
1700,90,7750
1400,100,7750
1410,100,7750
1420,100,7750
1430,100,7750
1440,100,7750
1450,100,7750
1460,100,7750
1470,100,7750
1480,100,7750
1490,100,7750
1500,100,7750
1510,100,7750
1520,100,7750
1530,100,7750
1540,100,7750
1550,100,7750
1560,100,7750
1570,100,7750
1580,100,7750
1590,100,7750
1600,100,7750
1610,100,7750
1620,100,7750
1630,100,7750
1640,100,7750
1650,100,7750
1660,100,7750
1670,100,7750
1680,100,7750
1690,100,7750
1700,100,7750
1400,110,7750
1410,110,7750
1420,110,7750
1430,110,7750
1440,110,7750
1450,110,7750
1460,110,7750
1470,110,7750
1480,110,7750
1490,110,7750
1500,110,7750
1510,110,7750
1520,110,7750
1530,110,7750
1540,110,7750
1550,110,7750
1560,110,7750
1570,110,7750
1580,110,7750
1590,110,7750
1600,110,7750
1610,110,7750
1620,110,7750
1630,110,7750
1640,110,7750
1650,110,7750
1660,110,7750
1670,110,7750
1680,110,7750
1690,110,7750
1700,110,7750
1400,120,7750
1410,120,7750
1420,120,7750
1430,120,7750
1440,120,7750
1450,120,7750
1460,120,7750
1470,120,7750
1480,120,7750
1490,120,7750
1500,120,7750
1510,120,7750
1520,120,7750
1530,120,7750
1540,120,7750
1550,120,7750
1560,120,7750
1570,120,7750
1580,120,7750
1590,120,7750
1600,120,7750
1610,120,7750
1620,120,7750
1630,120,7750
1640,120,7750
1650,120,7750
1660,120,7750
1670,120,7750
1680,120,7750
1690,120,7750
1700,120,7750
1400,130,7750
1410,130,7750
1420,130,7750
1430,130,7750
1440,130,7750
1450,130,7750
1460,130,7750
1470,130,7750
1480,130,7750
1490,130,7750
1500,130,7750
1510,130,7750
1520,130,7750
1530,130,7750
1540,130,7750
1550,130,7750
1560,130,7750
1570,130,7750
1580,130,7750
1590,130,7750
1600,130,7750
1610,130,7750
1620,130,7750
1630,130,7750
1640,130,7750
1650,130,7750
1660,130,7750
1670,130,7750
1680,130,7750
1690,130,7750
1700,130,7750
1400,140,7750
1410,140,7750
1420,140,7750
1430,140,7750
1440,140,7750
1450,140,7750
1460,140,7750
1470,140,7750
1480,140,7750
1490,140,7750
1500,140,7750
1510,140,7750
1520,140,7750
1530,140,7750
1540,140,7750
1550,140,7750
1560,140,7750
1570,140,7750
1580,140,7750
1590,140,7750
1600,140,7750
1610,140,7750
1620,140,7750
1630,140,7750
1640,140,7750
1650,140,7750
1660,140,7750
1670,140,7750
1680,140,7750
1690,140,7750
1700,140,7750
1400,150,7750
1410,150,7750
1420,150,7750
1430,150,7750
1440,150,7750
1450,150,7750
1460,150,7750
1470,150,7750
1480,150,7750
1490,150,7750
1500,150,7750
1510,150,7750
1520,150,7750
1530,150,7750
1540,150,7750
1550,150,7750
1560,150,7750
1570,150,7750
1580,150,7750
1590,150,7750
1600,150,7750
1610,150,7750
1620,150,7750
1630,150,7750
1640,150,7750
1650,150,7750
1660,150,7750
1670,150,7750
1680,150,7750
1690,150,7750
1700,150,7750
1400,160,7750
1410,160,7750
1420,160,7750
1430,160,7750
1440,160,7750
1450,160,7750
1460,160,7750
1470,160,7750
1480,160,7750
1490,160,7750
1500,160,7750
1510,160,7750
1520,160,7750
1530,160,7750
1540,160,7750
1550,160,7750
1560,160,7750
1570,160,7750
1580,160,7750
1590,160,7750
1600,160,7750
1610,160,7750
1620,160,7750
1630,160,7750
1640,160,7750
1650,160,7750
1660,160,7750
1670,160,7750
1680,160,7750
1690,160,7750
1700,160,7750
1400,170,7750
1410,170,7750
1420,170,7750
1430,170,7750
1440,170,7750
1450,170,7750
1460,170,7750
1470,170,7750
1480,170,7750
1490,170,7750
1500,170,7750
1510,170,7750
1520,170,7750
1530,170,7750
1540,170,7750
1550,170,7750
1560,170,7750
1570,170,7750
1580,170,7750
1590,170,7750
1600,170,7750
1610,170,7750
1620,170,7750
1630,170,7750
1640,170,7750
1650,170,7750
1660,170,7750
1670,170,7750
1680,170,7750
1690,170,7750
1700,170,7750
1400,180,7750
1410,180,7750
1420,180,7750
1430,180,7750
1440,180,7750
1450,180,7750
1460,180,7750
1470,180,7750
1480,180,7750
1490,180,7750
1500,180,7750
1510,180,7750
1520,180,7750
1530,180,7750
1540,180,7750
1550,180,7750
1560,180,7750
1570,180,7750
1580,180,7750
1590,180,7750
1600,180,7750
1610,180,7750
1620,180,7750
1630,180,7750
1640,180,7750
1650,180,7750
1660,180,7750
1670,180,7750
1680,180,7750
1690,180,7750
1700,180,7750
1400,190,7750
1410,190,7750
1420,190,7750
1430,190,7750
1440,190,7750
1450,190,7750
1460,190,7750
1470,190,7750
1480,190,7750
1490,190,7750
1500,190,7750
1510,190,7750
1520,190,7750
1530,190,7750
1540,190,7750
1550,190,7750
1560,190,7750
1570,190,7750
1580,190,7750
1590,190,7750
1600,190,7750
1610,190,7750
1620,190,7750
1630,190,7750
1640,190,7750
1650,190,7750
1660,190,7750
1670,190,7750
1680,190,7750
1690,190,7750
1700,190,7750
1400,200,7750
1410,200,7750
1420,200,7750
1430,200,7750
1440,200,7750
1450,200,7750
1460,200,7750
1470,200,7750
1480,200,7750
1490,200,7750
1500,200,7750
1510,200,7750
1520,200,7750
1530,200,7750
1540,200,7750
1550,200,7750
1560,200,7750
1570,200,7750
1580,200,7750
1590,200,7750
1600,200,7750
1610,200,7750
1620,200,7750
1630,200,7750
1640,200,7750
1650,200,7750
1660,200,7750
1670,200,7750
1680,200,7750
1690,200,7750
1700,200,7750
1400,210,7750
1410,210,7750
1420,210,7750
1430,210,7750
1440,210,7750
1450,210,7750
1460,210,7750
1470,210,7750
1480,210,7750
1490,210,7750
1500,210,7750
1510,210,7750
1520,210,7750
1530,210,7750
1540,210,7750
1550,210,7750
1560,210,7750
1570,210,7750
1580,210,7750
1590,210,7750
1600,210,7750
1610,210,7750
1620,210,7750
1630,210,7750
1640,210,7750
1650,210,7750
1660,210,7750
1670,210,7750
1680,210,7750
1690,210,7750
1700,210,7750
1400,220,7750
1410,220,7750
1420,220,7750
1430,220,7750
1440,220,7750
1450,220,7750
1460,220,7750
1470,220,7750
1480,220,7750
1490,220,7750
1500,220,7750
1510,220,7750
1520,220,7750
1530,220,7750
1540,220,7750
1550,220,7750
1560,220,7750
1570,220,7750
1580,220,7750
1590,220,7750
1600,220,7750
1610,220,7750
1620,220,7750
1630,220,7750
1640,220,7750
1650,220,7750
1660,220,7750
1670,220,7750
1680,220,7750
1690,220,7750
1700,220,7750
1400,230,7750
1410,230,7750
1420,230,7750
1430,230,7750
1440,230,7750
1450,230,7750
1460,230,7750
1470,230,7750
1480,230,7750
1490,230,7750
1500,230,7750
1510,230,7750
1520,230,7750
1530,230,7750
1540,230,7750
1550,230,7750
1560,230,7750
1570,230,7750
1580,230,7750
1590,230,7750
1600,230,7750
1610,230,7750
1620,230,7750
1630,230,7750
1640,230,7750
1650,230,7750
1660,230,7750
1670,230,7750
1680,230,7750
1690,230,7750
1700,230,7750
1400,240,7750
1410,240,7750
1420,240,7750
1430,240,7750
1440,240,7750
1450,240,7750
1460,240,7750
1470,240,7750
1480,240,7750
1490,240,7750
1500,240,7750
1510,240,7750
1520,240,7750
1530,240,7750
1540,240,7750
1550,240,7750
1560,240,7750
1570,240,7750
1580,240,7750
1590,240,7750
1600,240,7750
1610,240,7750
1620,240,7750
1630,240,7750
1640,240,7750
1650,240,7750
1660,240,7750
1670,240,7750
1680,240,7750
1690,240,7750
1700,240,7750
1400,250,7750
1410,250,7750
1420,250,7750
1430,250,7750
1440,250,7750
1450,250,7750
1460,250,7750
1470,250,7750
1480,250,7750
1490,250,7750
1500,250,7750
1510,250,7750
1520,250,7750
1530,250,7750
1540,250,7750
1550,250,7750
1560,250,7750
1570,250,7750
1580,250,7750
1590,250,7750
1600,250,7750
1610,250,7750
1620,250,7750
1630,250,7750
1640,250,7750
1650,250,7750
1660,250,7750
1670,250,7750
1680,250,7750
1690,250,7750
1700,250,7750
1400,50,8000
1410,50,8000
1420,50,8000
1430,50,8000
1440,50,8000
1450,50,8000
1460,50,8000
1470,50,8000
1480,50,8000
1490,50,8000
1500,50,8000
1510,50,8000
1520,50,8000
1530,50,8000
1540,50,8000
1550,50,8000
1560,50,8000
1570,50,8000
1580,50,8000
1590,50,8000
1600,50,8000
1610,50,8000
1620,50,8000
1630,50,8000
1640,50,8000
1650,50,8000
1660,50,8000
1670,50,8000
1680,50,8000
1690,50,8000
1700,50,8000
1400,60,8000
1410,60,8000
1420,60,8000
1430,60,8000
1440,60,8000
1450,60,8000
1460,60,8000
1470,60,8000
1480,60,8000
1490,60,8000
1500,60,8000
1510,60,8000
1520,60,8000
1530,60,8000
1540,60,8000
1550,60,8000
1560,60,8000
1570,60,8000
1580,60,8000
1590,60,8000
1600,60,8000
1610,60,8000
1620,60,8000
1630,60,8000
1640,60,8000
1650,60,8000
1660,60,8000
1670,60,8000
1680,60,8000
1690,60,8000
1700,60,8000
1400,70,8000
1410,70,8000
1420,70,8000
1430,70,8000
1440,70,8000
1450,70,8000
1460,70,8000
1470,70,8000
1480,70,8000
1490,70,8000
1500,70,8000
1510,70,8000
1520,70,8000
1530,70,8000
1540,70,8000
1550,70,8000
1560,70,8000
1570,70,8000
1580,70,8000
1590,70,8000
1600,70,8000
1610,70,8000
1620,70,8000
1630,70,8000
1640,70,8000
1650,70,8000
1660,70,8000
1670,70,8000
1680,70,8000
1690,70,8000
1700,70,8000
1400,80,8000
1410,80,8000
1420,80,8000
1430,80,8000
1440,80,8000
1450,80,8000
1460,80,8000
1470,80,8000
1480,80,8000
1490,80,8000
1500,80,8000
1510,80,8000
1520,80,8000
1530,80,8000
1540,80,8000
1550,80,8000
1560,80,8000
1570,80,8000
1580,80,8000
1590,80,8000
1600,80,8000
1610,80,8000
1620,80,8000
1630,80,8000
1640,80,8000
1650,80,8000
1660,80,8000
1670,80,8000
1680,80,8000
1690,80,8000
1700,80,8000
1400,90,8000
1410,90,8000
1420,90,8000
1430,90,8000
1440,90,8000
1450,90,8000
1460,90,8000
1470,90,8000
1480,90,8000
1490,90,8000
1500,90,8000
1510,90,8000
1520,90,8000
1530,90,8000
1540,90,8000
1550,90,8000
1560,90,8000
1570,90,8000
1580,90,8000
1590,90,8000
1600,90,8000
1610,90,8000
1620,90,8000
1630,90,8000
1640,90,8000
1650,90,8000
1660,90,8000
1670,90,8000
1680,90,8000
1690,90,8000
1700,90,8000
1400,100,8000
1410,100,8000
1420,100,8000
1430,100,8000
1440,100,8000
1450,100,8000
1460,100,8000
1470,100,8000
1480,100,8000
1490,100,8000
1500,100,8000
1510,100,8000
1520,100,8000
1530,100,8000
1540,100,8000
1550,100,8000
1560,100,8000
1570,100,8000
1580,100,8000
1590,100,8000
1600,100,8000
1610,100,8000
1620,100,8000
1630,100,8000
1640,100,8000
1650,100,8000
1660,100,8000
1670,100,8000
1680,100,8000
1690,100,8000
1700,100,8000
1400,110,8000
1410,110,8000
1420,110,8000
1430,110,8000
1440,110,8000
1450,110,8000
1460,110,8000
1470,110,8000
1480,110,8000
1490,110,8000
1500,110,8000
1510,110,8000
1520,110,8000
1530,110,8000
1540,110,8000
1550,110,8000
1560,110,8000
1570,110,8000
1580,110,8000
1590,110,8000
1600,110,8000
1610,110,8000
1620,110,8000
1630,110,8000
1640,110,8000
1650,110,8000
1660,110,8000
1670,110,8000
1680,110,8000
1690,110,8000
1700,110,8000
1400,120,8000
1410,120,8000
1420,120,8000
1430,120,8000
1440,120,8000
1450,120,8000
1460,120,8000
1470,120,8000
1480,120,8000
1490,120,8000
1500,120,8000
1510,120,8000
1520,120,8000
1530,120,8000
1540,120,8000
1550,120,8000
1560,120,8000
1570,120,8000
1580,120,8000
1590,120,8000
1600,120,8000
1610,120,8000
1620,120,8000
1630,120,8000
1640,120,8000
1650,120,8000
1660,120,8000
1670,120,8000
1680,120,8000
1690,120,8000
1700,120,8000
1400,130,8000
1410,130,8000
1420,130,8000
1430,130,8000
1440,130,8000
1450,130,8000
1460,130,8000
1470,130,8000
1480,130,8000
1490,130,8000
1500,130,8000
1510,130,8000
1520,130,8000
1530,130,8000
1540,130,8000
1550,130,8000
1560,130,8000
1570,130,8000
1580,130,8000
1590,130,8000
1600,130,8000
1610,130,8000
1620,130,8000
1630,130,8000
1640,130,8000
1650,130,8000
1660,130,8000
1670,130,8000
1680,130,8000
1690,130,8000
1700,130,8000
1400,140,8000
1410,140,8000
1420,140,8000
1430,140,8000
1440,140,8000
1450,140,8000
1460,140,8000
1470,140,8000
1480,140,8000
1490,140,8000
1500,140,8000
1510,140,8000
1520,140,8000
1530,140,8000
1540,140,8000
1550,140,8000
1560,140,8000
1570,140,8000
1580,140,8000
1590,140,8000
1600,140,8000
1610,140,8000
1620,140,8000
1630,140,8000
1640,140,8000
1650,140,8000
1660,140,8000
1670,140,8000
1680,140,8000
1690,140,8000
1700,140,8000
1400,150,8000
1410,150,8000
1420,150,8000
1430,150,8000
1440,150,8000
1450,150,8000
1460,150,8000
1470,150,8000
1480,150,8000
1490,150,8000
1500,150,8000
1510,150,8000
1520,150,8000
1530,150,8000
1540,150,8000
1550,150,8000
1560,150,8000
1570,150,8000
1580,150,8000
1590,150,8000
1600,150,8000
1610,150,8000
1620,150,8000
1630,150,8000
1640,150,8000
1650,150,8000
1660,150,8000
1670,150,8000
1680,150,8000
1690,150,8000
1700,150,8000
1400,160,8000
1410,160,8000
1420,160,8000
1430,160,8000
1440,160,8000
1450,160,8000
1460,160,8000
1470,160,8000
1480,160,8000
1490,160,8000
1500,160,8000
1510,160,8000
1520,160,8000
1530,160,8000
1540,160,8000
1550,160,8000
1560,160,8000
1570,160,8000
1580,160,8000
1590,160,8000
1600,160,8000
1610,160,8000
1620,160,8000
1630,160,8000
1640,160,8000
1650,160,8000
1660,160,8000
1670,160,8000
1680,160,8000
1690,160,8000
1700,160,8000
1400,170,8000
1410,170,8000
1420,170,8000
1430,170,8000
1440,170,8000
1450,170,8000
1460,170,8000
1470,170,8000
1480,170,8000
1490,170,8000
1500,170,8000
1510,170,8000
1520,170,8000
1530,170,8000
1540,170,8000
1550,170,8000
1560,170,8000
1570,170,8000
1580,170,8000
1590,170,8000
1600,170,8000
1610,170,8000
1620,170,8000
1630,170,8000
1640,170,8000
1650,170,8000
1660,170,8000
1670,170,8000
1680,170,8000
1690,170,8000
1700,170,8000
1400,180,8000
1410,180,8000
1420,180,8000
1430,180,8000
1440,180,8000
1450,180,8000
1460,180,8000
1470,180,8000
1480,180,8000
1490,180,8000
1500,180,8000
1510,180,8000
1520,180,8000
1530,180,8000
1540,180,8000
1550,180,8000
1560,180,8000
1570,180,8000
1580,180,8000
1590,180,8000
1600,180,8000
1610,180,8000
1620,180,8000
1630,180,8000
1640,180,8000
1650,180,8000
1660,180,8000
1670,180,8000
1680,180,8000
1690,180,8000
1700,180,8000
1400,190,8000
1410,190,8000
1420,190,8000
1430,190,8000
1440,190,8000
1450,190,8000
1460,190,8000
1470,190,8000
1480,190,8000
1490,190,8000
1500,190,8000
1510,190,8000
1520,190,8000
1530,190,8000
1540,190,8000
1550,190,8000
1560,190,8000
1570,190,8000
1580,190,8000
1590,190,8000
1600,190,8000
1610,190,8000
1620,190,8000
1630,190,8000
1640,190,8000
1650,190,8000
1660,190,8000
1670,190,8000
1680,190,8000
1690,190,8000
1700,190,8000
1400,200,8000
1410,200,8000
1420,200,8000
1430,200,8000
1440,200,8000
1450,200,8000
1460,200,8000
1470,200,8000
1480,200,8000
1490,200,8000
1500,200,8000
1510,200,8000
1520,200,8000
1530,200,8000
1540,200,8000
1550,200,8000
1560,200,8000
1570,200,8000
1580,200,8000
1590,200,8000
1600,200,8000
1610,200,8000
1620,200,8000
1630,200,8000
1640,200,8000
1650,200,8000
1660,200,8000
1670,200,8000
1680,200,8000
1690,200,8000
1700,200,8000
1400,210,8000
1410,210,8000
1420,210,8000
1430,210,8000
1440,210,8000
1450,210,8000
1460,210,8000
1470,210,8000
1480,210,8000
1490,210,8000
1500,210,8000
1510,210,8000
1520,210,8000
1530,210,8000
1540,210,8000
1550,210,8000
1560,210,8000
1570,210,8000
1580,210,8000
1590,210,8000
1600,210,8000
1610,210,8000
1620,210,8000
1630,210,8000
1640,210,8000
1650,210,8000
1660,210,8000
1670,210,8000
1680,210,8000
1690,210,8000
1700,210,8000
1400,220,8000
1410,220,8000
1420,220,8000
1430,220,8000
1440,220,8000
1450,220,8000
1460,220,8000
1470,220,8000
1480,220,8000
1490,220,8000
1500,220,8000
1510,220,8000
1520,220,8000
1530,220,8000
1540,220,8000
1550,220,8000
1560,220,8000
1570,220,8000
1580,220,8000
1590,220,8000
1600,220,8000
1610,220,8000
1620,220,8000
1630,220,8000
1640,220,8000
1650,220,8000
1660,220,8000
1670,220,8000
1680,220,8000
1690,220,8000
1700,220,8000
1400,230,8000
1410,230,8000
1420,230,8000
1430,230,8000
1440,230,8000
1450,230,8000
1460,230,8000
1470,230,8000
1480,230,8000
1490,230,8000
1500,230,8000
1510,230,8000
1520,230,8000
1530,230,8000
1540,230,8000
1550,230,8000
1560,230,8000
1570,230,8000
1580,230,8000
1590,230,8000
1600,230,8000
1610,230,8000
1620,230,8000
1630,230,8000
1640,230,8000
1650,230,8000
1660,230,8000
1670,230,8000
1680,230,8000
1690,230,8000
1700,230,8000
1400,240,8000
1410,240,8000
1420,240,8000
1430,240,8000
1440,240,8000
1450,240,8000
1460,240,8000
1470,240,8000
1480,240,8000
1490,240,8000
1500,240,8000
1510,240,8000
1520,240,8000
1530,240,8000
1540,240,8000
1550,240,8000
1560,240,8000
1570,240,8000
1580,240,8000
1590,240,8000
1600,240,8000
1610,240,8000
1620,240,8000
1630,240,8000
1640,240,8000
1650,240,8000
1660,240,8000
1670,240,8000
1680,240,8000
1690,240,8000
1700,240,8000
1400,250,8000
1410,250,8000
1420,250,8000
1430,250,8000
1440,250,8000
1450,250,8000
1460,250,8000
1470,250,8000
1480,250,8000
1490,250,8000
1500,250,8000
1510,250,8000
1520,250,8000
1530,250,8000
1540,250,8000
1550,250,8000
1560,250,8000
1570,250,8000
1580,250,8000
1590,250,8000
1600,250,8000
1610,250,8000
1620,250,8000
1630,250,8000
1640,250,8000
1650,250,8000
1660,250,8000
1670,250,8000
1680,250,8000
1690,250,8000
1700,250,8000
1400,50,8250
1410,50,8250
1420,50,8250
1430,50,8250
1440,50,8250
1450,50,8250
1460,50,8250
1470,50,8250
1480,50,8250
1490,50,8250
1500,50,8250
1510,50,8250
1520,50,8250
1530,50,8250
1540,50,8250
1550,50,8250
1560,50,8250
1570,50,8250
1580,50,8250
1590,50,8250
1600,50,8250
1610,50,8250
1620,50,8250
1630,50,8250
1640,50,8250
1650,50,8250
1660,50,8250
1670,50,8250
1680,50,8250
1690,50,8250
1700,50,8250
1400,60,8250
1410,60,8250
1420,60,8250
1430,60,8250
1440,60,8250
1450,60,8250
1460,60,8250
1470,60,8250
1480,60,8250
1490,60,8250
1500,60,8250
1510,60,8250
1520,60,8250
1530,60,8250
1540,60,8250
1550,60,8250
1560,60,8250
1570,60,8250
1580,60,8250
1590,60,8250
1600,60,8250
1610,60,8250
1620,60,8250
1630,60,8250
1640,60,8250
1650,60,8250
1660,60,8250
1670,60,8250
1680,60,8250
1690,60,8250
1700,60,8250
1400,70,8250
1410,70,8250
1420,70,8250
1430,70,8250
1440,70,8250
1450,70,8250
1460,70,8250
1470,70,8250
1480,70,8250
1490,70,8250
1500,70,8250
1510,70,8250
1520,70,8250
1530,70,8250
1540,70,8250
1550,70,8250
1560,70,8250
1570,70,8250
1580,70,8250
1590,70,8250
1600,70,8250
1610,70,8250
1620,70,8250
1630,70,8250
1640,70,8250
1650,70,8250
1660,70,8250
1670,70,8250
1680,70,8250
1690,70,8250
1700,70,8250
1400,80,8250
1410,80,8250
1420,80,8250
1430,80,8250
1440,80,8250
1450,80,8250
1460,80,8250
1470,80,8250
1480,80,8250
1490,80,8250
1500,80,8250
1510,80,8250
1520,80,8250
1530,80,8250
1540,80,8250
1550,80,8250
1560,80,8250
1570,80,8250
1580,80,8250
1590,80,8250
1600,80,8250
1610,80,8250
1620,80,8250
1630,80,8250
1640,80,8250
1650,80,8250
1660,80,8250
1670,80,8250
1680,80,8250
1690,80,8250
1700,80,8250
1400,90,8250
1410,90,8250
1420,90,8250
1430,90,8250
1440,90,8250
1450,90,8250
1460,90,8250
1470,90,8250
1480,90,8250
1490,90,8250
1500,90,8250
1510,90,8250
1520,90,8250
1530,90,8250
1540,90,8250
1550,90,8250
1560,90,8250
1570,90,8250
1580,90,8250
1590,90,8250
1600,90,8250
1610,90,8250
1620,90,8250
1630,90,8250
1640,90,8250
1650,90,8250
1660,90,8250
1670,90,8250
1680,90,8250
1690,90,8250
1700,90,8250
1400,100,8250
1410,100,8250
1420,100,8250
1430,100,8250
1440,100,8250
1450,100,8250
1460,100,8250
1470,100,8250
1480,100,8250
1490,100,8250
1500,100,8250
1510,100,8250
1520,100,8250
1530,100,8250
1540,100,8250
1550,100,8250
1560,100,8250
1570,100,8250
1580,100,8250
1590,100,8250
1600,100,8250
1610,100,8250
1620,100,8250
1630,100,8250
1640,100,8250
1650,100,8250
1660,100,8250
1670,100,8250
1680,100,8250
1690,100,8250
1700,100,8250
1400,110,8250
1410,110,8250
1420,110,8250
1430,110,8250
1440,110,8250
1450,110,8250
1460,110,8250
1470,110,8250
1480,110,8250
1490,110,8250
1500,110,8250
1510,110,8250
1520,110,8250
1530,110,8250
1540,110,8250
1550,110,8250
1560,110,8250
1570,110,8250
1580,110,8250
1590,110,8250
1600,110,8250
1610,110,8250
1620,110,8250
1630,110,8250
1640,110,8250
1650,110,8250
1660,110,8250
1670,110,8250
1680,110,8250
1690,110,8250
1700,110,8250
1400,120,8250
1410,120,8250
1420,120,8250
1430,120,8250
1440,120,8250
1450,120,8250
1460,120,8250
1470,120,8250
1480,120,8250
1490,120,8250
1500,120,8250
1510,120,8250
1520,120,8250
1530,120,8250
1540,120,8250
1550,120,8250
1560,120,8250
1570,120,8250
1580,120,8250
1590,120,8250
1600,120,8250
1610,120,8250
1620,120,8250
1630,120,8250
1640,120,8250
1650,120,8250
1660,120,8250
1670,120,8250
1680,120,8250
1690,120,8250
1700,120,8250
1400,130,8250
1410,130,8250
1420,130,8250
1430,130,8250
1440,130,8250
1450,130,8250
1460,130,8250
1470,130,8250
1480,130,8250
1490,130,8250
1500,130,8250
1510,130,8250
1520,130,8250
1530,130,8250
1540,130,8250
1550,130,8250
1560,130,8250
1570,130,8250
1580,130,8250
1590,130,8250
1600,130,8250
1610,130,8250
1620,130,8250
1630,130,8250
1640,130,8250
1650,130,8250
1660,130,8250
1670,130,8250
1680,130,8250
1690,130,8250
1700,130,8250
1400,140,8250
1410,140,8250
1420,140,8250
1430,140,8250
1440,140,8250
1450,140,8250
1460,140,8250
1470,140,8250
1480,140,8250
1490,140,8250
1500,140,8250
1510,140,8250
1520,140,8250
1530,140,8250
1540,140,8250
1550,140,8250
1560,140,8250
1570,140,8250
1580,140,8250
1590,140,8250
1600,140,8250
1610,140,8250
1620,140,8250
1630,140,8250
1640,140,8250
1650,140,8250
1660,140,8250
1670,140,8250
1680,140,8250
1690,140,8250
1700,140,8250
1400,150,8250
1410,150,8250
1420,150,8250
1430,150,8250
1440,150,8250
1450,150,8250
1460,150,8250
1470,150,8250
1480,150,8250
1490,150,8250
1500,150,8250
1510,150,8250
1520,150,8250
1530,150,8250
1540,150,8250
1550,150,8250
1560,150,8250
1570,150,8250
1580,150,8250
1590,150,8250
1600,150,8250
1610,150,8250
1620,150,8250
1630,150,8250
1640,150,8250
1650,150,8250
1660,150,8250
1670,150,8250
1680,150,8250
1690,150,8250
1700,150,8250
1400,160,8250
1410,160,8250
1420,160,8250
1430,160,8250
1440,160,8250
1450,160,8250
1460,160,8250
1470,160,8250
1480,160,8250
1490,160,8250
1500,160,8250
1510,160,8250
1520,160,8250
1530,160,8250
1540,160,8250
1550,160,8250
1560,160,8250
1570,160,8250
1580,160,8250
1590,160,8250
1600,160,8250
1610,160,8250
1620,160,8250
1630,160,8250
1640,160,8250
1650,160,8250
1660,160,8250
1670,160,8250
1680,160,8250
1690,160,8250
1700,160,8250
1400,170,8250
1410,170,8250
1420,170,8250
1430,170,8250
1440,170,8250
1450,170,8250
1460,170,8250
1470,170,8250
1480,170,8250
1490,170,8250
1500,170,8250
1510,170,8250
1520,170,8250
1530,170,8250
1540,170,8250
1550,170,8250
1560,170,8250
1570,170,8250
1580,170,8250
1590,170,8250
1600,170,8250
1610,170,8250
1620,170,8250
1630,170,8250
1640,170,8250
1650,170,8250
1660,170,8250
1670,170,8250
1680,170,8250
1690,170,8250
1700,170,8250
1400,180,8250
1410,180,8250
1420,180,8250
1430,180,8250
1440,180,8250
1450,180,8250
1460,180,8250
1470,180,8250
1480,180,8250
1490,180,8250
1500,180,8250
1510,180,8250
1520,180,8250
1530,180,8250
1540,180,8250
1550,180,8250
1560,180,8250
1570,180,8250
1580,180,8250
1590,180,8250
1600,180,8250
1610,180,8250
1620,180,8250
1630,180,8250
1640,180,8250
1650,180,8250
1660,180,8250
1670,180,8250
1680,180,8250
1690,180,8250
1700,180,8250
1400,190,8250
1410,190,8250
1420,190,8250
1430,190,8250
1440,190,8250
1450,190,8250
1460,190,8250
1470,190,8250
1480,190,8250
1490,190,8250
1500,190,8250
1510,190,8250
1520,190,8250
1530,190,8250
1540,190,8250
1550,190,8250
1560,190,8250
1570,190,8250
1580,190,8250
1590,190,8250
1600,190,8250
1610,190,8250
1620,190,8250
1630,190,8250
1640,190,8250
1650,190,8250
1660,190,8250
1670,190,8250
1680,190,8250
1690,190,8250
1700,190,8250
1400,200,8250
1410,200,8250
1420,200,8250
1430,200,8250
1440,200,8250
1450,200,8250
1460,200,8250
1470,200,8250
1480,200,8250
1490,200,8250
1500,200,8250
1510,200,8250
1520,200,8250
1530,200,8250
1540,200,8250
1550,200,8250
1560,200,8250
1570,200,8250
1580,200,8250
1590,200,8250
1600,200,8250
1610,200,8250
1620,200,8250
1630,200,8250
1640,200,8250
1650,200,8250
1660,200,8250
1670,200,8250
1680,200,8250
1690,200,8250
1700,200,8250
1400,210,8250
1410,210,8250
1420,210,8250
1430,210,8250
1440,210,8250
1450,210,8250
1460,210,8250
1470,210,8250
1480,210,8250
1490,210,8250
1500,210,8250
1510,210,8250
1520,210,8250
1530,210,8250
1540,210,8250
1550,210,8250
1560,210,8250
1570,210,8250
1580,210,8250
1590,210,8250
1600,210,8250
1610,210,8250
1620,210,8250
1630,210,8250
1640,210,8250
1650,210,8250
1660,210,8250
1670,210,8250
1680,210,8250
1690,210,8250
1700,210,8250
1400,220,8250
1410,220,8250
1420,220,8250
1430,220,8250
1440,220,8250
1450,220,8250
1460,220,8250
1470,220,8250
1480,220,8250
1490,220,8250
1500,220,8250
1510,220,8250
1520,220,8250
1530,220,8250
1540,220,8250
1550,220,8250
1560,220,8250
1570,220,8250
1580,220,8250
1590,220,8250
1600,220,8250
1610,220,8250
1620,220,8250
1630,220,8250
1640,220,8250
1650,220,8250
1660,220,8250
1670,220,8250
1680,220,8250
1690,220,8250
1700,220,8250
1400,230,8250
1410,230,8250
1420,230,8250
1430,230,8250
1440,230,8250
1450,230,8250
1460,230,8250
1470,230,8250
1480,230,8250
1490,230,8250
1500,230,8250
1510,230,8250
1520,230,8250
1530,230,8250
1540,230,8250
1550,230,8250
1560,230,8250
1570,230,8250
1580,230,8250
1590,230,8250
1600,230,8250
1610,230,8250
1620,230,8250
1630,230,8250
1640,230,8250
1650,230,8250
1660,230,8250
1670,230,8250
1680,230,8250
1690,230,8250
1700,230,8250
1400,240,8250
1410,240,8250
1420,240,8250
1430,240,8250
1440,240,8250
1450,240,8250
1460,240,8250
1470,240,8250
1480,240,8250
1490,240,8250
1500,240,8250
1510,240,8250
1520,240,8250
1530,240,8250
1540,240,8250
1550,240,8250
1560,240,8250
1570,240,8250
1580,240,8250
1590,240,8250
1600,240,8250
1610,240,8250
1620,240,8250
1630,240,8250
1640,240,8250
1650,240,8250
1660,240,8250
1670,240,8250
1680,240,8250
1690,240,8250
1700,240,8250
1400,250,8250
1410,250,8250
1420,250,8250
1430,250,8250
1440,250,8250
1450,250,8250
1460,250,8250
1470,250,8250
1480,250,8250
1490,250,8250
1500,250,8250
1510,250,8250
1520,250,8250
1530,250,8250
1540,250,8250
1550,250,8250
1560,250,8250
1570,250,8250
1580,250,8250
1590,250,8250
1600,250,8250
1610,250,8250
1620,250,8250
1630,250,8250
1640,250,8250
1650,250,8250
1660,250,8250
1670,250,8250
1680,250,8250
1690,250,8250
1700,250,8250
1400,50,8500
1410,50,8500
1420,50,8500
1430,50,8500
1440,50,8500
1450,50,8500
1460,50,8500
1470,50,8500
1480,50,8500
1490,50,8500
1500,50,8500
1510,50,8500
1520,50,8500
1530,50,8500
1540,50,8500
1550,50,8500
1560,50,8500
1570,50,8500
1580,50,8500
1590,50,8500
1600,50,8500
1610,50,8500
1620,50,8500
1630,50,8500
1640,50,8500
1650,50,8500
1660,50,8500
1670,50,8500
1680,50,8500
1690,50,8500
1700,50,8500
1400,60,8500
1410,60,8500
1420,60,8500
1430,60,8500
1440,60,8500
1450,60,8500
1460,60,8500
1470,60,8500
1480,60,8500
1490,60,8500
1500,60,8500
1510,60,8500
1520,60,8500
1530,60,8500
1540,60,8500
1550,60,8500
1560,60,8500
1570,60,8500
1580,60,8500
1590,60,8500
1600,60,8500
1610,60,8500
1620,60,8500
1630,60,8500
1640,60,8500
1650,60,8500
1660,60,8500
1670,60,8500
1680,60,8500
1690,60,8500
1700,60,8500
1400,70,8500
1410,70,8500
1420,70,8500
1430,70,8500
1440,70,8500
1450,70,8500
1460,70,8500
1470,70,8500
1480,70,8500
1490,70,8500
1500,70,8500
1510,70,8500
1520,70,8500
1530,70,8500
1540,70,8500
1550,70,8500
1560,70,8500
1570,70,8500
1580,70,8500
1590,70,8500
1600,70,8500
1610,70,8500
1620,70,8500
1630,70,8500
1640,70,8500
1650,70,8500
1660,70,8500
1670,70,8500
1680,70,8500
1690,70,8500
1700,70,8500
1400,80,8500
1410,80,8500
1420,80,8500
1430,80,8500
1440,80,8500
1450,80,8500
1460,80,8500
1470,80,8500
1480,80,8500
1490,80,8500
1500,80,8500
1510,80,8500
1520,80,8500
1530,80,8500
1540,80,8500
1550,80,8500
1560,80,8500
1570,80,8500
1580,80,8500
1590,80,8500
1600,80,8500
1610,80,8500
1620,80,8500
1630,80,8500
1640,80,8500
1650,80,8500
1660,80,8500
1670,80,8500
1680,80,8500
1690,80,8500
1700,80,8500
1400,90,8500
1410,90,8500
1420,90,8500
1430,90,8500
1440,90,8500
1450,90,8500
1460,90,8500
1470,90,8500
1480,90,8500
1490,90,8500
1500,90,8500
1510,90,8500
1520,90,8500
1530,90,8500
1540,90,8500
1550,90,8500
1560,90,8500
1570,90,8500
1580,90,8500
1590,90,8500
1600,90,8500
1610,90,8500
1620,90,8500
1630,90,8500
1640,90,8500
1650,90,8500
1660,90,8500
1670,90,8500
1680,90,8500
1690,90,8500
1700,90,8500
1400,100,8500
1410,100,8500
1420,100,8500
1430,100,8500
1440,100,8500
1450,100,8500
1460,100,8500
1470,100,8500
1480,100,8500
1490,100,8500
1500,100,8500
1510,100,8500
1520,100,8500
1530,100,8500
1540,100,8500
1550,100,8500
1560,100,8500
1570,100,8500
1580,100,8500
1590,100,8500
1600,100,8500
1610,100,8500
1620,100,8500
1630,100,8500
1640,100,8500
1650,100,8500
1660,100,8500
1670,100,8500
1680,100,8500
1690,100,8500
1700,100,8500
1400,110,8500
1410,110,8500
1420,110,8500
1430,110,8500
1440,110,8500
1450,110,8500
1460,110,8500
1470,110,8500
1480,110,8500
1490,110,8500
1500,110,8500
1510,110,8500
1520,110,8500
1530,110,8500
1540,110,8500
1550,110,8500
1560,110,8500
1570,110,8500
1580,110,8500
1590,110,8500
1600,110,8500
1610,110,8500
1620,110,8500
1630,110,8500
1640,110,8500
1650,110,8500
1660,110,8500
1670,110,8500
1680,110,8500
1690,110,8500
1700,110,8500
1400,120,8500
1410,120,8500
1420,120,8500
1430,120,8500
1440,120,8500
1450,120,8500
1460,120,8500
1470,120,8500
1480,120,8500
1490,120,8500
1500,120,8500
1510,120,8500
1520,120,8500
1530,120,8500
1540,120,8500
1550,120,8500
1560,120,8500
1570,120,8500
1580,120,8500
1590,120,8500
1600,120,8500
1610,120,8500
1620,120,8500
1630,120,8500
1640,120,8500
1650,120,8500
1660,120,8500
1670,120,8500
1680,120,8500
1690,120,8500
1700,120,8500
1400,130,8500
1410,130,8500
1420,130,8500
1430,130,8500
1440,130,8500
1450,130,8500
1460,130,8500
1470,130,8500
1480,130,8500
1490,130,8500
1500,130,8500
1510,130,8500
1520,130,8500
1530,130,8500
1540,130,8500
1550,130,8500
1560,130,8500
1570,130,8500
1580,130,8500
1590,130,8500
1600,130,8500
1610,130,8500
1620,130,8500
1630,130,8500
1640,130,8500
1650,130,8500
1660,130,8500
1670,130,8500
1680,130,8500
1690,130,8500
1700,130,8500
1400,140,8500
1410,140,8500
1420,140,8500
1430,140,8500
1440,140,8500
1450,140,8500
1460,140,8500
1470,140,8500
1480,140,8500
1490,140,8500
1500,140,8500
1510,140,8500
1520,140,8500
1530,140,8500
1540,140,8500
1550,140,8500
1560,140,8500
1570,140,8500
1580,140,8500
1590,140,8500
1600,140,8500
1610,140,8500
1620,140,8500
1630,140,8500
1640,140,8500
1650,140,8500
1660,140,8500
1670,140,8500
1680,140,8500
1690,140,8500
1700,140,8500
1400,150,8500
1410,150,8500
1420,150,8500
1430,150,8500
1440,150,8500
1450,150,8500
1460,150,8500
1470,150,8500
1480,150,8500
1490,150,8500
1500,150,8500
1510,150,8500
1520,150,8500
1530,150,8500
1540,150,8500
1550,150,8500
1560,150,8500
1570,150,8500
1580,150,8500
1590,150,8500
1600,150,8500
1610,150,8500
1620,150,8500
1630,150,8500
1640,150,8500
1650,150,8500
1660,150,8500
1670,150,8500
1680,150,8500
1690,150,8500
1700,150,8500
1400,160,8500
1410,160,8500
1420,160,8500
1430,160,8500
1440,160,8500
1450,160,8500
1460,160,8500
1470,160,8500
1480,160,8500
1490,160,8500
1500,160,8500
1510,160,8500
1520,160,8500
1530,160,8500
1540,160,8500
1550,160,8500
1560,160,8500
1570,160,8500
1580,160,8500
1590,160,8500
1600,160,8500
1610,160,8500
1620,160,8500
1630,160,8500
1640,160,8500
1650,160,8500
1660,160,8500
1670,160,8500
1680,160,8500
1690,160,8500
1700,160,8500
1400,170,8500
1410,170,8500
1420,170,8500
1430,170,8500
1440,170,8500
1450,170,8500
1460,170,8500
1470,170,8500
1480,170,8500
1490,170,8500
1500,170,8500
1510,170,8500
1520,170,8500
1530,170,8500
1540,170,8500
1550,170,8500
1560,170,8500
1570,170,8500
1580,170,8500
1590,170,8500
1600,170,8500
1610,170,8500
1620,170,8500
1630,170,8500
1640,170,8500
1650,170,8500
1660,170,8500
1670,170,8500
1680,170,8500
1690,170,8500
1700,170,8500
1400,180,8500
1410,180,8500
1420,180,8500
1430,180,8500
1440,180,8500
1450,180,8500
1460,180,8500
1470,180,8500
1480,180,8500
1490,180,8500
1500,180,8500
1510,180,8500
1520,180,8500
1530,180,8500
1540,180,8500
1550,180,8500
1560,180,8500
1570,180,8500
1580,180,8500
1590,180,8500
1600,180,8500
1610,180,8500
1620,180,8500
1630,180,8500
1640,180,8500
1650,180,8500
1660,180,8500
1670,180,8500
1680,180,8500
1690,180,8500
1700,180,8500
1400,190,8500
1410,190,8500
1420,190,8500
1430,190,8500
1440,190,8500
1450,190,8500
1460,190,8500
1470,190,8500
1480,190,8500
1490,190,8500
1500,190,8500
1510,190,8500
1520,190,8500
1530,190,8500
1540,190,8500
1550,190,8500
1560,190,8500
1570,190,8500
1580,190,8500
1590,190,8500
1600,190,8500
1610,190,8500
1620,190,8500
1630,190,8500
1640,190,8500
1650,190,8500
1660,190,8500
1670,190,8500
1680,190,8500
1690,190,8500
1700,190,8500
1400,200,8500
1410,200,8500
1420,200,8500
1430,200,8500
1440,200,8500
1450,200,8500
1460,200,8500
1470,200,8500
1480,200,8500
1490,200,8500
1500,200,8500
1510,200,8500
1520,200,8500
1530,200,8500
1540,200,8500
1550,200,8500
1560,200,8500
1570,200,8500
1580,200,8500
1590,200,8500
1600,200,8500
1610,200,8500
1620,200,8500
1630,200,8500
1640,200,8500
1650,200,8500
1660,200,8500
1670,200,8500
1680,200,8500
1690,200,8500
1700,200,8500
1400,210,8500
1410,210,8500
1420,210,8500
1430,210,8500
1440,210,8500
1450,210,8500
1460,210,8500
1470,210,8500
1480,210,8500
1490,210,8500
1500,210,8500
1510,210,8500
1520,210,8500
1530,210,8500
1540,210,8500
1550,210,8500
1560,210,8500
1570,210,8500
1580,210,8500
1590,210,8500
1600,210,8500
1610,210,8500
1620,210,8500
1630,210,8500
1640,210,8500
1650,210,8500
1660,210,8500
1670,210,8500
1680,210,8500
1690,210,8500
1700,210,8500
1400,220,8500
1410,220,8500
1420,220,8500
1430,220,8500
1440,220,8500
1450,220,8500
1460,220,8500
1470,220,8500
1480,220,8500
1490,220,8500
1500,220,8500
1510,220,8500
1520,220,8500
1530,220,8500
1540,220,8500
1550,220,8500
1560,220,8500
1570,220,8500
1580,220,8500
1590,220,8500
1600,220,8500
1610,220,8500
1620,220,8500
1630,220,8500
1640,220,8500
1650,220,8500
1660,220,8500
1670,220,8500
1680,220,8500
1690,220,8500
1700,220,8500
1400,230,8500
1410,230,8500
1420,230,8500
1430,230,8500
1440,230,8500
1450,230,8500
1460,230,8500
1470,230,8500
1480,230,8500
1490,230,8500
1500,230,8500
1510,230,8500
1520,230,8500
1530,230,8500
1540,230,8500
1550,230,8500
1560,230,8500
1570,230,8500
1580,230,8500
1590,230,8500
1600,230,8500
1610,230,8500
1620,230,8500
1630,230,8500
1640,230,8500
1650,230,8500
1660,230,8500
1670,230,8500
1680,230,8500
1690,230,8500
1700,230,8500
1400,240,8500
1410,240,8500
1420,240,8500
1430,240,8500
1440,240,8500
1450,240,8500
1460,240,8500
1470,240,8500
1480,240,8500
1490,240,8500
1500,240,8500
1510,240,8500
1520,240,8500
1530,240,8500
1540,240,8500
1550,240,8500
1560,240,8500
1570,240,8500
1580,240,8500
1590,240,8500
1600,240,8500
1610,240,8500
1620,240,8500
1630,240,8500
1640,240,8500
1650,240,8500
1660,240,8500
1670,240,8500
1680,240,8500
1690,240,8500
1700,240,8500
1400,250,8500
1410,250,8500
1420,250,8500
1430,250,8500
1440,250,8500
1450,250,8500
1460,250,8500
1470,250,8500
1480,250,8500
1490,250,8500
1500,250,8500
1510,250,8500
1520,250,8500
1530,250,8500
1540,250,8500
1550,250,8500
1560,250,8500
1570,250,8500
1580,250,8500
1590,250,8500
1600,250,8500
1610,250,8500
1620,250,8500
1630,250,8500
1640,250,8500
1650,250,8500
1660,250,8500
1670,250,8500
1680,250,8500
1690,250,8500
1700,250,8500
1400,50,8750
1410,50,8750
1420,50,8750
1430,50,8750
1440,50,8750
1450,50,8750
1460,50,8750
1470,50,8750
1480,50,8750
1490,50,8750
1500,50,8750
1510,50,8750
1520,50,8750
1530,50,8750
1540,50,8750
1550,50,8750
1560,50,8750
1570,50,8750
1580,50,8750
1590,50,8750
1600,50,8750
1610,50,8750
1620,50,8750
1630,50,8750
1640,50,8750
1650,50,8750
1660,50,8750
1670,50,8750
1680,50,8750
1690,50,8750
1700,50,8750
1400,60,8750
1410,60,8750
1420,60,8750
1430,60,8750
1440,60,8750
1450,60,8750
1460,60,8750
1470,60,8750
1480,60,8750
1490,60,8750
1500,60,8750
1510,60,8750
1520,60,8750
1530,60,8750
1540,60,8750
1550,60,8750
1560,60,8750
1570,60,8750
1580,60,8750
1590,60,8750
1600,60,8750
1610,60,8750
1620,60,8750
1630,60,8750
1640,60,8750
1650,60,8750
1660,60,8750
1670,60,8750
1680,60,8750
1690,60,8750
1700,60,8750
1400,70,8750
1410,70,8750
1420,70,8750
1430,70,8750
1440,70,8750
1450,70,8750
1460,70,8750
1470,70,8750
1480,70,8750
1490,70,8750
1500,70,8750
1510,70,8750
1520,70,8750
1530,70,8750
1540,70,8750
1550,70,8750
1560,70,8750
1570,70,8750
1580,70,8750
1590,70,8750
1600,70,8750
1610,70,8750
1620,70,8750
1630,70,8750
1640,70,8750
1650,70,8750
1660,70,8750
1670,70,8750
1680,70,8750
1690,70,8750
1700,70,8750
1400,80,8750
1410,80,8750
1420,80,8750
1430,80,8750
1440,80,8750
1450,80,8750
1460,80,8750
1470,80,8750
1480,80,8750
1490,80,8750
1500,80,8750
1510,80,8750
1520,80,8750
1530,80,8750
1540,80,8750
1550,80,8750
1560,80,8750
1570,80,8750
1580,80,8750
1590,80,8750
1600,80,8750
1610,80,8750
1620,80,8750
1630,80,8750
1640,80,8750
1650,80,8750
1660,80,8750
1670,80,8750
1680,80,8750
1690,80,8750
1700,80,8750
1400,90,8750
1410,90,8750
1420,90,8750
1430,90,8750
1440,90,8750
1450,90,8750
1460,90,8750
1470,90,8750
1480,90,8750
1490,90,8750
1500,90,8750
1510,90,8750
1520,90,8750
1530,90,8750
1540,90,8750
1550,90,8750
1560,90,8750
1570,90,8750
1580,90,8750
1590,90,8750
1600,90,8750
1610,90,8750
1620,90,8750
1630,90,8750
1640,90,8750
1650,90,8750
1660,90,8750
1670,90,8750
1680,90,8750
1690,90,8750
1700,90,8750
1400,100,8750
1410,100,8750
1420,100,8750
1430,100,8750
1440,100,8750
1450,100,8750
1460,100,8750
1470,100,8750
1480,100,8750
1490,100,8750
1500,100,8750
1510,100,8750
1520,100,8750
1530,100,8750
1540,100,8750
1550,100,8750
1560,100,8750
1570,100,8750
1580,100,8750
1590,100,8750
1600,100,8750
1610,100,8750
1620,100,8750
1630,100,8750
1640,100,8750
1650,100,8750
1660,100,8750
1670,100,8750
1680,100,8750
1690,100,8750
1700,100,8750
1400,110,8750
1410,110,8750
1420,110,8750
1430,110,8750
1440,110,8750
1450,110,8750
1460,110,8750
1470,110,8750
1480,110,8750
1490,110,8750
1500,110,8750
1510,110,8750
1520,110,8750
1530,110,8750
1540,110,8750
1550,110,8750
1560,110,8750
1570,110,8750
1580,110,8750
1590,110,8750
1600,110,8750
1610,110,8750
1620,110,8750
1630,110,8750
1640,110,8750
1650,110,8750
1660,110,8750
1670,110,8750
1680,110,8750
1690,110,8750
1700,110,8750
1400,120,8750
1410,120,8750
1420,120,8750
1430,120,8750
1440,120,8750
1450,120,8750
1460,120,8750
1470,120,8750
1480,120,8750
1490,120,8750
1500,120,8750
1510,120,8750
1520,120,8750
1530,120,8750
1540,120,8750
1550,120,8750
1560,120,8750
1570,120,8750
1580,120,8750
1590,120,8750
1600,120,8750
1610,120,8750
1620,120,8750
1630,120,8750
1640,120,8750
1650,120,8750
1660,120,8750
1670,120,8750
1680,120,8750
1690,120,8750
1700,120,8750
1400,130,8750
1410,130,8750
1420,130,8750
1430,130,8750
1440,130,8750
1450,130,8750
1460,130,8750
1470,130,8750
1480,130,8750
1490,130,8750
1500,130,8750
1510,130,8750
1520,130,8750
1530,130,8750
1540,130,8750
1550,130,8750
1560,130,8750
1570,130,8750
1580,130,8750
1590,130,8750
1600,130,8750
1610,130,8750
1620,130,8750
1630,130,8750
1640,130,8750
1650,130,8750
1660,130,8750
1670,130,8750
1680,130,8750
1690,130,8750
1700,130,8750
1400,140,8750
1410,140,8750
1420,140,8750
1430,140,8750
1440,140,8750
1450,140,8750
1460,140,8750
1470,140,8750
1480,140,8750
1490,140,8750
1500,140,8750
1510,140,8750
1520,140,8750
1530,140,8750
1540,140,8750
1550,140,8750
1560,140,8750
1570,140,8750
1580,140,8750
1590,140,8750
1600,140,8750
1610,140,8750
1620,140,8750
1630,140,8750
1640,140,8750
1650,140,8750
1660,140,8750
1670,140,8750
1680,140,8750
1690,140,8750
1700,140,8750
1400,150,8750
1410,150,8750
1420,150,8750
1430,150,8750
1440,150,8750
1450,150,8750
1460,150,8750
1470,150,8750
1480,150,8750
1490,150,8750
1500,150,8750
1510,150,8750
1520,150,8750
1530,150,8750
1540,150,8750
1550,150,8750
1560,150,8750
1570,150,8750
1580,150,8750
1590,150,8750
1600,150,8750
1610,150,8750
1620,150,8750
1630,150,8750
1640,150,8750
1650,150,8750
1660,150,8750
1670,150,8750
1680,150,8750
1690,150,8750
1700,150,8750
1400,160,8750
1410,160,8750
1420,160,8750
1430,160,8750
1440,160,8750
1450,160,8750
1460,160,8750
1470,160,8750
1480,160,8750
1490,160,8750
1500,160,8750
1510,160,8750
1520,160,8750
1530,160,8750
1540,160,8750
1550,160,8750
1560,160,8750
1570,160,8750
1580,160,8750
1590,160,8750
1600,160,8750
1610,160,8750
1620,160,8750
1630,160,8750
1640,160,8750
1650,160,8750
1660,160,8750
1670,160,8750
1680,160,8750
1690,160,8750
1700,160,8750
1400,170,8750
1410,170,8750
1420,170,8750
1430,170,8750
1440,170,8750
1450,170,8750
1460,170,8750
1470,170,8750
1480,170,8750
1490,170,8750
1500,170,8750
1510,170,8750
1520,170,8750
1530,170,8750
1540,170,8750
1550,170,8750
1560,170,8750
1570,170,8750
1580,170,8750
1590,170,8750
1600,170,8750
1610,170,8750
1620,170,8750
1630,170,8750
1640,170,8750
1650,170,8750
1660,170,8750
1670,170,8750
1680,170,8750
1690,170,8750
1700,170,8750
1400,180,8750
1410,180,8750
1420,180,8750
1430,180,8750
1440,180,8750
1450,180,8750
1460,180,8750
1470,180,8750
1480,180,8750
1490,180,8750
1500,180,8750
1510,180,8750
1520,180,8750
1530,180,8750
1540,180,8750
1550,180,8750
1560,180,8750
1570,180,8750
1580,180,8750
1590,180,8750
1600,180,8750
1610,180,8750
1620,180,8750
1630,180,8750
1640,180,8750
1650,180,8750
1660,180,8750
1670,180,8750
1680,180,8750
1690,180,8750
1700,180,8750
1400,190,8750
1410,190,8750
1420,190,8750
1430,190,8750
1440,190,8750
1450,190,8750
1460,190,8750
1470,190,8750
1480,190,8750
1490,190,8750
1500,190,8750
1510,190,8750
1520,190,8750
1530,190,8750
1540,190,8750
1550,190,8750
1560,190,8750
1570,190,8750
1580,190,8750
1590,190,8750
1600,190,8750
1610,190,8750
1620,190,8750
1630,190,8750
1640,190,8750
1650,190,8750
1660,190,8750
1670,190,8750
1680,190,8750
1690,190,8750
1700,190,8750
1400,200,8750
1410,200,8750
1420,200,8750
1430,200,8750
1440,200,8750
1450,200,8750
1460,200,8750
1470,200,8750
1480,200,8750
1490,200,8750
1500,200,8750
1510,200,8750
1520,200,8750
1530,200,8750
1540,200,8750
1550,200,8750
1560,200,8750
1570,200,8750
1580,200,8750
1590,200,8750
1600,200,8750
1610,200,8750
1620,200,8750
1630,200,8750
1640,200,8750
1650,200,8750
1660,200,8750
1670,200,8750
1680,200,8750
1690,200,8750
1700,200,8750
1400,210,8750
1410,210,8750
1420,210,8750
1430,210,8750
1440,210,8750
1450,210,8750
1460,210,8750
1470,210,8750
1480,210,8750
1490,210,8750
1500,210,8750
1510,210,8750
1520,210,8750
1530,210,8750
1540,210,8750
1550,210,8750
1560,210,8750
1570,210,8750
1580,210,8750
1590,210,8750
1600,210,8750
1610,210,8750
1620,210,8750
1630,210,8750
1640,210,8750
1650,210,8750
1660,210,8750
1670,210,8750
1680,210,8750
1690,210,8750
1700,210,8750
1400,220,8750
1410,220,8750
1420,220,8750
1430,220,8750
1440,220,8750
1450,220,8750
1460,220,8750
1470,220,8750
1480,220,8750
1490,220,8750
1500,220,8750
1510,220,8750
1520,220,8750
1530,220,8750
1540,220,8750
1550,220,8750
1560,220,8750
1570,220,8750
1580,220,8750
1590,220,8750
1600,220,8750
1610,220,8750
1620,220,8750
1630,220,8750
1640,220,8750
1650,220,8750
1660,220,8750
1670,220,8750
1680,220,8750
1690,220,8750
1700,220,8750
1400,230,8750
1410,230,8750
1420,230,8750
1430,230,8750
1440,230,8750
1450,230,8750
1460,230,8750
1470,230,8750
1480,230,8750
1490,230,8750
1500,230,8750
1510,230,8750
1520,230,8750
1530,230,8750
1540,230,8750
1550,230,8750
1560,230,8750
1570,230,8750
1580,230,8750
1590,230,8750
1600,230,8750
1610,230,8750
1620,230,8750
1630,230,8750
1640,230,8750
1650,230,8750
1660,230,8750
1670,230,8750
1680,230,8750
1690,230,8750
1700,230,8750
1400,240,8750
1410,240,8750
1420,240,8750
1430,240,8750
1440,240,8750
1450,240,8750
1460,240,8750
1470,240,8750
1480,240,8750
1490,240,8750
1500,240,8750
1510,240,8750
1520,240,8750
1530,240,8750
1540,240,8750
1550,240,8750
1560,240,8750
1570,240,8750
1580,240,8750
1590,240,8750
1600,240,8750
1610,240,8750
1620,240,8750
1630,240,8750
1640,240,8750
1650,240,8750
1660,240,8750
1670,240,8750
1680,240,8750
1690,240,8750
1700,240,8750
1400,250,8750
1410,250,8750
1420,250,8750
1430,250,8750
1440,250,8750
1450,250,8750
1460,250,8750
1470,250,8750
1480,250,8750
1490,250,8750
1500,250,8750
1510,250,8750
1520,250,8750
1530,250,8750
1540,250,8750
1550,250,8750
1560,250,8750
1570,250,8750
1580,250,8750
1590,250,8750
1600,250,8750
1610,250,8750
1620,250,8750
1630,250,8750
1640,250,8750
1650,250,8750
1660,250,8750
1670,250,8750
1680,250,8750
1690,250,8750
1700,250,8750
1400,50,9000
1410,50,9000
1420,50,9000
1430,50,9000
1440,50,9000
1450,50,9000
1460,50,9000
1470,50,9000
1480,50,9000
1490,50,9000
1500,50,9000
1510,50,9000
1520,50,9000
1530,50,9000
1540,50,9000
1550,50,9000
1560,50,9000
1570,50,9000
1580,50,9000
1590,50,9000
1600,50,9000
1610,50,9000
1620,50,9000
1630,50,9000
1640,50,9000
1650,50,9000
1660,50,9000
1670,50,9000
1680,50,9000
1690,50,9000
1700,50,9000
1400,60,9000
1410,60,9000
1420,60,9000
1430,60,9000
1440,60,9000
1450,60,9000
1460,60,9000
1470,60,9000
1480,60,9000
1490,60,9000
1500,60,9000
1510,60,9000
1520,60,9000
1530,60,9000
1540,60,9000
1550,60,9000
1560,60,9000
1570,60,9000
1580,60,9000
1590,60,9000
1600,60,9000
1610,60,9000
1620,60,9000
1630,60,9000
1640,60,9000
1650,60,9000
1660,60,9000
1670,60,9000
1680,60,9000
1690,60,9000
1700,60,9000
1400,70,9000
1410,70,9000
1420,70,9000
1430,70,9000
1440,70,9000
1450,70,9000
1460,70,9000
1470,70,9000
1480,70,9000
1490,70,9000
1500,70,9000
1510,70,9000
1520,70,9000
1530,70,9000
1540,70,9000
1550,70,9000
1560,70,9000
1570,70,9000
1580,70,9000
1590,70,9000
1600,70,9000
1610,70,9000
1620,70,9000
1630,70,9000
1640,70,9000
1650,70,9000
1660,70,9000
1670,70,9000
1680,70,9000
1690,70,9000
1700,70,9000
1400,80,9000
1410,80,9000
1420,80,9000
1430,80,9000
1440,80,9000
1450,80,9000
1460,80,9000
1470,80,9000
1480,80,9000
1490,80,9000
1500,80,9000
1510,80,9000
1520,80,9000
1530,80,9000
1540,80,9000
1550,80,9000
1560,80,9000
1570,80,9000
1580,80,9000
1590,80,9000
1600,80,9000
1610,80,9000
1620,80,9000
1630,80,9000
1640,80,9000
1650,80,9000
1660,80,9000
1670,80,9000
1680,80,9000
1690,80,9000
1700,80,9000
1400,90,9000
1410,90,9000
1420,90,9000
1430,90,9000
1440,90,9000
1450,90,9000
1460,90,9000
1470,90,9000
1480,90,9000
1490,90,9000
1500,90,9000
1510,90,9000
1520,90,9000
1530,90,9000
1540,90,9000
1550,90,9000
1560,90,9000
1570,90,9000
1580,90,9000
1590,90,9000
1600,90,9000
1610,90,9000
1620,90,9000
1630,90,9000
1640,90,9000
1650,90,9000
1660,90,9000
1670,90,9000
1680,90,9000
1690,90,9000
1700,90,9000
1400,100,9000
1410,100,9000
1420,100,9000
1430,100,9000
1440,100,9000
1450,100,9000
1460,100,9000
1470,100,9000
1480,100,9000
1490,100,9000
1500,100,9000
1510,100,9000
1520,100,9000
1530,100,9000
1540,100,9000
1550,100,9000
1560,100,9000
1570,100,9000
1580,100,9000
1590,100,9000
1600,100,9000
1610,100,9000
1620,100,9000
1630,100,9000
1640,100,9000
1650,100,9000
1660,100,9000
1670,100,9000
1680,100,9000
1690,100,9000
1700,100,9000
1400,110,9000
1410,110,9000
1420,110,9000
1430,110,9000
1440,110,9000
1450,110,9000
1460,110,9000
1470,110,9000
1480,110,9000
1490,110,9000
1500,110,9000
1510,110,9000
1520,110,9000
1530,110,9000
1540,110,9000
1550,110,9000
1560,110,9000
1570,110,9000
1580,110,9000
1590,110,9000
1600,110,9000
1610,110,9000
1620,110,9000
1630,110,9000
1640,110,9000
1650,110,9000
1660,110,9000
1670,110,9000
1680,110,9000
1690,110,9000
1700,110,9000
1400,120,9000
1410,120,9000
1420,120,9000
1430,120,9000
1440,120,9000
1450,120,9000
1460,120,9000
1470,120,9000
1480,120,9000
1490,120,9000
1500,120,9000
1510,120,9000
1520,120,9000
1530,120,9000
1540,120,9000
1550,120,9000
1560,120,9000
1570,120,9000
1580,120,9000
1590,120,9000
1600,120,9000
1610,120,9000
1620,120,9000
1630,120,9000
1640,120,9000
1650,120,9000
1660,120,9000
1670,120,9000
1680,120,9000
1690,120,9000
1700,120,9000
1400,130,9000
1410,130,9000
1420,130,9000
1430,130,9000
1440,130,9000
1450,130,9000
1460,130,9000
1470,130,9000
1480,130,9000
1490,130,9000
1500,130,9000
1510,130,9000
1520,130,9000
1530,130,9000
1540,130,9000
1550,130,9000
1560,130,9000
1570,130,9000
1580,130,9000
1590,130,9000
1600,130,9000
1610,130,9000
1620,130,9000
1630,130,9000
1640,130,9000
1650,130,9000
1660,130,9000
1670,130,9000
1680,130,9000
1690,130,9000
1700,130,9000
1400,140,9000
1410,140,9000
1420,140,9000
1430,140,9000
1440,140,9000
1450,140,9000
1460,140,9000
1470,140,9000
1480,140,9000
1490,140,9000
1500,140,9000
1510,140,9000
1520,140,9000
1530,140,9000
1540,140,9000
1550,140,9000
1560,140,9000
1570,140,9000
1580,140,9000
1590,140,9000
1600,140,9000
1610,140,9000
1620,140,9000
1630,140,9000
1640,140,9000
1650,140,9000
1660,140,9000
1670,140,9000
1680,140,9000
1690,140,9000
1700,140,9000
1400,150,9000
1410,150,9000
1420,150,9000
1430,150,9000
1440,150,9000
1450,150,9000
1460,150,9000
1470,150,9000
1480,150,9000
1490,150,9000
1500,150,9000
1510,150,9000
1520,150,9000
1530,150,9000
1540,150,9000
1550,150,9000
1560,150,9000
1570,150,9000
1580,150,9000
1590,150,9000
1600,150,9000
1610,150,9000
1620,150,9000
1630,150,9000
1640,150,9000
1650,150,9000
1660,150,9000
1670,150,9000
1680,150,9000
1690,150,9000
1700,150,9000
1400,160,9000
1410,160,9000
1420,160,9000
1430,160,9000
1440,160,9000
1450,160,9000
1460,160,9000
1470,160,9000
1480,160,9000
1490,160,9000
1500,160,9000
1510,160,9000
1520,160,9000
1530,160,9000
1540,160,9000
1550,160,9000
1560,160,9000
1570,160,9000
1580,160,9000
1590,160,9000
1600,160,9000
1610,160,9000
1620,160,9000
1630,160,9000
1640,160,9000
1650,160,9000
1660,160,9000
1670,160,9000
1680,160,9000
1690,160,9000
1700,160,9000
1400,170,9000
1410,170,9000
1420,170,9000
1430,170,9000
1440,170,9000
1450,170,9000
1460,170,9000
1470,170,9000
1480,170,9000
1490,170,9000
1500,170,9000
1510,170,9000
1520,170,9000
1530,170,9000
1540,170,9000
1550,170,9000
1560,170,9000
1570,170,9000
1580,170,9000
1590,170,9000
1600,170,9000
1610,170,9000
1620,170,9000
1630,170,9000
1640,170,9000
1650,170,9000
1660,170,9000
1670,170,9000
1680,170,9000
1690,170,9000
1700,170,9000
1400,180,9000
1410,180,9000
1420,180,9000
1430,180,9000
1440,180,9000
1450,180,9000
1460,180,9000
1470,180,9000
1480,180,9000
1490,180,9000
1500,180,9000
1510,180,9000
1520,180,9000
1530,180,9000
1540,180,9000
1550,180,9000
1560,180,9000
1570,180,9000
1580,180,9000
1590,180,9000
1600,180,9000
1610,180,9000
1620,180,9000
1630,180,9000
1640,180,9000
1650,180,9000
1660,180,9000
1670,180,9000
1680,180,9000
1690,180,9000
1700,180,9000
1400,190,9000
1410,190,9000
1420,190,9000
1430,190,9000
1440,190,9000
1450,190,9000
1460,190,9000
1470,190,9000
1480,190,9000
1490,190,9000
1500,190,9000
1510,190,9000
1520,190,9000
1530,190,9000
1540,190,9000
1550,190,9000
1560,190,9000
1570,190,9000
1580,190,9000
1590,190,9000
1600,190,9000
1610,190,9000
1620,190,9000
1630,190,9000
1640,190,9000
1650,190,9000
1660,190,9000
1670,190,9000
1680,190,9000
1690,190,9000
1700,190,9000
1400,200,9000
1410,200,9000
1420,200,9000
1430,200,9000
1440,200,9000
1450,200,9000
1460,200,9000
1470,200,9000
1480,200,9000
1490,200,9000
1500,200,9000
1510,200,9000
1520,200,9000
1530,200,9000
1540,200,9000
1550,200,9000
1560,200,9000
1570,200,9000
1580,200,9000
1590,200,9000
1600,200,9000
1610,200,9000
1620,200,9000
1630,200,9000
1640,200,9000
1650,200,9000
1660,200,9000
1670,200,9000
1680,200,9000
1690,200,9000
1700,200,9000
1400,210,9000
1410,210,9000
1420,210,9000
1430,210,9000
1440,210,9000
1450,210,9000
1460,210,9000
1470,210,9000
1480,210,9000
1490,210,9000
1500,210,9000
1510,210,9000
1520,210,9000
1530,210,9000
1540,210,9000
1550,210,9000
1560,210,9000
1570,210,9000
1580,210,9000
1590,210,9000
1600,210,9000
1610,210,9000
1620,210,9000
1630,210,9000
1640,210,9000
1650,210,9000
1660,210,9000
1670,210,9000
1680,210,9000
1690,210,9000
1700,210,9000
1400,220,9000
1410,220,9000
1420,220,9000
1430,220,9000
1440,220,9000
1450,220,9000
1460,220,9000
1470,220,9000
1480,220,9000
1490,220,9000
1500,220,9000
1510,220,9000
1520,220,9000
1530,220,9000
1540,220,9000
1550,220,9000
1560,220,9000
1570,220,9000
1580,220,9000
1590,220,9000
1600,220,9000
1610,220,9000
1620,220,9000
1630,220,9000
1640,220,9000
1650,220,9000
1660,220,9000
1670,220,9000
1680,220,9000
1690,220,9000
1700,220,9000
1400,230,9000
1410,230,9000
1420,230,9000
1430,230,9000
1440,230,9000
1450,230,9000
1460,230,9000
1470,230,9000
1480,230,9000
1490,230,9000
1500,230,9000
1510,230,9000
1520,230,9000
1530,230,9000
1540,230,9000
1550,230,9000
1560,230,9000
1570,230,9000
1580,230,9000
1590,230,9000
1600,230,9000
1610,230,9000
1620,230,9000
1630,230,9000
1640,230,9000
1650,230,9000
1660,230,9000
1670,230,9000
1680,230,9000
1690,230,9000
1700,230,9000
1400,240,9000
1410,240,9000
1420,240,9000
1430,240,9000
1440,240,9000
1450,240,9000
1460,240,9000
1470,240,9000
1480,240,9000
1490,240,9000
1500,240,9000
1510,240,9000
1520,240,9000
1530,240,9000
1540,240,9000
1550,240,9000
1560,240,9000
1570,240,9000
1580,240,9000
1590,240,9000
1600,240,9000
1610,240,9000
1620,240,9000
1630,240,9000
1640,240,9000
1650,240,9000
1660,240,9000
1670,240,9000
1680,240,9000
1690,240,9000
1700,240,9000
1400,250,9000
1410,250,9000
1420,250,9000
1430,250,9000
1440,250,9000
1450,250,9000
1460,250,9000
1470,250,9000
1480,250,9000
1490,250,9000
1500,250,9000
1510,250,9000
1520,250,9000
1530,250,9000
1540,250,9000
1550,250,9000
1560,250,9000
1570,250,9000
1580,250,9000
1590,250,9000
1600,250,9000
1610,250,9000
1620,250,9000
1630,250,9000
1640,250,9000
1650,250,9000
1660,250,9000
1670,250,9000
1680,250,9000
1690,250,9000
1700,250,9000
1400,50,9250
1410,50,9250
1420,50,9250
1430,50,9250
1440,50,9250
1450,50,9250
1460,50,9250
1470,50,9250
1480,50,9250
1490,50,9250
1500,50,9250
1510,50,9250
1520,50,9250
1530,50,9250
1540,50,9250
1550,50,9250
1560,50,9250
1570,50,9250
1580,50,9250
1590,50,9250
1600,50,9250
1610,50,9250
1620,50,9250
1630,50,9250
1640,50,9250
1650,50,9250
1660,50,9250
1670,50,9250
1680,50,9250
1690,50,9250
1700,50,9250
1400,60,9250
1410,60,9250
1420,60,9250
1430,60,9250
1440,60,9250
1450,60,9250
1460,60,9250
1470,60,9250
1480,60,9250
1490,60,9250
1500,60,9250
1510,60,9250
1520,60,9250
1530,60,9250
1540,60,9250
1550,60,9250
1560,60,9250
1570,60,9250
1580,60,9250
1590,60,9250
1600,60,9250
1610,60,9250
1620,60,9250
1630,60,9250
1640,60,9250
1650,60,9250
1660,60,9250
1670,60,9250
1680,60,9250
1690,60,9250
1700,60,9250
1400,70,9250
1410,70,9250
1420,70,9250
1430,70,9250
1440,70,9250
1450,70,9250
1460,70,9250
1470,70,9250
1480,70,9250
1490,70,9250
1500,70,9250
1510,70,9250
1520,70,9250
1530,70,9250
1540,70,9250
1550,70,9250
1560,70,9250
1570,70,9250
1580,70,9250
1590,70,9250
1600,70,9250
1610,70,9250
1620,70,9250
1630,70,9250
1640,70,9250
1650,70,9250
1660,70,9250
1670,70,9250
1680,70,9250
1690,70,9250
1700,70,9250
1400,80,9250
1410,80,9250
1420,80,9250
1430,80,9250
1440,80,9250
1450,80,9250
1460,80,9250
1470,80,9250
1480,80,9250
1490,80,9250
1500,80,9250
1510,80,9250
1520,80,9250
1530,80,9250
1540,80,9250
1550,80,9250
1560,80,9250
1570,80,9250
1580,80,9250
1590,80,9250
1600,80,9250
1610,80,9250
1620,80,9250
1630,80,9250
1640,80,9250
1650,80,9250
1660,80,9250
1670,80,9250
1680,80,9250
1690,80,9250
1700,80,9250
1400,90,9250
1410,90,9250
1420,90,9250
1430,90,9250
1440,90,9250
1450,90,9250
1460,90,9250
1470,90,9250
1480,90,9250
1490,90,9250
1500,90,9250
1510,90,9250
1520,90,9250
1530,90,9250
1540,90,9250
1550,90,9250
1560,90,9250
1570,90,9250
1580,90,9250
1590,90,9250
1600,90,9250
1610,90,9250
1620,90,9250
1630,90,9250
1640,90,9250
1650,90,9250
1660,90,9250
1670,90,9250
1680,90,9250
1690,90,9250
1700,90,9250
1400,100,9250
1410,100,9250
1420,100,9250
1430,100,9250
1440,100,9250
1450,100,9250
1460,100,9250
1470,100,9250
1480,100,9250
1490,100,9250
1500,100,9250
1510,100,9250
1520,100,9250
1530,100,9250
1540,100,9250
1550,100,9250
1560,100,9250
1570,100,9250
1580,100,9250
1590,100,9250
1600,100,9250
1610,100,9250
1620,100,9250
1630,100,9250
1640,100,9250
1650,100,9250
1660,100,9250
1670,100,9250
1680,100,9250
1690,100,9250
1700,100,9250
1400,110,9250
1410,110,9250
1420,110,9250
1430,110,9250
1440,110,9250
1450,110,9250
1460,110,9250
1470,110,9250
1480,110,9250
1490,110,9250
1500,110,9250
1510,110,9250
1520,110,9250
1530,110,9250
1540,110,9250
1550,110,9250
1560,110,9250
1570,110,9250
1580,110,9250
1590,110,9250
1600,110,9250
1610,110,9250
1620,110,9250
1630,110,9250
1640,110,9250
1650,110,9250
1660,110,9250
1670,110,9250
1680,110,9250
1690,110,9250
1700,110,9250
1400,120,9250
1410,120,9250
1420,120,9250
1430,120,9250
1440,120,9250
1450,120,9250
1460,120,9250
1470,120,9250
1480,120,9250
1490,120,9250
1500,120,9250
1510,120,9250
1520,120,9250
1530,120,9250
1540,120,9250
1550,120,9250
1560,120,9250
1570,120,9250
1580,120,9250
1590,120,9250
1600,120,9250
1610,120,9250
1620,120,9250
1630,120,9250
1640,120,9250
1650,120,9250
1660,120,9250
1670,120,9250
1680,120,9250
1690,120,9250
1700,120,9250
1400,130,9250
1410,130,9250
1420,130,9250
1430,130,9250
1440,130,9250
1450,130,9250
1460,130,9250
1470,130,9250
1480,130,9250
1490,130,9250
1500,130,9250
1510,130,9250
1520,130,9250
1530,130,9250
1540,130,9250
1550,130,9250
1560,130,9250
1570,130,9250
1580,130,9250
1590,130,9250
1600,130,9250
1610,130,9250
1620,130,9250
1630,130,9250
1640,130,9250
1650,130,9250
1660,130,9250
1670,130,9250
1680,130,9250
1690,130,9250
1700,130,9250
1400,140,9250
1410,140,9250
1420,140,9250
1430,140,9250
1440,140,9250
1450,140,9250
1460,140,9250
1470,140,9250
1480,140,9250
1490,140,9250
1500,140,9250
1510,140,9250
1520,140,9250
1530,140,9250
1540,140,9250
1550,140,9250
1560,140,9250
1570,140,9250
1580,140,9250
1590,140,9250
1600,140,9250
1610,140,9250
1620,140,9250
1630,140,9250
1640,140,9250
1650,140,9250
1660,140,9250
1670,140,9250
1680,140,9250
1690,140,9250
1700,140,9250
1400,150,9250
1410,150,9250
1420,150,9250
1430,150,9250
1440,150,9250
1450,150,9250
1460,150,9250
1470,150,9250
1480,150,9250
1490,150,9250
1500,150,9250
1510,150,9250
1520,150,9250
1530,150,9250
1540,150,9250
1550,150,9250
1560,150,9250
1570,150,9250
1580,150,9250
1590,150,9250
1600,150,9250
1610,150,9250
1620,150,9250
1630,150,9250
1640,150,9250
1650,150,9250
1660,150,9250
1670,150,9250
1680,150,9250
1690,150,9250
1700,150,9250
1400,160,9250
1410,160,9250
1420,160,9250
1430,160,9250
1440,160,9250
1450,160,9250
1460,160,9250
1470,160,9250
1480,160,9250
1490,160,9250
1500,160,9250
1510,160,9250
1520,160,9250
1530,160,9250
1540,160,9250
1550,160,9250
1560,160,9250
1570,160,9250
1580,160,9250
1590,160,9250
1600,160,9250
1610,160,9250
1620,160,9250
1630,160,9250
1640,160,9250
1650,160,9250
1660,160,9250
1670,160,9250
1680,160,9250
1690,160,9250
1700,160,9250
1400,170,9250
1410,170,9250
1420,170,9250
1430,170,9250
1440,170,9250
1450,170,9250
1460,170,9250
1470,170,9250
1480,170,9250
1490,170,9250
1500,170,9250
1510,170,9250
1520,170,9250
1530,170,9250
1540,170,9250
1550,170,9250
1560,170,9250
1570,170,9250
1580,170,9250
1590,170,9250
1600,170,9250
1610,170,9250
1620,170,9250
1630,170,9250
1640,170,9250
1650,170,9250
1660,170,9250
1670,170,9250
1680,170,9250
1690,170,9250
1700,170,9250
1400,180,9250
1410,180,9250
1420,180,9250
1430,180,9250
1440,180,9250
1450,180,9250
1460,180,9250
1470,180,9250
1480,180,9250
1490,180,9250
1500,180,9250
1510,180,9250
1520,180,9250
1530,180,9250
1540,180,9250
1550,180,9250
1560,180,9250
1570,180,9250
1580,180,9250
1590,180,9250
1600,180,9250
1610,180,9250
1620,180,9250
1630,180,9250
1640,180,9250
1650,180,9250
1660,180,9250
1670,180,9250
1680,180,9250
1690,180,9250
1700,180,9250
1400,190,9250
1410,190,9250
1420,190,9250
1430,190,9250
1440,190,9250
1450,190,9250
1460,190,9250
1470,190,9250
1480,190,9250
1490,190,9250
1500,190,9250
1510,190,9250
1520,190,9250
1530,190,9250
1540,190,9250
1550,190,9250
1560,190,9250
1570,190,9250
1580,190,9250
1590,190,9250
1600,190,9250
1610,190,9250
1620,190,9250
1630,190,9250
1640,190,9250
1650,190,9250
1660,190,9250
1670,190,9250
1680,190,9250
1690,190,9250
1700,190,9250
1400,200,9250
1410,200,9250
1420,200,9250
1430,200,9250
1440,200,9250
1450,200,9250
1460,200,9250
1470,200,9250
1480,200,9250
1490,200,9250
1500,200,9250
1510,200,9250
1520,200,9250
1530,200,9250
1540,200,9250
1550,200,9250
1560,200,9250
1570,200,9250
1580,200,9250
1590,200,9250
1600,200,9250
1610,200,9250
1620,200,9250
1630,200,9250
1640,200,9250
1650,200,9250
1660,200,9250
1670,200,9250
1680,200,9250
1690,200,9250
1700,200,9250
1400,210,9250
1410,210,9250
1420,210,9250
1430,210,9250
1440,210,9250
1450,210,9250
1460,210,9250
1470,210,9250
1480,210,9250
1490,210,9250
1500,210,9250
1510,210,9250
1520,210,9250
1530,210,9250
1540,210,9250
1550,210,9250
1560,210,9250
1570,210,9250
1580,210,9250
1590,210,9250
1600,210,9250
1610,210,9250
1620,210,9250
1630,210,9250
1640,210,9250
1650,210,9250
1660,210,9250
1670,210,9250
1680,210,9250
1690,210,9250
1700,210,9250
1400,220,9250
1410,220,9250
1420,220,9250
1430,220,9250
1440,220,9250
1450,220,9250
1460,220,9250
1470,220,9250
1480,220,9250
1490,220,9250
1500,220,9250
1510,220,9250
1520,220,9250
1530,220,9250
1540,220,9250
1550,220,9250
1560,220,9250
1570,220,9250
1580,220,9250
1590,220,9250
1600,220,9250
1610,220,9250
1620,220,9250
1630,220,9250
1640,220,9250
1650,220,9250
1660,220,9250
1670,220,9250
1680,220,9250
1690,220,9250
1700,220,9250
1400,230,9250
1410,230,9250
1420,230,9250
1430,230,9250
1440,230,9250
1450,230,9250
1460,230,9250
1470,230,9250
1480,230,9250
1490,230,9250
1500,230,9250
1510,230,9250
1520,230,9250
1530,230,9250
1540,230,9250
1550,230,9250
1560,230,9250
1570,230,9250
1580,230,9250
1590,230,9250
1600,230,9250
1610,230,9250
1620,230,9250
1630,230,9250
1640,230,9250
1650,230,9250
1660,230,9250
1670,230,9250
1680,230,9250
1690,230,9250
1700,230,9250
1400,240,9250
1410,240,9250
1420,240,9250
1430,240,9250
1440,240,9250
1450,240,9250
1460,240,9250
1470,240,9250
1480,240,9250
1490,240,9250
1500,240,9250
1510,240,9250
1520,240,9250
1530,240,9250
1540,240,9250
1550,240,9250
1560,240,9250
1570,240,9250
1580,240,9250
1590,240,9250
1600,240,9250
1610,240,9250
1620,240,9250
1630,240,9250
1640,240,9250
1650,240,9250
1660,240,9250
1670,240,9250
1680,240,9250
1690,240,9250
1700,240,9250
1400,250,9250
1410,250,9250
1420,250,9250
1430,250,9250
1440,250,9250
1450,250,9250
1460,250,9250
1470,250,9250
1480,250,9250
1490,250,9250
1500,250,9250
1510,250,9250
1520,250,9250
1530,250,9250
1540,250,9250
1550,250,9250
1560,250,9250
1570,250,9250
1580,250,9250
1590,250,9250
1600,250,9250
1610,250,9250
1620,250,9250
1630,250,9250
1640,250,9250
1650,250,9250
1660,250,9250
1670,250,9250
1680,250,9250
1690,250,9250
1700,250,9250
1400,50,9500
1410,50,9500
1420,50,9500
1430,50,9500
1440,50,9500
1450,50,9500
1460,50,9500
1470,50,9500
1480,50,9500
1490,50,9500
1500,50,9500
1510,50,9500
1520,50,9500
1530,50,9500
1540,50,9500
1550,50,9500
1560,50,9500
1570,50,9500
1580,50,9500
1590,50,9500
1600,50,9500
1610,50,9500
1620,50,9500
1630,50,9500
1640,50,9500
1650,50,9500
1660,50,9500
1670,50,9500
1680,50,9500
1690,50,9500
1700,50,9500
1400,60,9500
1410,60,9500
1420,60,9500
1430,60,9500
1440,60,9500
1450,60,9500
1460,60,9500
1470,60,9500
1480,60,9500
1490,60,9500
1500,60,9500
1510,60,9500
1520,60,9500
1530,60,9500
1540,60,9500
1550,60,9500
1560,60,9500
1570,60,9500
1580,60,9500
1590,60,9500
1600,60,9500
1610,60,9500
1620,60,9500
1630,60,9500
1640,60,9500
1650,60,9500
1660,60,9500
1670,60,9500
1680,60,9500
1690,60,9500
1700,60,9500
1400,70,9500
1410,70,9500
1420,70,9500
1430,70,9500
1440,70,9500
1450,70,9500
1460,70,9500
1470,70,9500
1480,70,9500
1490,70,9500
1500,70,9500
1510,70,9500
1520,70,9500
1530,70,9500
1540,70,9500
1550,70,9500
1560,70,9500
1570,70,9500
1580,70,9500
1590,70,9500
1600,70,9500
1610,70,9500
1620,70,9500
1630,70,9500
1640,70,9500
1650,70,9500
1660,70,9500
1670,70,9500
1680,70,9500
1690,70,9500
1700,70,9500
1400,80,9500
1410,80,9500
1420,80,9500
1430,80,9500
1440,80,9500
1450,80,9500
1460,80,9500
1470,80,9500
1480,80,9500
1490,80,9500
1500,80,9500
1510,80,9500
1520,80,9500
1530,80,9500
1540,80,9500
1550,80,9500
1560,80,9500
1570,80,9500
1580,80,9500
1590,80,9500
1600,80,9500
1610,80,9500
1620,80,9500
1630,80,9500
1640,80,9500
1650,80,9500
1660,80,9500
1670,80,9500
1680,80,9500
1690,80,9500
1700,80,9500
1400,90,9500
1410,90,9500
1420,90,9500
1430,90,9500
1440,90,9500
1450,90,9500
1460,90,9500
1470,90,9500
1480,90,9500
1490,90,9500
1500,90,9500
1510,90,9500
1520,90,9500
1530,90,9500
1540,90,9500
1550,90,9500
1560,90,9500
1570,90,9500
1580,90,9500
1590,90,9500
1600,90,9500
1610,90,9500
1620,90,9500
1630,90,9500
1640,90,9500
1650,90,9500
1660,90,9500
1670,90,9500
1680,90,9500
1690,90,9500
1700,90,9500
1400,100,9500
1410,100,9500
1420,100,9500
1430,100,9500
1440,100,9500
1450,100,9500
1460,100,9500
1470,100,9500
1480,100,9500
1490,100,9500
1500,100,9500
1510,100,9500
1520,100,9500
1530,100,9500
1540,100,9500
1550,100,9500
1560,100,9500
1570,100,9500
1580,100,9500
1590,100,9500
1600,100,9500
1610,100,9500
1620,100,9500
1630,100,9500
1640,100,9500
1650,100,9500
1660,100,9500
1670,100,9500
1680,100,9500
1690,100,9500
1700,100,9500
1400,110,9500
1410,110,9500
1420,110,9500
1430,110,9500
1440,110,9500
1450,110,9500
1460,110,9500
1470,110,9500
1480,110,9500
1490,110,9500
1500,110,9500
1510,110,9500
1520,110,9500
1530,110,9500
1540,110,9500
1550,110,9500
1560,110,9500
1570,110,9500
1580,110,9500
1590,110,9500
1600,110,9500
1610,110,9500
1620,110,9500
1630,110,9500
1640,110,9500
1650,110,9500
1660,110,9500
1670,110,9500
1680,110,9500
1690,110,9500
1700,110,9500
1400,120,9500
1410,120,9500
1420,120,9500
1430,120,9500
1440,120,9500
1450,120,9500
1460,120,9500
1470,120,9500
1480,120,9500
1490,120,9500
1500,120,9500
1510,120,9500
1520,120,9500
1530,120,9500
1540,120,9500
1550,120,9500
1560,120,9500
1570,120,9500
1580,120,9500
1590,120,9500
1600,120,9500
1610,120,9500
1620,120,9500
1630,120,9500
1640,120,9500
1650,120,9500
1660,120,9500
1670,120,9500
1680,120,9500
1690,120,9500
1700,120,9500
1400,130,9500
1410,130,9500
1420,130,9500
1430,130,9500
1440,130,9500
1450,130,9500
1460,130,9500
1470,130,9500
1480,130,9500
1490,130,9500
1500,130,9500
1510,130,9500
1520,130,9500
1530,130,9500
1540,130,9500
1550,130,9500
1560,130,9500
1570,130,9500
1580,130,9500
1590,130,9500
1600,130,9500
1610,130,9500
1620,130,9500
1630,130,9500
1640,130,9500
1650,130,9500
1660,130,9500
1670,130,9500
1680,130,9500
1690,130,9500
1700,130,9500
1400,140,9500
1410,140,9500
1420,140,9500
1430,140,9500
1440,140,9500
1450,140,9500
1460,140,9500
1470,140,9500
1480,140,9500
1490,140,9500
1500,140,9500
1510,140,9500
1520,140,9500
1530,140,9500
1540,140,9500
1550,140,9500
1560,140,9500
1570,140,9500
1580,140,9500
1590,140,9500
1600,140,9500
1610,140,9500
1620,140,9500
1630,140,9500
1640,140,9500
1650,140,9500
1660,140,9500
1670,140,9500
1680,140,9500
1690,140,9500
1700,140,9500
1400,150,9500
1410,150,9500
1420,150,9500
1430,150,9500
1440,150,9500
1450,150,9500
1460,150,9500
1470,150,9500
1480,150,9500
1490,150,9500
1500,150,9500
1510,150,9500
1520,150,9500
1530,150,9500
1540,150,9500
1550,150,9500
1560,150,9500
1570,150,9500
1580,150,9500
1590,150,9500
1600,150,9500
1610,150,9500
1620,150,9500
1630,150,9500
1640,150,9500
1650,150,9500
1660,150,9500
1670,150,9500
1680,150,9500
1690,150,9500
1700,150,9500
1400,160,9500
1410,160,9500
1420,160,9500
1430,160,9500
1440,160,9500
1450,160,9500
1460,160,9500
1470,160,9500
1480,160,9500
1490,160,9500
1500,160,9500
1510,160,9500
1520,160,9500
1530,160,9500
1540,160,9500
1550,160,9500
1560,160,9500
1570,160,9500
1580,160,9500
1590,160,9500
1600,160,9500
1610,160,9500
1620,160,9500
1630,160,9500
1640,160,9500
1650,160,9500
1660,160,9500
1670,160,9500
1680,160,9500
1690,160,9500
1700,160,9500
1400,170,9500
1410,170,9500
1420,170,9500
1430,170,9500
1440,170,9500
1450,170,9500
1460,170,9500
1470,170,9500
1480,170,9500
1490,170,9500
1500,170,9500
1510,170,9500
1520,170,9500
1530,170,9500
1540,170,9500
1550,170,9500
1560,170,9500
1570,170,9500
1580,170,9500
1590,170,9500
1600,170,9500
1610,170,9500
1620,170,9500
1630,170,9500
1640,170,9500
1650,170,9500
1660,170,9500
1670,170,9500
1680,170,9500
1690,170,9500
1700,170,9500
1400,180,9500
1410,180,9500
1420,180,9500
1430,180,9500
1440,180,9500
1450,180,9500
1460,180,9500
1470,180,9500
1480,180,9500
1490,180,9500
1500,180,9500
1510,180,9500
1520,180,9500
1530,180,9500
1540,180,9500
1550,180,9500
1560,180,9500
1570,180,9500
1580,180,9500
1590,180,9500
1600,180,9500
1610,180,9500
1620,180,9500
1630,180,9500
1640,180,9500
1650,180,9500
1660,180,9500
1670,180,9500
1680,180,9500
1690,180,9500
1700,180,9500
1400,190,9500
1410,190,9500
1420,190,9500
1430,190,9500
1440,190,9500
1450,190,9500
1460,190,9500
1470,190,9500
1480,190,9500
1490,190,9500
1500,190,9500
1510,190,9500
1520,190,9500
1530,190,9500
1540,190,9500
1550,190,9500
1560,190,9500
1570,190,9500
1580,190,9500
1590,190,9500
1600,190,9500
1610,190,9500
1620,190,9500
1630,190,9500
1640,190,9500
1650,190,9500
1660,190,9500
1670,190,9500
1680,190,9500
1690,190,9500
1700,190,9500
1400,200,9500
1410,200,9500
1420,200,9500
1430,200,9500
1440,200,9500
1450,200,9500
1460,200,9500
1470,200,9500
1480,200,9500
1490,200,9500
1500,200,9500
1510,200,9500
1520,200,9500
1530,200,9500
1540,200,9500
1550,200,9500
1560,200,9500
1570,200,9500
1580,200,9500
1590,200,9500
1600,200,9500
1610,200,9500
1620,200,9500
1630,200,9500
1640,200,9500
1650,200,9500
1660,200,9500
1670,200,9500
1680,200,9500
1690,200,9500
1700,200,9500
1400,210,9500
1410,210,9500
1420,210,9500
1430,210,9500
1440,210,9500
1450,210,9500
1460,210,9500
1470,210,9500
1480,210,9500
1490,210,9500
1500,210,9500
1510,210,9500
1520,210,9500
1530,210,9500
1540,210,9500
1550,210,9500
1560,210,9500
1570,210,9500
1580,210,9500
1590,210,9500
1600,210,9500
1610,210,9500
1620,210,9500
1630,210,9500
1640,210,9500
1650,210,9500
1660,210,9500
1670,210,9500
1680,210,9500
1690,210,9500
1700,210,9500
1400,220,9500
1410,220,9500
1420,220,9500
1430,220,9500
1440,220,9500
1450,220,9500
1460,220,9500
1470,220,9500
1480,220,9500
1490,220,9500
1500,220,9500
1510,220,9500
1520,220,9500
1530,220,9500
1540,220,9500
1550,220,9500
1560,220,9500
1570,220,9500
1580,220,9500
1590,220,9500
1600,220,9500
1610,220,9500
1620,220,9500
1630,220,9500
1640,220,9500
1650,220,9500
1660,220,9500
1670,220,9500
1680,220,9500
1690,220,9500
1700,220,9500
1400,230,9500
1410,230,9500
1420,230,9500
1430,230,9500
1440,230,9500
1450,230,9500
1460,230,9500
1470,230,9500
1480,230,9500
1490,230,9500
1500,230,9500
1510,230,9500
1520,230,9500
1530,230,9500
1540,230,9500
1550,230,9500
1560,230,9500
1570,230,9500
1580,230,9500
1590,230,9500
1600,230,9500
1610,230,9500
1620,230,9500
1630,230,9500
1640,230,9500
1650,230,9500
1660,230,9500
1670,230,9500
1680,230,9500
1690,230,9500
1700,230,9500
1400,240,9500
1410,240,9500
1420,240,9500
1430,240,9500
1440,240,9500
1450,240,9500
1460,240,9500
1470,240,9500
1480,240,9500
1490,240,9500
1500,240,9500
1510,240,9500
1520,240,9500
1530,240,9500
1540,240,9500
1550,240,9500
1560,240,9500
1570,240,9500
1580,240,9500
1590,240,9500
1600,240,9500
1610,240,9500
1620,240,9500
1630,240,9500
1640,240,9500
1650,240,9500
1660,240,9500
1670,240,9500
1680,240,9500
1690,240,9500
1700,240,9500
1400,250,9500
1410,250,9500
1420,250,9500
1430,250,9500
1440,250,9500
1450,250,9500
1460,250,9500
1470,250,9500
1480,250,9500
1490,250,9500
1500,250,9500
1510,250,9500
1520,250,9500
1530,250,9500
1540,250,9500
1550,250,9500
1560,250,9500
1570,250,9500
1580,250,9500
1590,250,9500
1600,250,9500
1610,250,9500
1620,250,9500
1630,250,9500
1640,250,9500
1650,250,9500
1660,250,9500
1670,250,9500
1680,250,9500
1690,250,9500
1700,250,9500
1400,50,9750
1410,50,9750
1420,50,9750
1430,50,9750
1440,50,9750
1450,50,9750
1460,50,9750
1470,50,9750
1480,50,9750
1490,50,9750
1500,50,9750
1510,50,9750
1520,50,9750
1530,50,9750
1540,50,9750
1550,50,9750
1560,50,9750
1570,50,9750
1580,50,9750
1590,50,9750
1600,50,9750
1610,50,9750
1620,50,9750
1630,50,9750
1640,50,9750
1650,50,9750
1660,50,9750
1670,50,9750
1680,50,9750
1690,50,9750
1700,50,9750
1400,60,9750
1410,60,9750
1420,60,9750
1430,60,9750
1440,60,9750
1450,60,9750
1460,60,9750
1470,60,9750
1480,60,9750
1490,60,9750
1500,60,9750
1510,60,9750
1520,60,9750
1530,60,9750
1540,60,9750
1550,60,9750
1560,60,9750
1570,60,9750
1580,60,9750
1590,60,9750
1600,60,9750
1610,60,9750
1620,60,9750
1630,60,9750
1640,60,9750
1650,60,9750
1660,60,9750
1670,60,9750
1680,60,9750
1690,60,9750
1700,60,9750
1400,70,9750
1410,70,9750
1420,70,9750
1430,70,9750
1440,70,9750
1450,70,9750
1460,70,9750
1470,70,9750
1480,70,9750
1490,70,9750
1500,70,9750
1510,70,9750
1520,70,9750
1530,70,9750
1540,70,9750
1550,70,9750
1560,70,9750
1570,70,9750
1580,70,9750
1590,70,9750
1600,70,9750
1610,70,9750
1620,70,9750
1630,70,9750
1640,70,9750
1650,70,9750
1660,70,9750
1670,70,9750
1680,70,9750
1690,70,9750
1700,70,9750
1400,80,9750
1410,80,9750
1420,80,9750
1430,80,9750
1440,80,9750
1450,80,9750
1460,80,9750
1470,80,9750
1480,80,9750
1490,80,9750
1500,80,9750
1510,80,9750
1520,80,9750
1530,80,9750
1540,80,9750
1550,80,9750
1560,80,9750
1570,80,9750
1580,80,9750
1590,80,9750
1600,80,9750
1610,80,9750
1620,80,9750
1630,80,9750
1640,80,9750
1650,80,9750
1660,80,9750
1670,80,9750
1680,80,9750
1690,80,9750
1700,80,9750
1400,90,9750
1410,90,9750
1420,90,9750
1430,90,9750
1440,90,9750
1450,90,9750
1460,90,9750
1470,90,9750
1480,90,9750
1490,90,9750
1500,90,9750
1510,90,9750
1520,90,9750
1530,90,9750
1540,90,9750
1550,90,9750
1560,90,9750
1570,90,9750
1580,90,9750
1590,90,9750
1600,90,9750
1610,90,9750
1620,90,9750
1630,90,9750
1640,90,9750
1650,90,9750
1660,90,9750
1670,90,9750
1680,90,9750
1690,90,9750
1700,90,9750
1400,100,9750
1410,100,9750
1420,100,9750
1430,100,9750
1440,100,9750
1450,100,9750
1460,100,9750
1470,100,9750
1480,100,9750
1490,100,9750
1500,100,9750
1510,100,9750
1520,100,9750
1530,100,9750
1540,100,9750
1550,100,9750
1560,100,9750
1570,100,9750
1580,100,9750
1590,100,9750
1600,100,9750
1610,100,9750
1620,100,9750
1630,100,9750
1640,100,9750
1650,100,9750
1660,100,9750
1670,100,9750
1680,100,9750
1690,100,9750
1700,100,9750
1400,110,9750
1410,110,9750
1420,110,9750
1430,110,9750
1440,110,9750
1450,110,9750
1460,110,9750
1470,110,9750
1480,110,9750
1490,110,9750
1500,110,9750
1510,110,9750
1520,110,9750
1530,110,9750
1540,110,9750
1550,110,9750
1560,110,9750
1570,110,9750
1580,110,9750
1590,110,9750
1600,110,9750
1610,110,9750
1620,110,9750
1630,110,9750
1640,110,9750
1650,110,9750
1660,110,9750
1670,110,9750
1680,110,9750
1690,110,9750
1700,110,9750
1400,120,9750
1410,120,9750
1420,120,9750
1430,120,9750
1440,120,9750
1450,120,9750
1460,120,9750
1470,120,9750
1480,120,9750
1490,120,9750
1500,120,9750
1510,120,9750
1520,120,9750
1530,120,9750
1540,120,9750
1550,120,9750
1560,120,9750
1570,120,9750
1580,120,9750
1590,120,9750
1600,120,9750
1610,120,9750
1620,120,9750
1630,120,9750
1640,120,9750
1650,120,9750
1660,120,9750
1670,120,9750
1680,120,9750
1690,120,9750
1700,120,9750
1400,130,9750
1410,130,9750
1420,130,9750
1430,130,9750
1440,130,9750
1450,130,9750
1460,130,9750
1470,130,9750
1480,130,9750
1490,130,9750
1500,130,9750
1510,130,9750
1520,130,9750
1530,130,9750
1540,130,9750
1550,130,9750
1560,130,9750
1570,130,9750
1580,130,9750
1590,130,9750
1600,130,9750
1610,130,9750
1620,130,9750
1630,130,9750
1640,130,9750
1650,130,9750
1660,130,9750
1670,130,9750
1680,130,9750
1690,130,9750
1700,130,9750
1400,140,9750
1410,140,9750
1420,140,9750
1430,140,9750
1440,140,9750
1450,140,9750
1460,140,9750
1470,140,9750
1480,140,9750
1490,140,9750
1500,140,9750
1510,140,9750
1520,140,9750
1530,140,9750
1540,140,9750
1550,140,9750
1560,140,9750
1570,140,9750
1580,140,9750
1590,140,9750
1600,140,9750
1610,140,9750
1620,140,9750
1630,140,9750
1640,140,9750
1650,140,9750
1660,140,9750
1670,140,9750
1680,140,9750
1690,140,9750
1700,140,9750
1400,150,9750
1410,150,9750
1420,150,9750
1430,150,9750
1440,150,9750
1450,150,9750
1460,150,9750
1470,150,9750
1480,150,9750
1490,150,9750
1500,150,9750
1510,150,9750
1520,150,9750
1530,150,9750
1540,150,9750
1550,150,9750
1560,150,9750
1570,150,9750
1580,150,9750
1590,150,9750
1600,150,9750
1610,150,9750
1620,150,9750
1630,150,9750
1640,150,9750
1650,150,9750
1660,150,9750
1670,150,9750
1680,150,9750
1690,150,9750
1700,150,9750
1400,160,9750
1410,160,9750
1420,160,9750
1430,160,9750
1440,160,9750
1450,160,9750
1460,160,9750
1470,160,9750
1480,160,9750
1490,160,9750
1500,160,9750
1510,160,9750
1520,160,9750
1530,160,9750
1540,160,9750
1550,160,9750
1560,160,9750
1570,160,9750
1580,160,9750
1590,160,9750
1600,160,9750
1610,160,9750
1620,160,9750
1630,160,9750
1640,160,9750
1650,160,9750
1660,160,9750
1670,160,9750
1680,160,9750
1690,160,9750
1700,160,9750
1400,170,9750
1410,170,9750
1420,170,9750
1430,170,9750
1440,170,9750
1450,170,9750
1460,170,9750
1470,170,9750
1480,170,9750
1490,170,9750
1500,170,9750
1510,170,9750
1520,170,9750
1530,170,9750
1540,170,9750
1550,170,9750
1560,170,9750
1570,170,9750
1580,170,9750
1590,170,9750
1600,170,9750
1610,170,9750
1620,170,9750
1630,170,9750
1640,170,9750
1650,170,9750
1660,170,9750
1670,170,9750
1680,170,9750
1690,170,9750
1700,170,9750
1400,180,9750
1410,180,9750
1420,180,9750
1430,180,9750
1440,180,9750
1450,180,9750
1460,180,9750
1470,180,9750
1480,180,9750
1490,180,9750
1500,180,9750
1510,180,9750
1520,180,9750
1530,180,9750
1540,180,9750
1550,180,9750
1560,180,9750
1570,180,9750
1580,180,9750
1590,180,9750
1600,180,9750
1610,180,9750
1620,180,9750
1630,180,9750
1640,180,9750
1650,180,9750
1660,180,9750
1670,180,9750
1680,180,9750
1690,180,9750
1700,180,9750
1400,190,9750
1410,190,9750
1420,190,9750
1430,190,9750
1440,190,9750
1450,190,9750
1460,190,9750
1470,190,9750
1480,190,9750
1490,190,9750
1500,190,9750
1510,190,9750
1520,190,9750
1530,190,9750
1540,190,9750
1550,190,9750
1560,190,9750
1570,190,9750
1580,190,9750
1590,190,9750
1600,190,9750
1610,190,9750
1620,190,9750
1630,190,9750
1640,190,9750
1650,190,9750
1660,190,9750
1670,190,9750
1680,190,9750
1690,190,9750
1700,190,9750
1400,200,9750
1410,200,9750
1420,200,9750
1430,200,9750
1440,200,9750
1450,200,9750
1460,200,9750
1470,200,9750
1480,200,9750
1490,200,9750
1500,200,9750
1510,200,9750
1520,200,9750
1530,200,9750
1540,200,9750
1550,200,9750
1560,200,9750
1570,200,9750
1580,200,9750
1590,200,9750
1600,200,9750
1610,200,9750
1620,200,9750
1630,200,9750
1640,200,9750
1650,200,9750
1660,200,9750
1670,200,9750
1680,200,9750
1690,200,9750
1700,200,9750
1400,210,9750
1410,210,9750
1420,210,9750
1430,210,9750
1440,210,9750
1450,210,9750
1460,210,9750
1470,210,9750
1480,210,9750
1490,210,9750
1500,210,9750
1510,210,9750
1520,210,9750
1530,210,9750
1540,210,9750
1550,210,9750
1560,210,9750
1570,210,9750
1580,210,9750
1590,210,9750
1600,210,9750
1610,210,9750
1620,210,9750
1630,210,9750
1640,210,9750
1650,210,9750
1660,210,9750
1670,210,9750
1680,210,9750
1690,210,9750
1700,210,9750
1400,220,9750
1410,220,9750
1420,220,9750
1430,220,9750
1440,220,9750
1450,220,9750
1460,220,9750
1470,220,9750
1480,220,9750
1490,220,9750
1500,220,9750
1510,220,9750
1520,220,9750
1530,220,9750
1540,220,9750
1550,220,9750
1560,220,9750
1570,220,9750
1580,220,9750
1590,220,9750
1600,220,9750
1610,220,9750
1620,220,9750
1630,220,9750
1640,220,9750
1650,220,9750
1660,220,9750
1670,220,9750
1680,220,9750
1690,220,9750
1700,220,9750
1400,230,9750
1410,230,9750
1420,230,9750
1430,230,9750
1440,230,9750
1450,230,9750
1460,230,9750
1470,230,9750
1480,230,9750
1490,230,9750
1500,230,9750
1510,230,9750
1520,230,9750
1530,230,9750
1540,230,9750
1550,230,9750
1560,230,9750
1570,230,9750
1580,230,9750
1590,230,9750
1600,230,9750
1610,230,9750
1620,230,9750
1630,230,9750
1640,230,9750
1650,230,9750
1660,230,9750
1670,230,9750
1680,230,9750
1690,230,9750
1700,230,9750
1400,240,9750
1410,240,9750
1420,240,9750
1430,240,9750
1440,240,9750
1450,240,9750
1460,240,9750
1470,240,9750
1480,240,9750
1490,240,9750
1500,240,9750
1510,240,9750
1520,240,9750
1530,240,9750
1540,240,9750
1550,240,9750
1560,240,9750
1570,240,9750
1580,240,9750
1590,240,9750
1600,240,9750
1610,240,9750
1620,240,9750
1630,240,9750
1640,240,9750
1650,240,9750
1660,240,9750
1670,240,9750
1680,240,9750
1690,240,9750
1700,240,9750
1400,250,9750
1410,250,9750
1420,250,9750
1430,250,9750
1440,250,9750
1450,250,9750
1460,250,9750
1470,250,9750
1480,250,9750
1490,250,9750
1500,250,9750
1510,250,9750
1520,250,9750
1530,250,9750
1540,250,9750
1550,250,9750
1560,250,9750
1570,250,9750
1580,250,9750
1590,250,9750
1600,250,9750
1610,250,9750
1620,250,9750
1630,250,9750
1640,250,9750
1650,250,9750
1660,250,9750
1670,250,9750
1680,250,9750
1690,250,9750
1700,250,9750
1400,50,10000
1410,50,10000
1420,50,10000
1430,50,10000
1440,50,10000
1450,50,10000
1460,50,10000
1470,50,10000
1480,50,10000
1490,50,10000
1500,50,10000
1510,50,10000
1520,50,10000
1530,50,10000
1540,50,10000
1550,50,10000
1560,50,10000
1570,50,10000
1580,50,10000
1590,50,10000
1600,50,10000
1610,50,10000
1620,50,10000
1630,50,10000
1640,50,10000
1650,50,10000
1660,50,10000
1670,50,10000
1680,50,10000
1690,50,10000
1700,50,10000
1400,60,10000
1410,60,10000
1420,60,10000
1430,60,10000
1440,60,10000
1450,60,10000
1460,60,10000
1470,60,10000
1480,60,10000
1490,60,10000
1500,60,10000
1510,60,10000
1520,60,10000
1530,60,10000
1540,60,10000
1550,60,10000
1560,60,10000
1570,60,10000
1580,60,10000
1590,60,10000
1600,60,10000
1610,60,10000
1620,60,10000
1630,60,10000
1640,60,10000
1650,60,10000
1660,60,10000
1670,60,10000
1680,60,10000
1690,60,10000
1700,60,10000
1400,70,10000
1410,70,10000
1420,70,10000
1430,70,10000
1440,70,10000
1450,70,10000
1460,70,10000
1470,70,10000
1480,70,10000
1490,70,10000
1500,70,10000
1510,70,10000
1520,70,10000
1530,70,10000
1540,70,10000
1550,70,10000
1560,70,10000
1570,70,10000
1580,70,10000
1590,70,10000
1600,70,10000
1610,70,10000
1620,70,10000
1630,70,10000
1640,70,10000
1650,70,10000
1660,70,10000
1670,70,10000
1680,70,10000
1690,70,10000
1700,70,10000
1400,80,10000
1410,80,10000
1420,80,10000
1430,80,10000
1440,80,10000
1450,80,10000
1460,80,10000
1470,80,10000
1480,80,10000
1490,80,10000
1500,80,10000
1510,80,10000
1520,80,10000
1530,80,10000
1540,80,10000
1550,80,10000
1560,80,10000
1570,80,10000
1580,80,10000
1590,80,10000
1600,80,10000
1610,80,10000
1620,80,10000
1630,80,10000
1640,80,10000
1650,80,10000
1660,80,10000
1670,80,10000
1680,80,10000
1690,80,10000
1700,80,10000
1400,90,10000
1410,90,10000
1420,90,10000
1430,90,10000
1440,90,10000
1450,90,10000
1460,90,10000
1470,90,10000
1480,90,10000
1490,90,10000
1500,90,10000
1510,90,10000
1520,90,10000
1530,90,10000
1540,90,10000
1550,90,10000
1560,90,10000
1570,90,10000
1580,90,10000
1590,90,10000
1600,90,10000
1610,90,10000
1620,90,10000
1630,90,10000
1640,90,10000
1650,90,10000
1660,90,10000
1670,90,10000
1680,90,10000
1690,90,10000
1700,90,10000
1400,100,10000
1410,100,10000
1420,100,10000
1430,100,10000
1440,100,10000
1450,100,10000
1460,100,10000
1470,100,10000
1480,100,10000
1490,100,10000
1500,100,10000
1510,100,10000
1520,100,10000
1530,100,10000
1540,100,10000
1550,100,10000
1560,100,10000
1570,100,10000
1580,100,10000
1590,100,10000
1600,100,10000
1610,100,10000
1620,100,10000
1630,100,10000
1640,100,10000
1650,100,10000
1660,100,10000
1670,100,10000
1680,100,10000
1690,100,10000
1700,100,10000
1400,110,10000
1410,110,10000
1420,110,10000
1430,110,10000
1440,110,10000
1450,110,10000
1460,110,10000
1470,110,10000
1480,110,10000
1490,110,10000
1500,110,10000
1510,110,10000
1520,110,10000
1530,110,10000
1540,110,10000
1550,110,10000
1560,110,10000
1570,110,10000
1580,110,10000
1590,110,10000
1600,110,10000
1610,110,10000
1620,110,10000
1630,110,10000
1640,110,10000
1650,110,10000
1660,110,10000
1670,110,10000
1680,110,10000
1690,110,10000
1700,110,10000
1400,120,10000
1410,120,10000
1420,120,10000
1430,120,10000
1440,120,10000
1450,120,10000
1460,120,10000
1470,120,10000
1480,120,10000
1490,120,10000
1500,120,10000
1510,120,10000
1520,120,10000
1530,120,10000
1540,120,10000
1550,120,10000
1560,120,10000
1570,120,10000
1580,120,10000
1590,120,10000
1600,120,10000
1610,120,10000
1620,120,10000
1630,120,10000
1640,120,10000
1650,120,10000
1660,120,10000
1670,120,10000
1680,120,10000
1690,120,10000
1700,120,10000
1400,130,10000
1410,130,10000
1420,130,10000
1430,130,10000
1440,130,10000
1450,130,10000
1460,130,10000
1470,130,10000
1480,130,10000
1490,130,10000
1500,130,10000
1510,130,10000
1520,130,10000
1530,130,10000
1540,130,10000
1550,130,10000
1560,130,10000
1570,130,10000
1580,130,10000
1590,130,10000
1600,130,10000
1610,130,10000
1620,130,10000
1630,130,10000
1640,130,10000
1650,130,10000
1660,130,10000
1670,130,10000
1680,130,10000
1690,130,10000
1700,130,10000
1400,140,10000
1410,140,10000
1420,140,10000
1430,140,10000
1440,140,10000
1450,140,10000
1460,140,10000
1470,140,10000
1480,140,10000
1490,140,10000
1500,140,10000
1510,140,10000
1520,140,10000
1530,140,10000
1540,140,10000
1550,140,10000
1560,140,10000
1570,140,10000
1580,140,10000
1590,140,10000
1600,140,10000
1610,140,10000
1620,140,10000
1630,140,10000
1640,140,10000
1650,140,10000
1660,140,10000
1670,140,10000
1680,140,10000
1690,140,10000
1700,140,10000
1400,150,10000
1410,150,10000
1420,150,10000
1430,150,10000
1440,150,10000
1450,150,10000
1460,150,10000
1470,150,10000
1480,150,10000
1490,150,10000
1500,150,10000
1510,150,10000
1520,150,10000
1530,150,10000
1540,150,10000
1550,150,10000
1560,150,10000
1570,150,10000
1580,150,10000
1590,150,10000
1600,150,10000
1610,150,10000
1620,150,10000
1630,150,10000
1640,150,10000
1650,150,10000
1660,150,10000
1670,150,10000
1680,150,10000
1690,150,10000
1700,150,10000
1400,160,10000
1410,160,10000
1420,160,10000
1430,160,10000
1440,160,10000
1450,160,10000
1460,160,10000
1470,160,10000
1480,160,10000
1490,160,10000
1500,160,10000
1510,160,10000
1520,160,10000
1530,160,10000
1540,160,10000
1550,160,10000
1560,160,10000
1570,160,10000
1580,160,10000
1590,160,10000
1600,160,10000
1610,160,10000
1620,160,10000
1630,160,10000
1640,160,10000
1650,160,10000
1660,160,10000
1670,160,10000
1680,160,10000
1690,160,10000
1700,160,10000
1400,170,10000
1410,170,10000
1420,170,10000
1430,170,10000
1440,170,10000
1450,170,10000
1460,170,10000
1470,170,10000
1480,170,10000
1490,170,10000
1500,170,10000
1510,170,10000
1520,170,10000
1530,170,10000
1540,170,10000
1550,170,10000
1560,170,10000
1570,170,10000
1580,170,10000
1590,170,10000
1600,170,10000
1610,170,10000
1620,170,10000
1630,170,10000
1640,170,10000
1650,170,10000
1660,170,10000
1670,170,10000
1680,170,10000
1690,170,10000
1700,170,10000
1400,180,10000
1410,180,10000
1420,180,10000
1430,180,10000
1440,180,10000
1450,180,10000
1460,180,10000
1470,180,10000
1480,180,10000
1490,180,10000
1500,180,10000
1510,180,10000
1520,180,10000
1530,180,10000
1540,180,10000
1550,180,10000
1560,180,10000
1570,180,10000
1580,180,10000
1590,180,10000
1600,180,10000
1610,180,10000
1620,180,10000
1630,180,10000
1640,180,10000
1650,180,10000
1660,180,10000
1670,180,10000
1680,180,10000
1690,180,10000
1700,180,10000
1400,190,10000
1410,190,10000
1420,190,10000
1430,190,10000
1440,190,10000
1450,190,10000
1460,190,10000
1470,190,10000
1480,190,10000
1490,190,10000
1500,190,10000
1510,190,10000
1520,190,10000
1530,190,10000
1540,190,10000
1550,190,10000
1560,190,10000
1570,190,10000
1580,190,10000
1590,190,10000
1600,190,10000
1610,190,10000
1620,190,10000
1630,190,10000
1640,190,10000
1650,190,10000
1660,190,10000
1670,190,10000
1680,190,10000
1690,190,10000
1700,190,10000
1400,200,10000
1410,200,10000
1420,200,10000
1430,200,10000
1440,200,10000
1450,200,10000
1460,200,10000
1470,200,10000
1480,200,10000
1490,200,10000
1500,200,10000
1510,200,10000
1520,200,10000
1530,200,10000
1540,200,10000
1550,200,10000
1560,200,10000
1570,200,10000
1580,200,10000
1590,200,10000
1600,200,10000
1610,200,10000
1620,200,10000
1630,200,10000
1640,200,10000
1650,200,10000
1660,200,10000
1670,200,10000
1680,200,10000
1690,200,10000
1700,200,10000
1400,210,10000
1410,210,10000
1420,210,10000
1430,210,10000
1440,210,10000
1450,210,10000
1460,210,10000
1470,210,10000
1480,210,10000
1490,210,10000
1500,210,10000
1510,210,10000
1520,210,10000
1530,210,10000
1540,210,10000
1550,210,10000
1560,210,10000
1570,210,10000
1580,210,10000
1590,210,10000
1600,210,10000
1610,210,10000
1620,210,10000
1630,210,10000
1640,210,10000
1650,210,10000
1660,210,10000
1670,210,10000
1680,210,10000
1690,210,10000
1700,210,10000
1400,220,10000
1410,220,10000
1420,220,10000
1430,220,10000
1440,220,10000
1450,220,10000
1460,220,10000
1470,220,10000
1480,220,10000
1490,220,10000
1500,220,10000
1510,220,10000
1520,220,10000
1530,220,10000
1540,220,10000
1550,220,10000
1560,220,10000
1570,220,10000
1580,220,10000
1590,220,10000
1600,220,10000
1610,220,10000
1620,220,10000
1630,220,10000
1640,220,10000
1650,220,10000
1660,220,10000
1670,220,10000
1680,220,10000
1690,220,10000
1700,220,10000
1400,230,10000
1410,230,10000
1420,230,10000
1430,230,10000
1440,230,10000
1450,230,10000
1460,230,10000
1470,230,10000
1480,230,10000
1490,230,10000
1500,230,10000
1510,230,10000
1520,230,10000
1530,230,10000
1540,230,10000
1550,230,10000
1560,230,10000
1570,230,10000
1580,230,10000
1590,230,10000
1600,230,10000
1610,230,10000
1620,230,10000
1630,230,10000
1640,230,10000
1650,230,10000
1660,230,10000
1670,230,10000
1680,230,10000
1690,230,10000
1700,230,10000
1400,240,10000
1410,240,10000
1420,240,10000
1430,240,10000
1440,240,10000
1450,240,10000
1460,240,10000
1470,240,10000
1480,240,10000
1490,240,10000
1500,240,10000
1510,240,10000
1520,240,10000
1530,240,10000
1540,240,10000
1550,240,10000
1560,240,10000
1570,240,10000
1580,240,10000
1590,240,10000
1600,240,10000
1610,240,10000
1620,240,10000
1630,240,10000
1640,240,10000
1650,240,10000
1660,240,10000
1670,240,10000
1680,240,10000
1690,240,10000
1700,240,10000
1400,250,10000
1410,250,10000
1420,250,10000
1430,250,10000
1440,250,10000
1450,250,10000
1460,250,10000
1470,250,10000
1480,250,10000
1490,250,10000
1500,250,10000
1510,250,10000
1520,250,10000
1530,250,10000
1540,250,10000
1550,250,10000
1560,250,10000
1570,250,10000
1580,250,10000
1590,250,10000
1600,250,10000
1610,250,10000
1620,250,10000
1630,250,10000
1640,250,10000
1650,250,10000
1660,250,10000
1670,250,10000
1680,250,10000
1690,250,10000
1700,250,10000
1400,50,10250
1410,50,10250
1420,50,10250
1430,50,10250
1440,50,10250
1450,50,10250
1460,50,10250
1470,50,10250
1480,50,10250
1490,50,10250
1500,50,10250
1510,50,10250
1520,50,10250
1530,50,10250
1540,50,10250
1550,50,10250
1560,50,10250
1570,50,10250
1580,50,10250
1590,50,10250
1600,50,10250
1610,50,10250
1620,50,10250
1630,50,10250
1640,50,10250
1650,50,10250
1660,50,10250
1670,50,10250
1680,50,10250
1690,50,10250
1700,50,10250
1400,60,10250
1410,60,10250
1420,60,10250
1430,60,10250
1440,60,10250
1450,60,10250
1460,60,10250
1470,60,10250
1480,60,10250
1490,60,10250
1500,60,10250
1510,60,10250
1520,60,10250
1530,60,10250
1540,60,10250
1550,60,10250
1560,60,10250
1570,60,10250
1580,60,10250
1590,60,10250
1600,60,10250
1610,60,10250
1620,60,10250
1630,60,10250
1640,60,10250
1650,60,10250
1660,60,10250
1670,60,10250
1680,60,10250
1690,60,10250
1700,60,10250
1400,70,10250
1410,70,10250
1420,70,10250
1430,70,10250
1440,70,10250
1450,70,10250
1460,70,10250
1470,70,10250
1480,70,10250
1490,70,10250
1500,70,10250
1510,70,10250
1520,70,10250
1530,70,10250
1540,70,10250
1550,70,10250
1560,70,10250
1570,70,10250
1580,70,10250
1590,70,10250
1600,70,10250
1610,70,10250
1620,70,10250
1630,70,10250
1640,70,10250
1650,70,10250
1660,70,10250
1670,70,10250
1680,70,10250
1690,70,10250
1700,70,10250
1400,80,10250
1410,80,10250
1420,80,10250
1430,80,10250
1440,80,10250
1450,80,10250
1460,80,10250
1470,80,10250
1480,80,10250
1490,80,10250
1500,80,10250
1510,80,10250
1520,80,10250
1530,80,10250
1540,80,10250
1550,80,10250
1560,80,10250
1570,80,10250
1580,80,10250
1590,80,10250
1600,80,10250
1610,80,10250
1620,80,10250
1630,80,10250
1640,80,10250
1650,80,10250
1660,80,10250
1670,80,10250
1680,80,10250
1690,80,10250
1700,80,10250
1400,90,10250
1410,90,10250
1420,90,10250
1430,90,10250
1440,90,10250
1450,90,10250
1460,90,10250
1470,90,10250
1480,90,10250
1490,90,10250
1500,90,10250
1510,90,10250
1520,90,10250
1530,90,10250
1540,90,10250
1550,90,10250
1560,90,10250
1570,90,10250
1580,90,10250
1590,90,10250
1600,90,10250
1610,90,10250
1620,90,10250
1630,90,10250
1640,90,10250
1650,90,10250
1660,90,10250
1670,90,10250
1680,90,10250
1690,90,10250
1700,90,10250
1400,100,10250
1410,100,10250
1420,100,10250
1430,100,10250
1440,100,10250
1450,100,10250
1460,100,10250
1470,100,10250
1480,100,10250
1490,100,10250
1500,100,10250
1510,100,10250
1520,100,10250
1530,100,10250
1540,100,10250
1550,100,10250
1560,100,10250
1570,100,10250
1580,100,10250
1590,100,10250
1600,100,10250
1610,100,10250
1620,100,10250
1630,100,10250
1640,100,10250
1650,100,10250
1660,100,10250
1670,100,10250
1680,100,10250
1690,100,10250
1700,100,10250
1400,110,10250
1410,110,10250
1420,110,10250
1430,110,10250
1440,110,10250
1450,110,10250
1460,110,10250
1470,110,10250
1480,110,10250
1490,110,10250
1500,110,10250
1510,110,10250
1520,110,10250
1530,110,10250
1540,110,10250
1550,110,10250
1560,110,10250
1570,110,10250
1580,110,10250
1590,110,10250
1600,110,10250
1610,110,10250
1620,110,10250
1630,110,10250
1640,110,10250
1650,110,10250
1660,110,10250
1670,110,10250
1680,110,10250
1690,110,10250
1700,110,10250
1400,120,10250
1410,120,10250
1420,120,10250
1430,120,10250
1440,120,10250
1450,120,10250
1460,120,10250
1470,120,10250
1480,120,10250
1490,120,10250
1500,120,10250
1510,120,10250
1520,120,10250
1530,120,10250
1540,120,10250
1550,120,10250
1560,120,10250
1570,120,10250
1580,120,10250
1590,120,10250
1600,120,10250
1610,120,10250
1620,120,10250
1630,120,10250
1640,120,10250
1650,120,10250
1660,120,10250
1670,120,10250
1680,120,10250
1690,120,10250
1700,120,10250
1400,130,10250
1410,130,10250
1420,130,10250
1430,130,10250
1440,130,10250
1450,130,10250
1460,130,10250
1470,130,10250
1480,130,10250
1490,130,10250
1500,130,10250
1510,130,10250
1520,130,10250
1530,130,10250
1540,130,10250
1550,130,10250
1560,130,10250
1570,130,10250
1580,130,10250
1590,130,10250
1600,130,10250
1610,130,10250
1620,130,10250
1630,130,10250
1640,130,10250
1650,130,10250
1660,130,10250
1670,130,10250
1680,130,10250
1690,130,10250
1700,130,10250
1400,140,10250
1410,140,10250
1420,140,10250
1430,140,10250
1440,140,10250
1450,140,10250
1460,140,10250
1470,140,10250
1480,140,10250
1490,140,10250
1500,140,10250
1510,140,10250
1520,140,10250
1530,140,10250
1540,140,10250
1550,140,10250
1560,140,10250
1570,140,10250
1580,140,10250
1590,140,10250
1600,140,10250
1610,140,10250
1620,140,10250
1630,140,10250
1640,140,10250
1650,140,10250
1660,140,10250
1670,140,10250
1680,140,10250
1690,140,10250
1700,140,10250
1400,150,10250
1410,150,10250
1420,150,10250
1430,150,10250
1440,150,10250
1450,150,10250
1460,150,10250
1470,150,10250
1480,150,10250
1490,150,10250
1500,150,10250
1510,150,10250
1520,150,10250
1530,150,10250
1540,150,10250
1550,150,10250
1560,150,10250
1570,150,10250
1580,150,10250
1590,150,10250
1600,150,10250
1610,150,10250
1620,150,10250
1630,150,10250
1640,150,10250
1650,150,10250
1660,150,10250
1670,150,10250
1680,150,10250
1690,150,10250
1700,150,10250
1400,160,10250
1410,160,10250
1420,160,10250
1430,160,10250
1440,160,10250
1450,160,10250
1460,160,10250
1470,160,10250
1480,160,10250
1490,160,10250
1500,160,10250
1510,160,10250
1520,160,10250
1530,160,10250
1540,160,10250
1550,160,10250
1560,160,10250
1570,160,10250
1580,160,10250
1590,160,10250
1600,160,10250
1610,160,10250
1620,160,10250
1630,160,10250
1640,160,10250
1650,160,10250
1660,160,10250
1670,160,10250
1680,160,10250
1690,160,10250
1700,160,10250
1400,170,10250
1410,170,10250
1420,170,10250
1430,170,10250
1440,170,10250
1450,170,10250
1460,170,10250
1470,170,10250
1480,170,10250
1490,170,10250
1500,170,10250
1510,170,10250
1520,170,10250
1530,170,10250
1540,170,10250
1550,170,10250
1560,170,10250
1570,170,10250
1580,170,10250
1590,170,10250
1600,170,10250
1610,170,10250
1620,170,10250
1630,170,10250
1640,170,10250
1650,170,10250
1660,170,10250
1670,170,10250
1680,170,10250
1690,170,10250
1700,170,10250
1400,180,10250
1410,180,10250
1420,180,10250
1430,180,10250
1440,180,10250
1450,180,10250
1460,180,10250
1470,180,10250
1480,180,10250
1490,180,10250
1500,180,10250
1510,180,10250
1520,180,10250
1530,180,10250
1540,180,10250
1550,180,10250
1560,180,10250
1570,180,10250
1580,180,10250
1590,180,10250
1600,180,10250
1610,180,10250
1620,180,10250
1630,180,10250
1640,180,10250
1650,180,10250
1660,180,10250
1670,180,10250
1680,180,10250
1690,180,10250
1700,180,10250
1400,190,10250
1410,190,10250
1420,190,10250
1430,190,10250
1440,190,10250
1450,190,10250
1460,190,10250
1470,190,10250
1480,190,10250
1490,190,10250
1500,190,10250
1510,190,10250
1520,190,10250
1530,190,10250
1540,190,10250
1550,190,10250
1560,190,10250
1570,190,10250
1580,190,10250
1590,190,10250
1600,190,10250
1610,190,10250
1620,190,10250
1630,190,10250
1640,190,10250
1650,190,10250
1660,190,10250
1670,190,10250
1680,190,10250
1690,190,10250
1700,190,10250
1400,200,10250
1410,200,10250
1420,200,10250
1430,200,10250
1440,200,10250
1450,200,10250
1460,200,10250
1470,200,10250
1480,200,10250
1490,200,10250
1500,200,10250
1510,200,10250
1520,200,10250
1530,200,10250
1540,200,10250
1550,200,10250
1560,200,10250
1570,200,10250
1580,200,10250
1590,200,10250
1600,200,10250
1610,200,10250
1620,200,10250
1630,200,10250
1640,200,10250
1650,200,10250
1660,200,10250
1670,200,10250
1680,200,10250
1690,200,10250
1700,200,10250
1400,210,10250
1410,210,10250
1420,210,10250
1430,210,10250
1440,210,10250
1450,210,10250
1460,210,10250
1470,210,10250
1480,210,10250
1490,210,10250
1500,210,10250
1510,210,10250
1520,210,10250
1530,210,10250
1540,210,10250
1550,210,10250
1560,210,10250
1570,210,10250
1580,210,10250
1590,210,10250
1600,210,10250
1610,210,10250
1620,210,10250
1630,210,10250
1640,210,10250
1650,210,10250
1660,210,10250
1670,210,10250
1680,210,10250
1690,210,10250
1700,210,10250
1400,220,10250
1410,220,10250
1420,220,10250
1430,220,10250
1440,220,10250
1450,220,10250
1460,220,10250
1470,220,10250
1480,220,10250
1490,220,10250
1500,220,10250
1510,220,10250
1520,220,10250
1530,220,10250
1540,220,10250
1550,220,10250
1560,220,10250
1570,220,10250
1580,220,10250
1590,220,10250
1600,220,10250
1610,220,10250
1620,220,10250
1630,220,10250
1640,220,10250
1650,220,10250
1660,220,10250
1670,220,10250
1680,220,10250
1690,220,10250
1700,220,10250
1400,230,10250
1410,230,10250
1420,230,10250
1430,230,10250
1440,230,10250
1450,230,10250
1460,230,10250
1470,230,10250
1480,230,10250
1490,230,10250
1500,230,10250
1510,230,10250
1520,230,10250
1530,230,10250
1540,230,10250
1550,230,10250
1560,230,10250
1570,230,10250
1580,230,10250
1590,230,10250
1600,230,10250
1610,230,10250
1620,230,10250
1630,230,10250
1640,230,10250
1650,230,10250
1660,230,10250
1670,230,10250
1680,230,10250
1690,230,10250
1700,230,10250
1400,240,10250
1410,240,10250
1420,240,10250
1430,240,10250
1440,240,10250
1450,240,10250
1460,240,10250
1470,240,10250
1480,240,10250
1490,240,10250
1500,240,10250
1510,240,10250
1520,240,10250
1530,240,10250
1540,240,10250
1550,240,10250
1560,240,10250
1570,240,10250
1580,240,10250
1590,240,10250
1600,240,10250
1610,240,10250
1620,240,10250
1630,240,10250
1640,240,10250
1650,240,10250
1660,240,10250
1670,240,10250
1680,240,10250
1690,240,10250
1700,240,10250
1400,250,10250
1410,250,10250
1420,250,10250
1430,250,10250
1440,250,10250
1450,250,10250
1460,250,10250
1470,250,10250
1480,250,10250
1490,250,10250
1500,250,10250
1510,250,10250
1520,250,10250
1530,250,10250
1540,250,10250
1550,250,10250
1560,250,10250
1570,250,10250
1580,250,10250
1590,250,10250
1600,250,10250
1610,250,10250
1620,250,10250
1630,250,10250
1640,250,10250
1650,250,10250
1660,250,10250
1670,250,10250
1680,250,10250
1690,250,10250
1700,250,10250
1400,50,10500
1410,50,10500
1420,50,10500
1430,50,10500
1440,50,10500
1450,50,10500
1460,50,10500
1470,50,10500
1480,50,10500
1490,50,10500
1500,50,10500
1510,50,10500
1520,50,10500
1530,50,10500
1540,50,10500
1550,50,10500
1560,50,10500
1570,50,10500
1580,50,10500
1590,50,10500
1600,50,10500
1610,50,10500
1620,50,10500
1630,50,10500
1640,50,10500
1650,50,10500
1660,50,10500
1670,50,10500
1680,50,10500
1690,50,10500
1700,50,10500
1400,60,10500
1410,60,10500
1420,60,10500
1430,60,10500
1440,60,10500
1450,60,10500
1460,60,10500
1470,60,10500
1480,60,10500
1490,60,10500
1500,60,10500
1510,60,10500
1520,60,10500
1530,60,10500
1540,60,10500
1550,60,10500
1560,60,10500
1570,60,10500
1580,60,10500
1590,60,10500
1600,60,10500
1610,60,10500
1620,60,10500
1630,60,10500
1640,60,10500
1650,60,10500
1660,60,10500
1670,60,10500
1680,60,10500
1690,60,10500
1700,60,10500
1400,70,10500
1410,70,10500
1420,70,10500
1430,70,10500
1440,70,10500
1450,70,10500
1460,70,10500
1470,70,10500
1480,70,10500
1490,70,10500
1500,70,10500
1510,70,10500
1520,70,10500
1530,70,10500
1540,70,10500
1550,70,10500
1560,70,10500
1570,70,10500
1580,70,10500
1590,70,10500
1600,70,10500
1610,70,10500
1620,70,10500
1630,70,10500
1640,70,10500
1650,70,10500
1660,70,10500
1670,70,10500
1680,70,10500
1690,70,10500
1700,70,10500
1400,80,10500
1410,80,10500
1420,80,10500
1430,80,10500
1440,80,10500
1450,80,10500
1460,80,10500
1470,80,10500
1480,80,10500
1490,80,10500
1500,80,10500
1510,80,10500
1520,80,10500
1530,80,10500
1540,80,10500
1550,80,10500
1560,80,10500
1570,80,10500
1580,80,10500
1590,80,10500
1600,80,10500
1610,80,10500
1620,80,10500
1630,80,10500
1640,80,10500
1650,80,10500
1660,80,10500
1670,80,10500
1680,80,10500
1690,80,10500
1700,80,10500
1400,90,10500
1410,90,10500
1420,90,10500
1430,90,10500
1440,90,10500
1450,90,10500
1460,90,10500
1470,90,10500
1480,90,10500
1490,90,10500
1500,90,10500
1510,90,10500
1520,90,10500
1530,90,10500
1540,90,10500
1550,90,10500
1560,90,10500
1570,90,10500
1580,90,10500
1590,90,10500
1600,90,10500
1610,90,10500
1620,90,10500
1630,90,10500
1640,90,10500
1650,90,10500
1660,90,10500
1670,90,10500
1680,90,10500
1690,90,10500
1700,90,10500
1400,100,10500
1410,100,10500
1420,100,10500
1430,100,10500
1440,100,10500
1450,100,10500
1460,100,10500
1470,100,10500
1480,100,10500
1490,100,10500
1500,100,10500
1510,100,10500
1520,100,10500
1530,100,10500
1540,100,10500
1550,100,10500
1560,100,10500
1570,100,10500
1580,100,10500
1590,100,10500
1600,100,10500
1610,100,10500
1620,100,10500
1630,100,10500
1640,100,10500
1650,100,10500
1660,100,10500
1670,100,10500
1680,100,10500
1690,100,10500
1700,100,10500
1400,110,10500
1410,110,10500
1420,110,10500
1430,110,10500
1440,110,10500
1450,110,10500
1460,110,10500
1470,110,10500
1480,110,10500
1490,110,10500
1500,110,10500
1510,110,10500
1520,110,10500
1530,110,10500
1540,110,10500
1550,110,10500
1560,110,10500
1570,110,10500
1580,110,10500
1590,110,10500
1600,110,10500
1610,110,10500
1620,110,10500
1630,110,10500
1640,110,10500
1650,110,10500
1660,110,10500
1670,110,10500
1680,110,10500
1690,110,10500
1700,110,10500
1400,120,10500
1410,120,10500
1420,120,10500
1430,120,10500
1440,120,10500
1450,120,10500
1460,120,10500
1470,120,10500
1480,120,10500
1490,120,10500
1500,120,10500
1510,120,10500
1520,120,10500
1530,120,10500
1540,120,10500
1550,120,10500
1560,120,10500
1570,120,10500
1580,120,10500
1590,120,10500
1600,120,10500
1610,120,10500
1620,120,10500
1630,120,10500
1640,120,10500
1650,120,10500
1660,120,10500
1670,120,10500
1680,120,10500
1690,120,10500
1700,120,10500
1400,130,10500
1410,130,10500
1420,130,10500
1430,130,10500
1440,130,10500
1450,130,10500
1460,130,10500
1470,130,10500
1480,130,10500
1490,130,10500
1500,130,10500
1510,130,10500
1520,130,10500
1530,130,10500
1540,130,10500
1550,130,10500
1560,130,10500
1570,130,10500
1580,130,10500
1590,130,10500
1600,130,10500
1610,130,10500
1620,130,10500
1630,130,10500
1640,130,10500
1650,130,10500
1660,130,10500
1670,130,10500
1680,130,10500
1690,130,10500
1700,130,10500
1400,140,10500
1410,140,10500
1420,140,10500
1430,140,10500
1440,140,10500
1450,140,10500
1460,140,10500
1470,140,10500
1480,140,10500
1490,140,10500
1500,140,10500
1510,140,10500
1520,140,10500
1530,140,10500
1540,140,10500
1550,140,10500
1560,140,10500
1570,140,10500
1580,140,10500
1590,140,10500
1600,140,10500
1610,140,10500
1620,140,10500
1630,140,10500
1640,140,10500
1650,140,10500
1660,140,10500
1670,140,10500
1680,140,10500
1690,140,10500
1700,140,10500
1400,150,10500
1410,150,10500
1420,150,10500
1430,150,10500
1440,150,10500
1450,150,10500
1460,150,10500
1470,150,10500
1480,150,10500
1490,150,10500
1500,150,10500
1510,150,10500
1520,150,10500
1530,150,10500
1540,150,10500
1550,150,10500
1560,150,10500
1570,150,10500
1580,150,10500
1590,150,10500
1600,150,10500
1610,150,10500
1620,150,10500
1630,150,10500
1640,150,10500
1650,150,10500
1660,150,10500
1670,150,10500
1680,150,10500
1690,150,10500
1700,150,10500
1400,160,10500
1410,160,10500
1420,160,10500
1430,160,10500
1440,160,10500
1450,160,10500
1460,160,10500
1470,160,10500
1480,160,10500
1490,160,10500
1500,160,10500
1510,160,10500
1520,160,10500
1530,160,10500
1540,160,10500
1550,160,10500
1560,160,10500
1570,160,10500
1580,160,10500
1590,160,10500
1600,160,10500
1610,160,10500
1620,160,10500
1630,160,10500
1640,160,10500
1650,160,10500
1660,160,10500
1670,160,10500
1680,160,10500
1690,160,10500
1700,160,10500
1400,170,10500
1410,170,10500
1420,170,10500
1430,170,10500
1440,170,10500
1450,170,10500
1460,170,10500
1470,170,10500
1480,170,10500
1490,170,10500
1500,170,10500
1510,170,10500
1520,170,10500
1530,170,10500
1540,170,10500
1550,170,10500
1560,170,10500
1570,170,10500
1580,170,10500
1590,170,10500
1600,170,10500
1610,170,10500
1620,170,10500
1630,170,10500
1640,170,10500
1650,170,10500
1660,170,10500
1670,170,10500
1680,170,10500
1690,170,10500
1700,170,10500
1400,180,10500
1410,180,10500
1420,180,10500
1430,180,10500
1440,180,10500
1450,180,10500
1460,180,10500
1470,180,10500
1480,180,10500
1490,180,10500
1500,180,10500
1510,180,10500
1520,180,10500
1530,180,10500
1540,180,10500
1550,180,10500
1560,180,10500
1570,180,10500
1580,180,10500
1590,180,10500
1600,180,10500
1610,180,10500
1620,180,10500
1630,180,10500
1640,180,10500
1650,180,10500
1660,180,10500
1670,180,10500
1680,180,10500
1690,180,10500
1700,180,10500
1400,190,10500
1410,190,10500
1420,190,10500
1430,190,10500
1440,190,10500
1450,190,10500
1460,190,10500
1470,190,10500
1480,190,10500
1490,190,10500
1500,190,10500
1510,190,10500
1520,190,10500
1530,190,10500
1540,190,10500
1550,190,10500
1560,190,10500
1570,190,10500
1580,190,10500
1590,190,10500
1600,190,10500
1610,190,10500
1620,190,10500
1630,190,10500
1640,190,10500
1650,190,10500
1660,190,10500
1670,190,10500
1680,190,10500
1690,190,10500
1700,190,10500
1400,200,10500
1410,200,10500
1420,200,10500
1430,200,10500
1440,200,10500
1450,200,10500
1460,200,10500
1470,200,10500
1480,200,10500
1490,200,10500
1500,200,10500
1510,200,10500
1520,200,10500
1530,200,10500
1540,200,10500
1550,200,10500
1560,200,10500
1570,200,10500
1580,200,10500
1590,200,10500
1600,200,10500
1610,200,10500
1620,200,10500
1630,200,10500
1640,200,10500
1650,200,10500
1660,200,10500
1670,200,10500
1680,200,10500
1690,200,10500
1700,200,10500
1400,210,10500
1410,210,10500
1420,210,10500
1430,210,10500
1440,210,10500
1450,210,10500
1460,210,10500
1470,210,10500
1480,210,10500
1490,210,10500
1500,210,10500
1510,210,10500
1520,210,10500
1530,210,10500
1540,210,10500
1550,210,10500
1560,210,10500
1570,210,10500
1580,210,10500
1590,210,10500
1600,210,10500
1610,210,10500
1620,210,10500
1630,210,10500
1640,210,10500
1650,210,10500
1660,210,10500
1670,210,10500
1680,210,10500
1690,210,10500
1700,210,10500
1400,220,10500
1410,220,10500
1420,220,10500
1430,220,10500
1440,220,10500
1450,220,10500
1460,220,10500
1470,220,10500
1480,220,10500
1490,220,10500
1500,220,10500
1510,220,10500
1520,220,10500
1530,220,10500
1540,220,10500
1550,220,10500
1560,220,10500
1570,220,10500
1580,220,10500
1590,220,10500
1600,220,10500
1610,220,10500
1620,220,10500
1630,220,10500
1640,220,10500
1650,220,10500
1660,220,10500
1670,220,10500
1680,220,10500
1690,220,10500
1700,220,10500
1400,230,10500
1410,230,10500
1420,230,10500
1430,230,10500
1440,230,10500
1450,230,10500
1460,230,10500
1470,230,10500
1480,230,10500
1490,230,10500
1500,230,10500
1510,230,10500
1520,230,10500
1530,230,10500
1540,230,10500
1550,230,10500
1560,230,10500
1570,230,10500
1580,230,10500
1590,230,10500
1600,230,10500
1610,230,10500
1620,230,10500
1630,230,10500
1640,230,10500
1650,230,10500
1660,230,10500
1670,230,10500
1680,230,10500
1690,230,10500
1700,230,10500
1400,240,10500
1410,240,10500
1420,240,10500
1430,240,10500
1440,240,10500
1450,240,10500
1460,240,10500
1470,240,10500
1480,240,10500
1490,240,10500
1500,240,10500
1510,240,10500
1520,240,10500
1530,240,10500
1540,240,10500
1550,240,10500
1560,240,10500
1570,240,10500
1580,240,10500
1590,240,10500
1600,240,10500
1610,240,10500
1620,240,10500
1630,240,10500
1640,240,10500
1650,240,10500
1660,240,10500
1670,240,10500
1680,240,10500
1690,240,10500
1700,240,10500
1400,250,10500
1410,250,10500
1420,250,10500
1430,250,10500
1440,250,10500
1450,250,10500
1460,250,10500
1470,250,10500
1480,250,10500
1490,250,10500
1500,250,10500
1510,250,10500
1520,250,10500
1530,250,10500
1540,250,10500
1550,250,10500
1560,250,10500
1570,250,10500
1580,250,10500
1590,250,10500
1600,250,10500
1610,250,10500
1620,250,10500
1630,250,10500
1640,250,10500
1650,250,10500
1660,250,10500
1670,250,10500
1680,250,10500
1690,250,10500
1700,250,10500
1400,50,10750
1410,50,10750
1420,50,10750
1430,50,10750
1440,50,10750
1450,50,10750
1460,50,10750
1470,50,10750
1480,50,10750
1490,50,10750
1500,50,10750
1510,50,10750
1520,50,10750
1530,50,10750
1540,50,10750
1550,50,10750
1560,50,10750
1570,50,10750
1580,50,10750
1590,50,10750
1600,50,10750
1610,50,10750
1620,50,10750
1630,50,10750
1640,50,10750
1650,50,10750
1660,50,10750
1670,50,10750
1680,50,10750
1690,50,10750
1700,50,10750
1400,60,10750
1410,60,10750
1420,60,10750
1430,60,10750
1440,60,10750
1450,60,10750
1460,60,10750
1470,60,10750
1480,60,10750
1490,60,10750
1500,60,10750
1510,60,10750
1520,60,10750
1530,60,10750
1540,60,10750
1550,60,10750
1560,60,10750
1570,60,10750
1580,60,10750
1590,60,10750
1600,60,10750
1610,60,10750
1620,60,10750
1630,60,10750
1640,60,10750
1650,60,10750
1660,60,10750
1670,60,10750
1680,60,10750
1690,60,10750
1700,60,10750
1400,70,10750
1410,70,10750
1420,70,10750
1430,70,10750
1440,70,10750
1450,70,10750
1460,70,10750
1470,70,10750
1480,70,10750
1490,70,10750
1500,70,10750
1510,70,10750
1520,70,10750
1530,70,10750
1540,70,10750
1550,70,10750
1560,70,10750
1570,70,10750
1580,70,10750
1590,70,10750
1600,70,10750
1610,70,10750
1620,70,10750
1630,70,10750
1640,70,10750
1650,70,10750
1660,70,10750
1670,70,10750
1680,70,10750
1690,70,10750
1700,70,10750
1400,80,10750
1410,80,10750
1420,80,10750
1430,80,10750
1440,80,10750
1450,80,10750
1460,80,10750
1470,80,10750
1480,80,10750
1490,80,10750
1500,80,10750
1510,80,10750
1520,80,10750
1530,80,10750
1540,80,10750
1550,80,10750
1560,80,10750
1570,80,10750
1580,80,10750
1590,80,10750
1600,80,10750
1610,80,10750
1620,80,10750
1630,80,10750
1640,80,10750
1650,80,10750
1660,80,10750
1670,80,10750
1680,80,10750
1690,80,10750
1700,80,10750
1400,90,10750
1410,90,10750
1420,90,10750
1430,90,10750
1440,90,10750
1450,90,10750
1460,90,10750
1470,90,10750
1480,90,10750
1490,90,10750
1500,90,10750
1510,90,10750
1520,90,10750
1530,90,10750
1540,90,10750
1550,90,10750
1560,90,10750
1570,90,10750
1580,90,10750
1590,90,10750
1600,90,10750
1610,90,10750
1620,90,10750
1630,90,10750
1640,90,10750
1650,90,10750
1660,90,10750
1670,90,10750
1680,90,10750
1690,90,10750
1700,90,10750
1400,100,10750
1410,100,10750
1420,100,10750
1430,100,10750
1440,100,10750
1450,100,10750
1460,100,10750
1470,100,10750
1480,100,10750
1490,100,10750
1500,100,10750
1510,100,10750
1520,100,10750
1530,100,10750
1540,100,10750
1550,100,10750
1560,100,10750
1570,100,10750
1580,100,10750
1590,100,10750
1600,100,10750
1610,100,10750
1620,100,10750
1630,100,10750
1640,100,10750
1650,100,10750
1660,100,10750
1670,100,10750
1680,100,10750
1690,100,10750
1700,100,10750
1400,110,10750
1410,110,10750
1420,110,10750
1430,110,10750
1440,110,10750
1450,110,10750
1460,110,10750
1470,110,10750
1480,110,10750
1490,110,10750
1500,110,10750
1510,110,10750
1520,110,10750
1530,110,10750
1540,110,10750
1550,110,10750
1560,110,10750
1570,110,10750
1580,110,10750
1590,110,10750
1600,110,10750
1610,110,10750
1620,110,10750
1630,110,10750
1640,110,10750
1650,110,10750
1660,110,10750
1670,110,10750
1680,110,10750
1690,110,10750
1700,110,10750
1400,120,10750
1410,120,10750
1420,120,10750
1430,120,10750
1440,120,10750
1450,120,10750
1460,120,10750
1470,120,10750
1480,120,10750
1490,120,10750
1500,120,10750
1510,120,10750
1520,120,10750
1530,120,10750
1540,120,10750
1550,120,10750
1560,120,10750
1570,120,10750
1580,120,10750
1590,120,10750
1600,120,10750
1610,120,10750
1620,120,10750
1630,120,10750
1640,120,10750
1650,120,10750
1660,120,10750
1670,120,10750
1680,120,10750
1690,120,10750
1700,120,10750
1400,130,10750
1410,130,10750
1420,130,10750
1430,130,10750
1440,130,10750
1450,130,10750
1460,130,10750
1470,130,10750
1480,130,10750
1490,130,10750
1500,130,10750
1510,130,10750
1520,130,10750
1530,130,10750
1540,130,10750
1550,130,10750
1560,130,10750
1570,130,10750
1580,130,10750
1590,130,10750
1600,130,10750
1610,130,10750
1620,130,10750
1630,130,10750
1640,130,10750
1650,130,10750
1660,130,10750
1670,130,10750
1680,130,10750
1690,130,10750
1700,130,10750
1400,140,10750
1410,140,10750
1420,140,10750
1430,140,10750
1440,140,10750
1450,140,10750
1460,140,10750
1470,140,10750
1480,140,10750
1490,140,10750
1500,140,10750
1510,140,10750
1520,140,10750
1530,140,10750
1540,140,10750
1550,140,10750
1560,140,10750
1570,140,10750
1580,140,10750
1590,140,10750
1600,140,10750
1610,140,10750
1620,140,10750
1630,140,10750
1640,140,10750
1650,140,10750
1660,140,10750
1670,140,10750
1680,140,10750
1690,140,10750
1700,140,10750
1400,150,10750
1410,150,10750
1420,150,10750
1430,150,10750
1440,150,10750
1450,150,10750
1460,150,10750
1470,150,10750
1480,150,10750
1490,150,10750
1500,150,10750
1510,150,10750
1520,150,10750
1530,150,10750
1540,150,10750
1550,150,10750
1560,150,10750
1570,150,10750
1580,150,10750
1590,150,10750
1600,150,10750
1610,150,10750
1620,150,10750
1630,150,10750
1640,150,10750
1650,150,10750
1660,150,10750
1670,150,10750
1680,150,10750
1690,150,10750
1700,150,10750
1400,160,10750
1410,160,10750
1420,160,10750
1430,160,10750
1440,160,10750
1450,160,10750
1460,160,10750
1470,160,10750
1480,160,10750
1490,160,10750
1500,160,10750
1510,160,10750
1520,160,10750
1530,160,10750
1540,160,10750
1550,160,10750
1560,160,10750
1570,160,10750
1580,160,10750
1590,160,10750
1600,160,10750
1610,160,10750
1620,160,10750
1630,160,10750
1640,160,10750
1650,160,10750
1660,160,10750
1670,160,10750
1680,160,10750
1690,160,10750
1700,160,10750
1400,170,10750
1410,170,10750
1420,170,10750
1430,170,10750
1440,170,10750
1450,170,10750
1460,170,10750
1470,170,10750
1480,170,10750
1490,170,10750
1500,170,10750
1510,170,10750
1520,170,10750
1530,170,10750
1540,170,10750
1550,170,10750
1560,170,10750
1570,170,10750
1580,170,10750
1590,170,10750
1600,170,10750
1610,170,10750
1620,170,10750
1630,170,10750
1640,170,10750
1650,170,10750
1660,170,10750
1670,170,10750
1680,170,10750
1690,170,10750
1700,170,10750
1400,180,10750
1410,180,10750
1420,180,10750
1430,180,10750
1440,180,10750
1450,180,10750
1460,180,10750
1470,180,10750
1480,180,10750
1490,180,10750
1500,180,10750
1510,180,10750
1520,180,10750
1530,180,10750
1540,180,10750
1550,180,10750
1560,180,10750
1570,180,10750
1580,180,10750
1590,180,10750
1600,180,10750
1610,180,10750
1620,180,10750
1630,180,10750
1640,180,10750
1650,180,10750
1660,180,10750
1670,180,10750
1680,180,10750
1690,180,10750
1700,180,10750
1400,190,10750
1410,190,10750
1420,190,10750
1430,190,10750
1440,190,10750
1450,190,10750
1460,190,10750
1470,190,10750
1480,190,10750
1490,190,10750
1500,190,10750
1510,190,10750
1520,190,10750
1530,190,10750
1540,190,10750
1550,190,10750
1560,190,10750
1570,190,10750
1580,190,10750
1590,190,10750
1600,190,10750
1610,190,10750
1620,190,10750
1630,190,10750
1640,190,10750
1650,190,10750
1660,190,10750
1670,190,10750
1680,190,10750
1690,190,10750
1700,190,10750
1400,200,10750
1410,200,10750
1420,200,10750
1430,200,10750
1440,200,10750
1450,200,10750
1460,200,10750
1470,200,10750
1480,200,10750
1490,200,10750
1500,200,10750
1510,200,10750
1520,200,10750
1530,200,10750
1540,200,10750
1550,200,10750
1560,200,10750
1570,200,10750
1580,200,10750
1590,200,10750
1600,200,10750
1610,200,10750
1620,200,10750
1630,200,10750
1640,200,10750
1650,200,10750
1660,200,10750
1670,200,10750
1680,200,10750
1690,200,10750
1700,200,10750
1400,210,10750
1410,210,10750
1420,210,10750
1430,210,10750
1440,210,10750
1450,210,10750
1460,210,10750
1470,210,10750
1480,210,10750
1490,210,10750
1500,210,10750
1510,210,10750
1520,210,10750
1530,210,10750
1540,210,10750
1550,210,10750
1560,210,10750
1570,210,10750
1580,210,10750
1590,210,10750
1600,210,10750
1610,210,10750
1620,210,10750
1630,210,10750
1640,210,10750
1650,210,10750
1660,210,10750
1670,210,10750
1680,210,10750
1690,210,10750
1700,210,10750
1400,220,10750
1410,220,10750
1420,220,10750
1430,220,10750
1440,220,10750
1450,220,10750
1460,220,10750
1470,220,10750
1480,220,10750
1490,220,10750
1500,220,10750
1510,220,10750
1520,220,10750
1530,220,10750
1540,220,10750
1550,220,10750
1560,220,10750
1570,220,10750
1580,220,10750
1590,220,10750
1600,220,10750
1610,220,10750
1620,220,10750
1630,220,10750
1640,220,10750
1650,220,10750
1660,220,10750
1670,220,10750
1680,220,10750
1690,220,10750
1700,220,10750
1400,230,10750
1410,230,10750
1420,230,10750
1430,230,10750
1440,230,10750
1450,230,10750
1460,230,10750
1470,230,10750
1480,230,10750
1490,230,10750
1500,230,10750
1510,230,10750
1520,230,10750
1530,230,10750
1540,230,10750
1550,230,10750
1560,230,10750
1570,230,10750
1580,230,10750
1590,230,10750
1600,230,10750
1610,230,10750
1620,230,10750
1630,230,10750
1640,230,10750
1650,230,10750
1660,230,10750
1670,230,10750
1680,230,10750
1690,230,10750
1700,230,10750
1400,240,10750
1410,240,10750
1420,240,10750
1430,240,10750
1440,240,10750
1450,240,10750
1460,240,10750
1470,240,10750
1480,240,10750
1490,240,10750
1500,240,10750
1510,240,10750
1520,240,10750
1530,240,10750
1540,240,10750
1550,240,10750
1560,240,10750
1570,240,10750
1580,240,10750
1590,240,10750
1600,240,10750
1610,240,10750
1620,240,10750
1630,240,10750
1640,240,10750
1650,240,10750
1660,240,10750
1670,240,10750
1680,240,10750
1690,240,10750
1700,240,10750
1400,250,10750
1410,250,10750
1420,250,10750
1430,250,10750
1440,250,10750
1450,250,10750
1460,250,10750
1470,250,10750
1480,250,10750
1490,250,10750
1500,250,10750
1510,250,10750
1520,250,10750
1530,250,10750
1540,250,10750
1550,250,10750
1560,250,10750
1570,250,10750
1580,250,10750
1590,250,10750
1600,250,10750
1610,250,10750
1620,250,10750
1630,250,10750
1640,250,10750
1650,250,10750
1660,250,10750
1670,250,10750
1680,250,10750
1690,250,10750
1700,250,10750
1400,50,11000
1410,50,11000
1420,50,11000
1430,50,11000
1440,50,11000
1450,50,11000
1460,50,11000
1470,50,11000
1480,50,11000
1490,50,11000
1500,50,11000
1510,50,11000
1520,50,11000
1530,50,11000
1540,50,11000
1550,50,11000
1560,50,11000
1570,50,11000
1580,50,11000
1590,50,11000
1600,50,11000
1610,50,11000
1620,50,11000
1630,50,11000
1640,50,11000
1650,50,11000
1660,50,11000
1670,50,11000
1680,50,11000
1690,50,11000
1700,50,11000
1400,60,11000
1410,60,11000
1420,60,11000
1430,60,11000
1440,60,11000
1450,60,11000
1460,60,11000
1470,60,11000
1480,60,11000
1490,60,11000
1500,60,11000
1510,60,11000
1520,60,11000
1530,60,11000
1540,60,11000
1550,60,11000
1560,60,11000
1570,60,11000
1580,60,11000
1590,60,11000
1600,60,11000
1610,60,11000
1620,60,11000
1630,60,11000
1640,60,11000
1650,60,11000
1660,60,11000
1670,60,11000
1680,60,11000
1690,60,11000
1700,60,11000
1400,70,11000
1410,70,11000
1420,70,11000
1430,70,11000
1440,70,11000
1450,70,11000
1460,70,11000
1470,70,11000
1480,70,11000
1490,70,11000
1500,70,11000
1510,70,11000
1520,70,11000
1530,70,11000
1540,70,11000
1550,70,11000
1560,70,11000
1570,70,11000
1580,70,11000
1590,70,11000
1600,70,11000
1610,70,11000
1620,70,11000
1630,70,11000
1640,70,11000
1650,70,11000
1660,70,11000
1670,70,11000
1680,70,11000
1690,70,11000
1700,70,11000
1400,80,11000
1410,80,11000
1420,80,11000
1430,80,11000
1440,80,11000
1450,80,11000
1460,80,11000
1470,80,11000
1480,80,11000
1490,80,11000
1500,80,11000
1510,80,11000
1520,80,11000
1530,80,11000
1540,80,11000
1550,80,11000
1560,80,11000
1570,80,11000
1580,80,11000
1590,80,11000
1600,80,11000
1610,80,11000
1620,80,11000
1630,80,11000
1640,80,11000
1650,80,11000
1660,80,11000
1670,80,11000
1680,80,11000
1690,80,11000
1700,80,11000
1400,90,11000
1410,90,11000
1420,90,11000
1430,90,11000
1440,90,11000
1450,90,11000
1460,90,11000
1470,90,11000
1480,90,11000
1490,90,11000
1500,90,11000
1510,90,11000
1520,90,11000
1530,90,11000
1540,90,11000
1550,90,11000
1560,90,11000
1570,90,11000
1580,90,11000
1590,90,11000
1600,90,11000
1610,90,11000
1620,90,11000
1630,90,11000
1640,90,11000
1650,90,11000
1660,90,11000
1670,90,11000
1680,90,11000
1690,90,11000
1700,90,11000
1400,100,11000
1410,100,11000
1420,100,11000
1430,100,11000
1440,100,11000
1450,100,11000
1460,100,11000
1470,100,11000
1480,100,11000
1490,100,11000
1500,100,11000
1510,100,11000
1520,100,11000
1530,100,11000
1540,100,11000
1550,100,11000
1560,100,11000
1570,100,11000
1580,100,11000
1590,100,11000
1600,100,11000
1610,100,11000
1620,100,11000
1630,100,11000
1640,100,11000
1650,100,11000
1660,100,11000
1670,100,11000
1680,100,11000
1690,100,11000
1700,100,11000
1400,110,11000
1410,110,11000
1420,110,11000
1430,110,11000
1440,110,11000
1450,110,11000
1460,110,11000
1470,110,11000
1480,110,11000
1490,110,11000
1500,110,11000
1510,110,11000
1520,110,11000
1530,110,11000
1540,110,11000
1550,110,11000
1560,110,11000
1570,110,11000
1580,110,11000
1590,110,11000
1600,110,11000
1610,110,11000
1620,110,11000
1630,110,11000
1640,110,11000
1650,110,11000
1660,110,11000
1670,110,11000
1680,110,11000
1690,110,11000
1700,110,11000
1400,120,11000
1410,120,11000
1420,120,11000
1430,120,11000
1440,120,11000
1450,120,11000
1460,120,11000
1470,120,11000
1480,120,11000
1490,120,11000
1500,120,11000
1510,120,11000
1520,120,11000
1530,120,11000
1540,120,11000
1550,120,11000
1560,120,11000
1570,120,11000
1580,120,11000
1590,120,11000
1600,120,11000
1610,120,11000
1620,120,11000
1630,120,11000
1640,120,11000
1650,120,11000
1660,120,11000
1670,120,11000
1680,120,11000
1690,120,11000
1700,120,11000
1400,130,11000
1410,130,11000
1420,130,11000
1430,130,11000
1440,130,11000
1450,130,11000
1460,130,11000
1470,130,11000
1480,130,11000
1490,130,11000
1500,130,11000
1510,130,11000
1520,130,11000
1530,130,11000
1540,130,11000
1550,130,11000
1560,130,11000
1570,130,11000
1580,130,11000
1590,130,11000
1600,130,11000
1610,130,11000
1620,130,11000
1630,130,11000
1640,130,11000
1650,130,11000
1660,130,11000
1670,130,11000
1680,130,11000
1690,130,11000
1700,130,11000
1400,140,11000
1410,140,11000
1420,140,11000
1430,140,11000
1440,140,11000
1450,140,11000
1460,140,11000
1470,140,11000
1480,140,11000
1490,140,11000
1500,140,11000
1510,140,11000
1520,140,11000
1530,140,11000
1540,140,11000
1550,140,11000
1560,140,11000
1570,140,11000
1580,140,11000
1590,140,11000
1600,140,11000
1610,140,11000
1620,140,11000
1630,140,11000
1640,140,11000
1650,140,11000
1660,140,11000
1670,140,11000
1680,140,11000
1690,140,11000
1700,140,11000
1400,150,11000
1410,150,11000
1420,150,11000
1430,150,11000
1440,150,11000
1450,150,11000
1460,150,11000
1470,150,11000
1480,150,11000
1490,150,11000
1500,150,11000
1510,150,11000
1520,150,11000
1530,150,11000
1540,150,11000
1550,150,11000
1560,150,11000
1570,150,11000
1580,150,11000
1590,150,11000
1600,150,11000
1610,150,11000
1620,150,11000
1630,150,11000
1640,150,11000
1650,150,11000
1660,150,11000
1670,150,11000
1680,150,11000
1690,150,11000
1700,150,11000
1400,160,11000
1410,160,11000
1420,160,11000
1430,160,11000
1440,160,11000
1450,160,11000
1460,160,11000
1470,160,11000
1480,160,11000
1490,160,11000
1500,160,11000
1510,160,11000
1520,160,11000
1530,160,11000
1540,160,11000
1550,160,11000
1560,160,11000
1570,160,11000
1580,160,11000
1590,160,11000
1600,160,11000
1610,160,11000
1620,160,11000
1630,160,11000
1640,160,11000
1650,160,11000
1660,160,11000
1670,160,11000
1680,160,11000
1690,160,11000
1700,160,11000
1400,170,11000
1410,170,11000
1420,170,11000
1430,170,11000
1440,170,11000
1450,170,11000
1460,170,11000
1470,170,11000
1480,170,11000
1490,170,11000
1500,170,11000
1510,170,11000
1520,170,11000
1530,170,11000
1540,170,11000
1550,170,11000
1560,170,11000
1570,170,11000
1580,170,11000
1590,170,11000
1600,170,11000
1610,170,11000
1620,170,11000
1630,170,11000
1640,170,11000
1650,170,11000
1660,170,11000
1670,170,11000
1680,170,11000
1690,170,11000
1700,170,11000
1400,180,11000
1410,180,11000
1420,180,11000
1430,180,11000
1440,180,11000
1450,180,11000
1460,180,11000
1470,180,11000
1480,180,11000
1490,180,11000
1500,180,11000
1510,180,11000
1520,180,11000
1530,180,11000
1540,180,11000
1550,180,11000
1560,180,11000
1570,180,11000
1580,180,11000
1590,180,11000
1600,180,11000
1610,180,11000
1620,180,11000
1630,180,11000
1640,180,11000
1650,180,11000
1660,180,11000
1670,180,11000
1680,180,11000
1690,180,11000
1700,180,11000
1400,190,11000
1410,190,11000
1420,190,11000
1430,190,11000
1440,190,11000
1450,190,11000
1460,190,11000
1470,190,11000
1480,190,11000
1490,190,11000
1500,190,11000
1510,190,11000
1520,190,11000
1530,190,11000
1540,190,11000
1550,190,11000
1560,190,11000
1570,190,11000
1580,190,11000
1590,190,11000
1600,190,11000
1610,190,11000
1620,190,11000
1630,190,11000
1640,190,11000
1650,190,11000
1660,190,11000
1670,190,11000
1680,190,11000
1690,190,11000
1700,190,11000
1400,200,11000
1410,200,11000
1420,200,11000
1430,200,11000
1440,200,11000
1450,200,11000
1460,200,11000
1470,200,11000
1480,200,11000
1490,200,11000
1500,200,11000
1510,200,11000
1520,200,11000
1530,200,11000
1540,200,11000
1550,200,11000
1560,200,11000
1570,200,11000
1580,200,11000
1590,200,11000
1600,200,11000
1610,200,11000
1620,200,11000
1630,200,11000
1640,200,11000
1650,200,11000
1660,200,11000
1670,200,11000
1680,200,11000
1690,200,11000
1700,200,11000
1400,210,11000
1410,210,11000
1420,210,11000
1430,210,11000
1440,210,11000
1450,210,11000
1460,210,11000
1470,210,11000
1480,210,11000
1490,210,11000
1500,210,11000
1510,210,11000
1520,210,11000
1530,210,11000
1540,210,11000
1550,210,11000
1560,210,11000
1570,210,11000
1580,210,11000
1590,210,11000
1600,210,11000
1610,210,11000
1620,210,11000
1630,210,11000
1640,210,11000
1650,210,11000
1660,210,11000
1670,210,11000
1680,210,11000
1690,210,11000
1700,210,11000
1400,220,11000
1410,220,11000
1420,220,11000
1430,220,11000
1440,220,11000
1450,220,11000
1460,220,11000
1470,220,11000
1480,220,11000
1490,220,11000
1500,220,11000
1510,220,11000
1520,220,11000
1530,220,11000
1540,220,11000
1550,220,11000
1560,220,11000
1570,220,11000
1580,220,11000
1590,220,11000
1600,220,11000
1610,220,11000
1620,220,11000
1630,220,11000
1640,220,11000
1650,220,11000
1660,220,11000
1670,220,11000
1680,220,11000
1690,220,11000
1700,220,11000
1400,230,11000
1410,230,11000
1420,230,11000
1430,230,11000
1440,230,11000
1450,230,11000
1460,230,11000
1470,230,11000
1480,230,11000
1490,230,11000
1500,230,11000
1510,230,11000
1520,230,11000
1530,230,11000
1540,230,11000
1550,230,11000
1560,230,11000
1570,230,11000
1580,230,11000
1590,230,11000
1600,230,11000
1610,230,11000
1620,230,11000
1630,230,11000
1640,230,11000
1650,230,11000
1660,230,11000
1670,230,11000
1680,230,11000
1690,230,11000
1700,230,11000
1400,240,11000
1410,240,11000
1420,240,11000
1430,240,11000
1440,240,11000
1450,240,11000
1460,240,11000
1470,240,11000
1480,240,11000
1490,240,11000
1500,240,11000
1510,240,11000
1520,240,11000
1530,240,11000
1540,240,11000
1550,240,11000
1560,240,11000
1570,240,11000
1580,240,11000
1590,240,11000
1600,240,11000
1610,240,11000
1620,240,11000
1630,240,11000
1640,240,11000
1650,240,11000
1660,240,11000
1670,240,11000
1680,240,11000
1690,240,11000
1700,240,11000
1400,250,11000
1410,250,11000
1420,250,11000
1430,250,11000
1440,250,11000
1450,250,11000
1460,250,11000
1470,250,11000
1480,250,11000
1490,250,11000
1500,250,11000
1510,250,11000
1520,250,11000
1530,250,11000
1540,250,11000
1550,250,11000
1560,250,11000
1570,250,11000
1580,250,11000
1590,250,11000
1600,250,11000
1610,250,11000
1620,250,11000
1630,250,11000
1640,250,11000
1650,250,11000
1660,250,11000
1670,250,11000
1680,250,11000
1690,250,11000
1700,250,11000
1400,50,11250
1410,50,11250
1420,50,11250
1430,50,11250
1440,50,11250
1450,50,11250
1460,50,11250
1470,50,11250
1480,50,11250
1490,50,11250
1500,50,11250
1510,50,11250
1520,50,11250
1530,50,11250
1540,50,11250
1550,50,11250
1560,50,11250
1570,50,11250
1580,50,11250
1590,50,11250
1600,50,11250
1610,50,11250
1620,50,11250
1630,50,11250
1640,50,11250
1650,50,11250
1660,50,11250
1670,50,11250
1680,50,11250
1690,50,11250
1700,50,11250
1400,60,11250
1410,60,11250
1420,60,11250
1430,60,11250
1440,60,11250
1450,60,11250
1460,60,11250
1470,60,11250
1480,60,11250
1490,60,11250
1500,60,11250
1510,60,11250
1520,60,11250
1530,60,11250
1540,60,11250
1550,60,11250
1560,60,11250
1570,60,11250
1580,60,11250
1590,60,11250
1600,60,11250
1610,60,11250
1620,60,11250
1630,60,11250
1640,60,11250
1650,60,11250
1660,60,11250
1670,60,11250
1680,60,11250
1690,60,11250
1700,60,11250
1400,70,11250
1410,70,11250
1420,70,11250
1430,70,11250
1440,70,11250
1450,70,11250
1460,70,11250
1470,70,11250
1480,70,11250
1490,70,11250
1500,70,11250
1510,70,11250
1520,70,11250
1530,70,11250
1540,70,11250
1550,70,11250
1560,70,11250
1570,70,11250
1580,70,11250
1590,70,11250
1600,70,11250
1610,70,11250
1620,70,11250
1630,70,11250
1640,70,11250
1650,70,11250
1660,70,11250
1670,70,11250
1680,70,11250
1690,70,11250
1700,70,11250
1400,80,11250
1410,80,11250
1420,80,11250
1430,80,11250
1440,80,11250
1450,80,11250
1460,80,11250
1470,80,11250
1480,80,11250
1490,80,11250
1500,80,11250
1510,80,11250
1520,80,11250
1530,80,11250
1540,80,11250
1550,80,11250
1560,80,11250
1570,80,11250
1580,80,11250
1590,80,11250
1600,80,11250
1610,80,11250
1620,80,11250
1630,80,11250
1640,80,11250
1650,80,11250
1660,80,11250
1670,80,11250
1680,80,11250
1690,80,11250
1700,80,11250
1400,90,11250
1410,90,11250
1420,90,11250
1430,90,11250
1440,90,11250
1450,90,11250
1460,90,11250
1470,90,11250
1480,90,11250
1490,90,11250
1500,90,11250
1510,90,11250
1520,90,11250
1530,90,11250
1540,90,11250
1550,90,11250
1560,90,11250
1570,90,11250
1580,90,11250
1590,90,11250
1600,90,11250
1610,90,11250
1620,90,11250
1630,90,11250
1640,90,11250
1650,90,11250
1660,90,11250
1670,90,11250
1680,90,11250
1690,90,11250
1700,90,11250
1400,100,11250
1410,100,11250
1420,100,11250
1430,100,11250
1440,100,11250
1450,100,11250
1460,100,11250
1470,100,11250
1480,100,11250
1490,100,11250
1500,100,11250
1510,100,11250
1520,100,11250
1530,100,11250
1540,100,11250
1550,100,11250
1560,100,11250
1570,100,11250
1580,100,11250
1590,100,11250
1600,100,11250
1610,100,11250
1620,100,11250
1630,100,11250
1640,100,11250
1650,100,11250
1660,100,11250
1670,100,11250
1680,100,11250
1690,100,11250
1700,100,11250
1400,110,11250
1410,110,11250
1420,110,11250
1430,110,11250
1440,110,11250
1450,110,11250
1460,110,11250
1470,110,11250
1480,110,11250
1490,110,11250
1500,110,11250
1510,110,11250
1520,110,11250
1530,110,11250
1540,110,11250
1550,110,11250
1560,110,11250
1570,110,11250
1580,110,11250
1590,110,11250
1600,110,11250
1610,110,11250
1620,110,11250
1630,110,11250
1640,110,11250
1650,110,11250
1660,110,11250
1670,110,11250
1680,110,11250
1690,110,11250
1700,110,11250
1400,120,11250
1410,120,11250
1420,120,11250
1430,120,11250
1440,120,11250
1450,120,11250
1460,120,11250
1470,120,11250
1480,120,11250
1490,120,11250
1500,120,11250
1510,120,11250
1520,120,11250
1530,120,11250
1540,120,11250
1550,120,11250
1560,120,11250
1570,120,11250
1580,120,11250
1590,120,11250
1600,120,11250
1610,120,11250
1620,120,11250
1630,120,11250
1640,120,11250
1650,120,11250
1660,120,11250
1670,120,11250
1680,120,11250
1690,120,11250
1700,120,11250
1400,130,11250
1410,130,11250
1420,130,11250
1430,130,11250
1440,130,11250
1450,130,11250
1460,130,11250
1470,130,11250
1480,130,11250
1490,130,11250
1500,130,11250
1510,130,11250
1520,130,11250
1530,130,11250
1540,130,11250
1550,130,11250
1560,130,11250
1570,130,11250
1580,130,11250
1590,130,11250
1600,130,11250
1610,130,11250
1620,130,11250
1630,130,11250
1640,130,11250
1650,130,11250
1660,130,11250
1670,130,11250
1680,130,11250
1690,130,11250
1700,130,11250
1400,140,11250
1410,140,11250
1420,140,11250
1430,140,11250
1440,140,11250
1450,140,11250
1460,140,11250
1470,140,11250
1480,140,11250
1490,140,11250
1500,140,11250
1510,140,11250
1520,140,11250
1530,140,11250
1540,140,11250
1550,140,11250
1560,140,11250
1570,140,11250
1580,140,11250
1590,140,11250
1600,140,11250
1610,140,11250
1620,140,11250
1630,140,11250
1640,140,11250
1650,140,11250
1660,140,11250
1670,140,11250
1680,140,11250
1690,140,11250
1700,140,11250
1400,150,11250
1410,150,11250
1420,150,11250
1430,150,11250
1440,150,11250
1450,150,11250
1460,150,11250
1470,150,11250
1480,150,11250
1490,150,11250
1500,150,11250
1510,150,11250
1520,150,11250
1530,150,11250
1540,150,11250
1550,150,11250
1560,150,11250
1570,150,11250
1580,150,11250
1590,150,11250
1600,150,11250
1610,150,11250
1620,150,11250
1630,150,11250
1640,150,11250
1650,150,11250
1660,150,11250
1670,150,11250
1680,150,11250
1690,150,11250
1700,150,11250
1400,160,11250
1410,160,11250
1420,160,11250
1430,160,11250
1440,160,11250
1450,160,11250
1460,160,11250
1470,160,11250
1480,160,11250
1490,160,11250
1500,160,11250
1510,160,11250
1520,160,11250
1530,160,11250
1540,160,11250
1550,160,11250
1560,160,11250
1570,160,11250
1580,160,11250
1590,160,11250
1600,160,11250
1610,160,11250
1620,160,11250
1630,160,11250
1640,160,11250
1650,160,11250
1660,160,11250
1670,160,11250
1680,160,11250
1690,160,11250
1700,160,11250
1400,170,11250
1410,170,11250
1420,170,11250
1430,170,11250
1440,170,11250
1450,170,11250
1460,170,11250
1470,170,11250
1480,170,11250
1490,170,11250
1500,170,11250
1510,170,11250
1520,170,11250
1530,170,11250
1540,170,11250
1550,170,11250
1560,170,11250
1570,170,11250
1580,170,11250
1590,170,11250
1600,170,11250
1610,170,11250
1620,170,11250
1630,170,11250
1640,170,11250
1650,170,11250
1660,170,11250
1670,170,11250
1680,170,11250
1690,170,11250
1700,170,11250
1400,180,11250
1410,180,11250
1420,180,11250
1430,180,11250
1440,180,11250
1450,180,11250
1460,180,11250
1470,180,11250
1480,180,11250
1490,180,11250
1500,180,11250
1510,180,11250
1520,180,11250
1530,180,11250
1540,180,11250
1550,180,11250
1560,180,11250
1570,180,11250
1580,180,11250
1590,180,11250
1600,180,11250
1610,180,11250
1620,180,11250
1630,180,11250
1640,180,11250
1650,180,11250
1660,180,11250
1670,180,11250
1680,180,11250
1690,180,11250
1700,180,11250
1400,190,11250
1410,190,11250
1420,190,11250
1430,190,11250
1440,190,11250
1450,190,11250
1460,190,11250
1470,190,11250
1480,190,11250
1490,190,11250
1500,190,11250
1510,190,11250
1520,190,11250
1530,190,11250
1540,190,11250
1550,190,11250
1560,190,11250
1570,190,11250
1580,190,11250
1590,190,11250
1600,190,11250
1610,190,11250
1620,190,11250
1630,190,11250
1640,190,11250
1650,190,11250
1660,190,11250
1670,190,11250
1680,190,11250
1690,190,11250
1700,190,11250
1400,200,11250
1410,200,11250
1420,200,11250
1430,200,11250
1440,200,11250
1450,200,11250
1460,200,11250
1470,200,11250
1480,200,11250
1490,200,11250
1500,200,11250
1510,200,11250
1520,200,11250
1530,200,11250
1540,200,11250
1550,200,11250
1560,200,11250
1570,200,11250
1580,200,11250
1590,200,11250
1600,200,11250
1610,200,11250
1620,200,11250
1630,200,11250
1640,200,11250
1650,200,11250
1660,200,11250
1670,200,11250
1680,200,11250
1690,200,11250
1700,200,11250
1400,210,11250
1410,210,11250
1420,210,11250
1430,210,11250
1440,210,11250
1450,210,11250
1460,210,11250
1470,210,11250
1480,210,11250
1490,210,11250
1500,210,11250
1510,210,11250
1520,210,11250
1530,210,11250
1540,210,11250
1550,210,11250
1560,210,11250
1570,210,11250
1580,210,11250
1590,210,11250
1600,210,11250
1610,210,11250
1620,210,11250
1630,210,11250
1640,210,11250
1650,210,11250
1660,210,11250
1670,210,11250
1680,210,11250
1690,210,11250
1700,210,11250
1400,220,11250
1410,220,11250
1420,220,11250
1430,220,11250
1440,220,11250
1450,220,11250
1460,220,11250
1470,220,11250
1480,220,11250
1490,220,11250
1500,220,11250
1510,220,11250
1520,220,11250
1530,220,11250
1540,220,11250
1550,220,11250
1560,220,11250
1570,220,11250
1580,220,11250
1590,220,11250
1600,220,11250
1610,220,11250
1620,220,11250
1630,220,11250
1640,220,11250
1650,220,11250
1660,220,11250
1670,220,11250
1680,220,11250
1690,220,11250
1700,220,11250
1400,230,11250
1410,230,11250
1420,230,11250
1430,230,11250
1440,230,11250
1450,230,11250
1460,230,11250
1470,230,11250
1480,230,11250
1490,230,11250
1500,230,11250
1510,230,11250
1520,230,11250
1530,230,11250
1540,230,11250
1550,230,11250
1560,230,11250
1570,230,11250
1580,230,11250
1590,230,11250
1600,230,11250
1610,230,11250
1620,230,11250
1630,230,11250
1640,230,11250
1650,230,11250
1660,230,11250
1670,230,11250
1680,230,11250
1690,230,11250
1700,230,11250
1400,240,11250
1410,240,11250
1420,240,11250
1430,240,11250
1440,240,11250
1450,240,11250
1460,240,11250
1470,240,11250
1480,240,11250
1490,240,11250
1500,240,11250
1510,240,11250
1520,240,11250
1530,240,11250
1540,240,11250
1550,240,11250
1560,240,11250
1570,240,11250
1580,240,11250
1590,240,11250
1600,240,11250
1610,240,11250
1620,240,11250
1630,240,11250
1640,240,11250
1650,240,11250
1660,240,11250
1670,240,11250
1680,240,11250
1690,240,11250
1700,240,11250
1400,250,11250
1410,250,11250
1420,250,11250
1430,250,11250
1440,250,11250
1450,250,11250
1460,250,11250
1470,250,11250
1480,250,11250
1490,250,11250
1500,250,11250
1510,250,11250
1520,250,11250
1530,250,11250
1540,250,11250
1550,250,11250
1560,250,11250
1570,250,11250
1580,250,11250
1590,250,11250
1600,250,11250
1610,250,11250
1620,250,11250
1630,250,11250
1640,250,11250
1650,250,11250
1660,250,11250
1670,250,11250
1680,250,11250
1690,250,11250
1700,250,11250
1400,50,11500
1410,50,11500
1420,50,11500
1430,50,11500
1440,50,11500
1450,50,11500
1460,50,11500
1470,50,11500
1480,50,11500
1490,50,11500
1500,50,11500
1510,50,11500
1520,50,11500
1530,50,11500
1540,50,11500
1550,50,11500
1560,50,11500
1570,50,11500
1580,50,11500
1590,50,11500
1600,50,11500
1610,50,11500
1620,50,11500
1630,50,11500
1640,50,11500
1650,50,11500
1660,50,11500
1670,50,11500
1680,50,11500
1690,50,11500
1700,50,11500
1400,60,11500
1410,60,11500
1420,60,11500
1430,60,11500
1440,60,11500
1450,60,11500
1460,60,11500
1470,60,11500
1480,60,11500
1490,60,11500
1500,60,11500
1510,60,11500
1520,60,11500
1530,60,11500
1540,60,11500
1550,60,11500
1560,60,11500
1570,60,11500
1580,60,11500
1590,60,11500
1600,60,11500
1610,60,11500
1620,60,11500
1630,60,11500
1640,60,11500
1650,60,11500
1660,60,11500
1670,60,11500
1680,60,11500
1690,60,11500
1700,60,11500
1400,70,11500
1410,70,11500
1420,70,11500
1430,70,11500
1440,70,11500
1450,70,11500
1460,70,11500
1470,70,11500
1480,70,11500
1490,70,11500
1500,70,11500
1510,70,11500
1520,70,11500
1530,70,11500
1540,70,11500
1550,70,11500
1560,70,11500
1570,70,11500
1580,70,11500
1590,70,11500
1600,70,11500
1610,70,11500
1620,70,11500
1630,70,11500
1640,70,11500
1650,70,11500
1660,70,11500
1670,70,11500
1680,70,11500
1690,70,11500
1700,70,11500
1400,80,11500
1410,80,11500
1420,80,11500
1430,80,11500
1440,80,11500
1450,80,11500
1460,80,11500
1470,80,11500
1480,80,11500
1490,80,11500
1500,80,11500
1510,80,11500
1520,80,11500
1530,80,11500
1540,80,11500
1550,80,11500
1560,80,11500
1570,80,11500
1580,80,11500
1590,80,11500
1600,80,11500
1610,80,11500
1620,80,11500
1630,80,11500
1640,80,11500
1650,80,11500
1660,80,11500
1670,80,11500
1680,80,11500
1690,80,11500
1700,80,11500
1400,90,11500
1410,90,11500
1420,90,11500
1430,90,11500
1440,90,11500
1450,90,11500
1460,90,11500
1470,90,11500
1480,90,11500
1490,90,11500
1500,90,11500
1510,90,11500
1520,90,11500
1530,90,11500
1540,90,11500
1550,90,11500
1560,90,11500
1570,90,11500
1580,90,11500
1590,90,11500
1600,90,11500
1610,90,11500
1620,90,11500
1630,90,11500
1640,90,11500
1650,90,11500
1660,90,11500
1670,90,11500
1680,90,11500
1690,90,11500
1700,90,11500
1400,100,11500
1410,100,11500
1420,100,11500
1430,100,11500
1440,100,11500
1450,100,11500
1460,100,11500
1470,100,11500
1480,100,11500
1490,100,11500
1500,100,11500
1510,100,11500
1520,100,11500
1530,100,11500
1540,100,11500
1550,100,11500
1560,100,11500
1570,100,11500
1580,100,11500
1590,100,11500
1600,100,11500
1610,100,11500
1620,100,11500
1630,100,11500
1640,100,11500
1650,100,11500
1660,100,11500
1670,100,11500
1680,100,11500
1690,100,11500
1700,100,11500
1400,110,11500
1410,110,11500
1420,110,11500
1430,110,11500
1440,110,11500
1450,110,11500
1460,110,11500
1470,110,11500
1480,110,11500
1490,110,11500
1500,110,11500
1510,110,11500
1520,110,11500
1530,110,11500
1540,110,11500
1550,110,11500
1560,110,11500
1570,110,11500
1580,110,11500
1590,110,11500
1600,110,11500
1610,110,11500
1620,110,11500
1630,110,11500
1640,110,11500
1650,110,11500
1660,110,11500
1670,110,11500
1680,110,11500
1690,110,11500
1700,110,11500
1400,120,11500
1410,120,11500
1420,120,11500
1430,120,11500
1440,120,11500
1450,120,11500
1460,120,11500
1470,120,11500
1480,120,11500
1490,120,11500
1500,120,11500
1510,120,11500
1520,120,11500
1530,120,11500
1540,120,11500
1550,120,11500
1560,120,11500
1570,120,11500
1580,120,11500
1590,120,11500
1600,120,11500
1610,120,11500
1620,120,11500
1630,120,11500
1640,120,11500
1650,120,11500
1660,120,11500
1670,120,11500
1680,120,11500
1690,120,11500
1700,120,11500
1400,130,11500
1410,130,11500
1420,130,11500
1430,130,11500
1440,130,11500
1450,130,11500
1460,130,11500
1470,130,11500
1480,130,11500
1490,130,11500
1500,130,11500
1510,130,11500
1520,130,11500
1530,130,11500
1540,130,11500
1550,130,11500
1560,130,11500
1570,130,11500
1580,130,11500
1590,130,11500
1600,130,11500
1610,130,11500
1620,130,11500
1630,130,11500
1640,130,11500
1650,130,11500
1660,130,11500
1670,130,11500
1680,130,11500
1690,130,11500
1700,130,11500
1400,140,11500
1410,140,11500
1420,140,11500
1430,140,11500
1440,140,11500
1450,140,11500
1460,140,11500
1470,140,11500
1480,140,11500
1490,140,11500
1500,140,11500
1510,140,11500
1520,140,11500
1530,140,11500
1540,140,11500
1550,140,11500
1560,140,11500
1570,140,11500
1580,140,11500
1590,140,11500
1600,140,11500
1610,140,11500
1620,140,11500
1630,140,11500
1640,140,11500
1650,140,11500
1660,140,11500
1670,140,11500
1680,140,11500
1690,140,11500
1700,140,11500
1400,150,11500
1410,150,11500
1420,150,11500
1430,150,11500
1440,150,11500
1450,150,11500
1460,150,11500
1470,150,11500
1480,150,11500
1490,150,11500
1500,150,11500
1510,150,11500
1520,150,11500
1530,150,11500
1540,150,11500
1550,150,11500
1560,150,11500
1570,150,11500
1580,150,11500
1590,150,11500
1600,150,11500
1610,150,11500
1620,150,11500
1630,150,11500
1640,150,11500
1650,150,11500
1660,150,11500
1670,150,11500
1680,150,11500
1690,150,11500
1700,150,11500
1400,160,11500
1410,160,11500
1420,160,11500
1430,160,11500
1440,160,11500
1450,160,11500
1460,160,11500
1470,160,11500
1480,160,11500
1490,160,11500
1500,160,11500
1510,160,11500
1520,160,11500
1530,160,11500
1540,160,11500
1550,160,11500
1560,160,11500
1570,160,11500
1580,160,11500
1590,160,11500
1600,160,11500
1610,160,11500
1620,160,11500
1630,160,11500
1640,160,11500
1650,160,11500
1660,160,11500
1670,160,11500
1680,160,11500
1690,160,11500
1700,160,11500
1400,170,11500
1410,170,11500
1420,170,11500
1430,170,11500
1440,170,11500
1450,170,11500
1460,170,11500
1470,170,11500
1480,170,11500
1490,170,11500
1500,170,11500
1510,170,11500
1520,170,11500
1530,170,11500
1540,170,11500
1550,170,11500
1560,170,11500
1570,170,11500
1580,170,11500
1590,170,11500
1600,170,11500
1610,170,11500
1620,170,11500
1630,170,11500
1640,170,11500
1650,170,11500
1660,170,11500
1670,170,11500
1680,170,11500
1690,170,11500
1700,170,11500
1400,180,11500
1410,180,11500
1420,180,11500
1430,180,11500
1440,180,11500
1450,180,11500
1460,180,11500
1470,180,11500
1480,180,11500
1490,180,11500
1500,180,11500
1510,180,11500
1520,180,11500
1530,180,11500
1540,180,11500
1550,180,11500
1560,180,11500
1570,180,11500
1580,180,11500
1590,180,11500
1600,180,11500
1610,180,11500
1620,180,11500
1630,180,11500
1640,180,11500
1650,180,11500
1660,180,11500
1670,180,11500
1680,180,11500
1690,180,11500
1700,180,11500
1400,190,11500
1410,190,11500
1420,190,11500
1430,190,11500
1440,190,11500
1450,190,11500
1460,190,11500
1470,190,11500
1480,190,11500
1490,190,11500
1500,190,11500
1510,190,11500
1520,190,11500
1530,190,11500
1540,190,11500
1550,190,11500
1560,190,11500
1570,190,11500
1580,190,11500
1590,190,11500
1600,190,11500
1610,190,11500
1620,190,11500
1630,190,11500
1640,190,11500
1650,190,11500
1660,190,11500
1670,190,11500
1680,190,11500
1690,190,11500
1700,190,11500
1400,200,11500
1410,200,11500
1420,200,11500
1430,200,11500
1440,200,11500
1450,200,11500
1460,200,11500
1470,200,11500
1480,200,11500
1490,200,11500
1500,200,11500
1510,200,11500
1520,200,11500
1530,200,11500
1540,200,11500
1550,200,11500
1560,200,11500
1570,200,11500
1580,200,11500
1590,200,11500
1600,200,11500
1610,200,11500
1620,200,11500
1630,200,11500
1640,200,11500
1650,200,11500
1660,200,11500
1670,200,11500
1680,200,11500
1690,200,11500
1700,200,11500
1400,210,11500
1410,210,11500
1420,210,11500
1430,210,11500
1440,210,11500
1450,210,11500
1460,210,11500
1470,210,11500
1480,210,11500
1490,210,11500
1500,210,11500
1510,210,11500
1520,210,11500
1530,210,11500
1540,210,11500
1550,210,11500
1560,210,11500
1570,210,11500
1580,210,11500
1590,210,11500
1600,210,11500
1610,210,11500
1620,210,11500
1630,210,11500
1640,210,11500
1650,210,11500
1660,210,11500
1670,210,11500
1680,210,11500
1690,210,11500
1700,210,11500
1400,220,11500
1410,220,11500
1420,220,11500
1430,220,11500
1440,220,11500
1450,220,11500
1460,220,11500
1470,220,11500
1480,220,11500
1490,220,11500
1500,220,11500
1510,220,11500
1520,220,11500
1530,220,11500
1540,220,11500
1550,220,11500
1560,220,11500
1570,220,11500
1580,220,11500
1590,220,11500
1600,220,11500
1610,220,11500
1620,220,11500
1630,220,11500
1640,220,11500
1650,220,11500
1660,220,11500
1670,220,11500
1680,220,11500
1690,220,11500
1700,220,11500
1400,230,11500
1410,230,11500
1420,230,11500
1430,230,11500
1440,230,11500
1450,230,11500
1460,230,11500
1470,230,11500
1480,230,11500
1490,230,11500
1500,230,11500
1510,230,11500
1520,230,11500
1530,230,11500
1540,230,11500
1550,230,11500
1560,230,11500
1570,230,11500
1580,230,11500
1590,230,11500
1600,230,11500
1610,230,11500
1620,230,11500
1630,230,11500
1640,230,11500
1650,230,11500
1660,230,11500
1670,230,11500
1680,230,11500
1690,230,11500
1700,230,11500
1400,240,11500
1410,240,11500
1420,240,11500
1430,240,11500
1440,240,11500
1450,240,11500
1460,240,11500
1470,240,11500
1480,240,11500
1490,240,11500
1500,240,11500
1510,240,11500
1520,240,11500
1530,240,11500
1540,240,11500
1550,240,11500
1560,240,11500
1570,240,11500
1580,240,11500
1590,240,11500
1600,240,11500
1610,240,11500
1620,240,11500
1630,240,11500
1640,240,11500
1650,240,11500
1660,240,11500
1670,240,11500
1680,240,11500
1690,240,11500
1700,240,11500
1400,250,11500
1410,250,11500
1420,250,11500
1430,250,11500
1440,250,11500
1450,250,11500
1460,250,11500
1470,250,11500
1480,250,11500
1490,250,11500
1500,250,11500
1510,250,11500
1520,250,11500
1530,250,11500
1540,250,11500
1550,250,11500
1560,250,11500
1570,250,11500
1580,250,11500
1590,250,11500
1600,250,11500
1610,250,11500
1620,250,11500
1630,250,11500
1640,250,11500
1650,250,11500
1660,250,11500
1670,250,11500
1680,250,11500
1690,250,11500
1700,250,11500
1400,50,11750
1410,50,11750
1420,50,11750
1430,50,11750
1440,50,11750
1450,50,11750
1460,50,11750
1470,50,11750
1480,50,11750
1490,50,11750
1500,50,11750
1510,50,11750
1520,50,11750
1530,50,11750
1540,50,11750
1550,50,11750
1560,50,11750
1570,50,11750
1580,50,11750
1590,50,11750
1600,50,11750
1610,50,11750
1620,50,11750
1630,50,11750
1640,50,11750
1650,50,11750
1660,50,11750
1670,50,11750
1680,50,11750
1690,50,11750
1700,50,11750
1400,60,11750
1410,60,11750
1420,60,11750
1430,60,11750
1440,60,11750
1450,60,11750
1460,60,11750
1470,60,11750
1480,60,11750
1490,60,11750
1500,60,11750
1510,60,11750
1520,60,11750
1530,60,11750
1540,60,11750
1550,60,11750
1560,60,11750
1570,60,11750
1580,60,11750
1590,60,11750
1600,60,11750
1610,60,11750
1620,60,11750
1630,60,11750
1640,60,11750
1650,60,11750
1660,60,11750
1670,60,11750
1680,60,11750
1690,60,11750
1700,60,11750
1400,70,11750
1410,70,11750
1420,70,11750
1430,70,11750
1440,70,11750
1450,70,11750
1460,70,11750
1470,70,11750
1480,70,11750
1490,70,11750
1500,70,11750
1510,70,11750
1520,70,11750
1530,70,11750
1540,70,11750
1550,70,11750
1560,70,11750
1570,70,11750
1580,70,11750
1590,70,11750
1600,70,11750
1610,70,11750
1620,70,11750
1630,70,11750
1640,70,11750
1650,70,11750
1660,70,11750
1670,70,11750
1680,70,11750
1690,70,11750
1700,70,11750
1400,80,11750
1410,80,11750
1420,80,11750
1430,80,11750
1440,80,11750
1450,80,11750
1460,80,11750
1470,80,11750
1480,80,11750
1490,80,11750
1500,80,11750
1510,80,11750
1520,80,11750
1530,80,11750
1540,80,11750
1550,80,11750
1560,80,11750
1570,80,11750
1580,80,11750
1590,80,11750
1600,80,11750
1610,80,11750
1620,80,11750
1630,80,11750
1640,80,11750
1650,80,11750
1660,80,11750
1670,80,11750
1680,80,11750
1690,80,11750
1700,80,11750
1400,90,11750
1410,90,11750
1420,90,11750
1430,90,11750
1440,90,11750
1450,90,11750
1460,90,11750
1470,90,11750
1480,90,11750
1490,90,11750
1500,90,11750
1510,90,11750
1520,90,11750
1530,90,11750
1540,90,11750
1550,90,11750
1560,90,11750
1570,90,11750
1580,90,11750
1590,90,11750
1600,90,11750
1610,90,11750
1620,90,11750
1630,90,11750
1640,90,11750
1650,90,11750
1660,90,11750
1670,90,11750
1680,90,11750
1690,90,11750
1700,90,11750
1400,100,11750
1410,100,11750
1420,100,11750
1430,100,11750
1440,100,11750
1450,100,11750
1460,100,11750
1470,100,11750
1480,100,11750
1490,100,11750
1500,100,11750
1510,100,11750
1520,100,11750
1530,100,11750
1540,100,11750
1550,100,11750
1560,100,11750
1570,100,11750
1580,100,11750
1590,100,11750
1600,100,11750
1610,100,11750
1620,100,11750
1630,100,11750
1640,100,11750
1650,100,11750
1660,100,11750
1670,100,11750
1680,100,11750
1690,100,11750
1700,100,11750
1400,110,11750
1410,110,11750
1420,110,11750
1430,110,11750
1440,110,11750
1450,110,11750
1460,110,11750
1470,110,11750
1480,110,11750
1490,110,11750
1500,110,11750
1510,110,11750
1520,110,11750
1530,110,11750
1540,110,11750
1550,110,11750
1560,110,11750
1570,110,11750
1580,110,11750
1590,110,11750
1600,110,11750
1610,110,11750
1620,110,11750
1630,110,11750
1640,110,11750
1650,110,11750
1660,110,11750
1670,110,11750
1680,110,11750
1690,110,11750
1700,110,11750
1400,120,11750
1410,120,11750
1420,120,11750
1430,120,11750
1440,120,11750
1450,120,11750
1460,120,11750
1470,120,11750
1480,120,11750
1490,120,11750
1500,120,11750
1510,120,11750
1520,120,11750
1530,120,11750
1540,120,11750
1550,120,11750
1560,120,11750
1570,120,11750
1580,120,11750
1590,120,11750
1600,120,11750
1610,120,11750
1620,120,11750
1630,120,11750
1640,120,11750
1650,120,11750
1660,120,11750
1670,120,11750
1680,120,11750
1690,120,11750
1700,120,11750
1400,130,11750
1410,130,11750
1420,130,11750
1430,130,11750
1440,130,11750
1450,130,11750
1460,130,11750
1470,130,11750
1480,130,11750
1490,130,11750
1500,130,11750
1510,130,11750
1520,130,11750
1530,130,11750
1540,130,11750
1550,130,11750
1560,130,11750
1570,130,11750
1580,130,11750
1590,130,11750
1600,130,11750
1610,130,11750
1620,130,11750
1630,130,11750
1640,130,11750
1650,130,11750
1660,130,11750
1670,130,11750
1680,130,11750
1690,130,11750
1700,130,11750
1400,140,11750
1410,140,11750
1420,140,11750
1430,140,11750
1440,140,11750
1450,140,11750
1460,140,11750
1470,140,11750
1480,140,11750
1490,140,11750
1500,140,11750
1510,140,11750
1520,140,11750
1530,140,11750
1540,140,11750
1550,140,11750
1560,140,11750
1570,140,11750
1580,140,11750
1590,140,11750
1600,140,11750
1610,140,11750
1620,140,11750
1630,140,11750
1640,140,11750
1650,140,11750
1660,140,11750
1670,140,11750
1680,140,11750
1690,140,11750
1700,140,11750
1400,150,11750
1410,150,11750
1420,150,11750
1430,150,11750
1440,150,11750
1450,150,11750
1460,150,11750
1470,150,11750
1480,150,11750
1490,150,11750
1500,150,11750
1510,150,11750
1520,150,11750
1530,150,11750
1540,150,11750
1550,150,11750
1560,150,11750
1570,150,11750
1580,150,11750
1590,150,11750
1600,150,11750
1610,150,11750
1620,150,11750
1630,150,11750
1640,150,11750
1650,150,11750
1660,150,11750
1670,150,11750
1680,150,11750
1690,150,11750
1700,150,11750
1400,160,11750
1410,160,11750
1420,160,11750
1430,160,11750
1440,160,11750
1450,160,11750
1460,160,11750
1470,160,11750
1480,160,11750
1490,160,11750
1500,160,11750
1510,160,11750
1520,160,11750
1530,160,11750
1540,160,11750
1550,160,11750
1560,160,11750
1570,160,11750
1580,160,11750
1590,160,11750
1600,160,11750
1610,160,11750
1620,160,11750
1630,160,11750
1640,160,11750
1650,160,11750
1660,160,11750
1670,160,11750
1680,160,11750
1690,160,11750
1700,160,11750
1400,170,11750
1410,170,11750
1420,170,11750
1430,170,11750
1440,170,11750
1450,170,11750
1460,170,11750
1470,170,11750
1480,170,11750
1490,170,11750
1500,170,11750
1510,170,11750
1520,170,11750
1530,170,11750
1540,170,11750
1550,170,11750
1560,170,11750
1570,170,11750
1580,170,11750
1590,170,11750
1600,170,11750
1610,170,11750
1620,170,11750
1630,170,11750
1640,170,11750
1650,170,11750
1660,170,11750
1670,170,11750
1680,170,11750
1690,170,11750
1700,170,11750
1400,180,11750
1410,180,11750
1420,180,11750
1430,180,11750
1440,180,11750
1450,180,11750
1460,180,11750
1470,180,11750
1480,180,11750
1490,180,11750
1500,180,11750
1510,180,11750
1520,180,11750
1530,180,11750
1540,180,11750
1550,180,11750
1560,180,11750
1570,180,11750
1580,180,11750
1590,180,11750
1600,180,11750
1610,180,11750
1620,180,11750
1630,180,11750
1640,180,11750
1650,180,11750
1660,180,11750
1670,180,11750
1680,180,11750
1690,180,11750
1700,180,11750
1400,190,11750
1410,190,11750
1420,190,11750
1430,190,11750
1440,190,11750
1450,190,11750
1460,190,11750
1470,190,11750
1480,190,11750
1490,190,11750
1500,190,11750
1510,190,11750
1520,190,11750
1530,190,11750
1540,190,11750
1550,190,11750
1560,190,11750
1570,190,11750
1580,190,11750
1590,190,11750
1600,190,11750
1610,190,11750
1620,190,11750
1630,190,11750
1640,190,11750
1650,190,11750
1660,190,11750
1670,190,11750
1680,190,11750
1690,190,11750
1700,190,11750
1400,200,11750
1410,200,11750
1420,200,11750
1430,200,11750
1440,200,11750
1450,200,11750
1460,200,11750
1470,200,11750
1480,200,11750
1490,200,11750
1500,200,11750
1510,200,11750
1520,200,11750
1530,200,11750
1540,200,11750
1550,200,11750
1560,200,11750
1570,200,11750
1580,200,11750
1590,200,11750
1600,200,11750
1610,200,11750
1620,200,11750
1630,200,11750
1640,200,11750
1650,200,11750
1660,200,11750
1670,200,11750
1680,200,11750
1690,200,11750
1700,200,11750
1400,210,11750
1410,210,11750
1420,210,11750
1430,210,11750
1440,210,11750
1450,210,11750
1460,210,11750
1470,210,11750
1480,210,11750
1490,210,11750
1500,210,11750
1510,210,11750
1520,210,11750
1530,210,11750
1540,210,11750
1550,210,11750
1560,210,11750
1570,210,11750
1580,210,11750
1590,210,11750
1600,210,11750
1610,210,11750
1620,210,11750
1630,210,11750
1640,210,11750
1650,210,11750
1660,210,11750
1670,210,11750
1680,210,11750
1690,210,11750
1700,210,11750
1400,220,11750
1410,220,11750
1420,220,11750
1430,220,11750
1440,220,11750
1450,220,11750
1460,220,11750
1470,220,11750
1480,220,11750
1490,220,11750
1500,220,11750
1510,220,11750
1520,220,11750
1530,220,11750
1540,220,11750
1550,220,11750
1560,220,11750
1570,220,11750
1580,220,11750
1590,220,11750
1600,220,11750
1610,220,11750
1620,220,11750
1630,220,11750
1640,220,11750
1650,220,11750
1660,220,11750
1670,220,11750
1680,220,11750
1690,220,11750
1700,220,11750
1400,230,11750
1410,230,11750
1420,230,11750
1430,230,11750
1440,230,11750
1450,230,11750
1460,230,11750
1470,230,11750
1480,230,11750
1490,230,11750
1500,230,11750
1510,230,11750
1520,230,11750
1530,230,11750
1540,230,11750
1550,230,11750
1560,230,11750
1570,230,11750
1580,230,11750
1590,230,11750
1600,230,11750
1610,230,11750
1620,230,11750
1630,230,11750
1640,230,11750
1650,230,11750
1660,230,11750
1670,230,11750
1680,230,11750
1690,230,11750
1700,230,11750
1400,240,11750
1410,240,11750
1420,240,11750
1430,240,11750
1440,240,11750
1450,240,11750
1460,240,11750
1470,240,11750
1480,240,11750
1490,240,11750
1500,240,11750
1510,240,11750
1520,240,11750
1530,240,11750
1540,240,11750
1550,240,11750
1560,240,11750
1570,240,11750
1580,240,11750
1590,240,11750
1600,240,11750
1610,240,11750
1620,240,11750
1630,240,11750
1640,240,11750
1650,240,11750
1660,240,11750
1670,240,11750
1680,240,11750
1690,240,11750
1700,240,11750
1400,250,11750
1410,250,11750
1420,250,11750
1430,250,11750
1440,250,11750
1450,250,11750
1460,250,11750
1470,250,11750
1480,250,11750
1490,250,11750
1500,250,11750
1510,250,11750
1520,250,11750
1530,250,11750
1540,250,11750
1550,250,11750
1560,250,11750
1570,250,11750
1580,250,11750
1590,250,11750
1600,250,11750
1610,250,11750
1620,250,11750
1630,250,11750
1640,250,11750
1650,250,11750
1660,250,11750
1670,250,11750
1680,250,11750
1690,250,11750
1700,250,11750
1400,50,12000
1410,50,12000
1420,50,12000
1430,50,12000
1440,50,12000
1450,50,12000
1460,50,12000
1470,50,12000
1480,50,12000
1490,50,12000
1500,50,12000
1510,50,12000
1520,50,12000
1530,50,12000
1540,50,12000
1550,50,12000
1560,50,12000
1570,50,12000
1580,50,12000
1590,50,12000
1600,50,12000
1610,50,12000
1620,50,12000
1630,50,12000
1640,50,12000
1650,50,12000
1660,50,12000
1670,50,12000
1680,50,12000
1690,50,12000
1700,50,12000
1400,60,12000
1410,60,12000
1420,60,12000
1430,60,12000
1440,60,12000
1450,60,12000
1460,60,12000
1470,60,12000
1480,60,12000
1490,60,12000
1500,60,12000
1510,60,12000
1520,60,12000
1530,60,12000
1540,60,12000
1550,60,12000
1560,60,12000
1570,60,12000
1580,60,12000
1590,60,12000
1600,60,12000
1610,60,12000
1620,60,12000
1630,60,12000
1640,60,12000
1650,60,12000
1660,60,12000
1670,60,12000
1680,60,12000
1690,60,12000
1700,60,12000
1400,70,12000
1410,70,12000
1420,70,12000
1430,70,12000
1440,70,12000
1450,70,12000
1460,70,12000
1470,70,12000
1480,70,12000
1490,70,12000
1500,70,12000
1510,70,12000
1520,70,12000
1530,70,12000
1540,70,12000
1550,70,12000
1560,70,12000
1570,70,12000
1580,70,12000
1590,70,12000
1600,70,12000
1610,70,12000
1620,70,12000
1630,70,12000
1640,70,12000
1650,70,12000
1660,70,12000
1670,70,12000
1680,70,12000
1690,70,12000
1700,70,12000
1400,80,12000
1410,80,12000
1420,80,12000
1430,80,12000
1440,80,12000
1450,80,12000
1460,80,12000
1470,80,12000
1480,80,12000
1490,80,12000
1500,80,12000
1510,80,12000
1520,80,12000
1530,80,12000
1540,80,12000
1550,80,12000
1560,80,12000
1570,80,12000
1580,80,12000
1590,80,12000
1600,80,12000
1610,80,12000
1620,80,12000
1630,80,12000
1640,80,12000
1650,80,12000
1660,80,12000
1670,80,12000
1680,80,12000
1690,80,12000
1700,80,12000
1400,90,12000
1410,90,12000
1420,90,12000
1430,90,12000
1440,90,12000
1450,90,12000
1460,90,12000
1470,90,12000
1480,90,12000
1490,90,12000
1500,90,12000
1510,90,12000
1520,90,12000
1530,90,12000
1540,90,12000
1550,90,12000
1560,90,12000
1570,90,12000
1580,90,12000
1590,90,12000
1600,90,12000
1610,90,12000
1620,90,12000
1630,90,12000
1640,90,12000
1650,90,12000
1660,90,12000
1670,90,12000
1680,90,12000
1690,90,12000
1700,90,12000
1400,100,12000
1410,100,12000
1420,100,12000
1430,100,12000
1440,100,12000
1450,100,12000
1460,100,12000
1470,100,12000
1480,100,12000
1490,100,12000
1500,100,12000
1510,100,12000
1520,100,12000
1530,100,12000
1540,100,12000
1550,100,12000
1560,100,12000
1570,100,12000
1580,100,12000
1590,100,12000
1600,100,12000
1610,100,12000
1620,100,12000
1630,100,12000
1640,100,12000
1650,100,12000
1660,100,12000
1670,100,12000
1680,100,12000
1690,100,12000
1700,100,12000
1400,110,12000
1410,110,12000
1420,110,12000
1430,110,12000
1440,110,12000
1450,110,12000
1460,110,12000
1470,110,12000
1480,110,12000
1490,110,12000
1500,110,12000
1510,110,12000
1520,110,12000
1530,110,12000
1540,110,12000
1550,110,12000
1560,110,12000
1570,110,12000
1580,110,12000
1590,110,12000
1600,110,12000
1610,110,12000
1620,110,12000
1630,110,12000
1640,110,12000
1650,110,12000
1660,110,12000
1670,110,12000
1680,110,12000
1690,110,12000
1700,110,12000
1400,120,12000
1410,120,12000
1420,120,12000
1430,120,12000
1440,120,12000
1450,120,12000
1460,120,12000
1470,120,12000
1480,120,12000
1490,120,12000
1500,120,12000
1510,120,12000
1520,120,12000
1530,120,12000
1540,120,12000
1550,120,12000
1560,120,12000
1570,120,12000
1580,120,12000
1590,120,12000
1600,120,12000
1610,120,12000
1620,120,12000
1630,120,12000
1640,120,12000
1650,120,12000
1660,120,12000
1670,120,12000
1680,120,12000
1690,120,12000
1700,120,12000
1400,130,12000
1410,130,12000
1420,130,12000
1430,130,12000
1440,130,12000
1450,130,12000
1460,130,12000
1470,130,12000
1480,130,12000
1490,130,12000
1500,130,12000
1510,130,12000
1520,130,12000
1530,130,12000
1540,130,12000
1550,130,12000
1560,130,12000
1570,130,12000
1580,130,12000
1590,130,12000
1600,130,12000
1610,130,12000
1620,130,12000
1630,130,12000
1640,130,12000
1650,130,12000
1660,130,12000
1670,130,12000
1680,130,12000
1690,130,12000
1700,130,12000
1400,140,12000
1410,140,12000
1420,140,12000
1430,140,12000
1440,140,12000
1450,140,12000
1460,140,12000
1470,140,12000
1480,140,12000
1490,140,12000
1500,140,12000
1510,140,12000
1520,140,12000
1530,140,12000
1540,140,12000
1550,140,12000
1560,140,12000
1570,140,12000
1580,140,12000
1590,140,12000
1600,140,12000
1610,140,12000
1620,140,12000
1630,140,12000
1640,140,12000
1650,140,12000
1660,140,12000
1670,140,12000
1680,140,12000
1690,140,12000
1700,140,12000
1400,150,12000
1410,150,12000
1420,150,12000
1430,150,12000
1440,150,12000
1450,150,12000
1460,150,12000
1470,150,12000
1480,150,12000
1490,150,12000
1500,150,12000
1510,150,12000
1520,150,12000
1530,150,12000
1540,150,12000
1550,150,12000
1560,150,12000
1570,150,12000
1580,150,12000
1590,150,12000
1600,150,12000
1610,150,12000
1620,150,12000
1630,150,12000
1640,150,12000
1650,150,12000
1660,150,12000
1670,150,12000
1680,150,12000
1690,150,12000
1700,150,12000
1400,160,12000
1410,160,12000
1420,160,12000
1430,160,12000
1440,160,12000
1450,160,12000
1460,160,12000
1470,160,12000
1480,160,12000
1490,160,12000
1500,160,12000
1510,160,12000
1520,160,12000
1530,160,12000
1540,160,12000
1550,160,12000
1560,160,12000
1570,160,12000
1580,160,12000
1590,160,12000
1600,160,12000
1610,160,12000
1620,160,12000
1630,160,12000
1640,160,12000
1650,160,12000
1660,160,12000
1670,160,12000
1680,160,12000
1690,160,12000
1700,160,12000
1400,170,12000
1410,170,12000
1420,170,12000
1430,170,12000
1440,170,12000
1450,170,12000
1460,170,12000
1470,170,12000
1480,170,12000
1490,170,12000
1500,170,12000
1510,170,12000
1520,170,12000
1530,170,12000
1540,170,12000
1550,170,12000
1560,170,12000
1570,170,12000
1580,170,12000
1590,170,12000
1600,170,12000
1610,170,12000
1620,170,12000
1630,170,12000
1640,170,12000
1650,170,12000
1660,170,12000
1670,170,12000
1680,170,12000
1690,170,12000
1700,170,12000
1400,180,12000
1410,180,12000
1420,180,12000
1430,180,12000
1440,180,12000
1450,180,12000
1460,180,12000
1470,180,12000
1480,180,12000
1490,180,12000
1500,180,12000
1510,180,12000
1520,180,12000
1530,180,12000
1540,180,12000
1550,180,12000
1560,180,12000
1570,180,12000
1580,180,12000
1590,180,12000
1600,180,12000
1610,180,12000
1620,180,12000
1630,180,12000
1640,180,12000
1650,180,12000
1660,180,12000
1670,180,12000
1680,180,12000
1690,180,12000
1700,180,12000
1400,190,12000
1410,190,12000
1420,190,12000
1430,190,12000
1440,190,12000
1450,190,12000
1460,190,12000
1470,190,12000
1480,190,12000
1490,190,12000
1500,190,12000
1510,190,12000
1520,190,12000
1530,190,12000
1540,190,12000
1550,190,12000
1560,190,12000
1570,190,12000
1580,190,12000
1590,190,12000
1600,190,12000
1610,190,12000
1620,190,12000
1630,190,12000
1640,190,12000
1650,190,12000
1660,190,12000
1670,190,12000
1680,190,12000
1690,190,12000
1700,190,12000
1400,200,12000
1410,200,12000
1420,200,12000
1430,200,12000
1440,200,12000
1450,200,12000
1460,200,12000
1470,200,12000
1480,200,12000
1490,200,12000
1500,200,12000
1510,200,12000
1520,200,12000
1530,200,12000
1540,200,12000
1550,200,12000
1560,200,12000
1570,200,12000
1580,200,12000
1590,200,12000
1600,200,12000
1610,200,12000
1620,200,12000
1630,200,12000
1640,200,12000
1650,200,12000
1660,200,12000
1670,200,12000
1680,200,12000
1690,200,12000
1700,200,12000
1400,210,12000
1410,210,12000
1420,210,12000
1430,210,12000
1440,210,12000
1450,210,12000
1460,210,12000
1470,210,12000
1480,210,12000
1490,210,12000
1500,210,12000
1510,210,12000
1520,210,12000
1530,210,12000
1540,210,12000
1550,210,12000
1560,210,12000
1570,210,12000
1580,210,12000
1590,210,12000
1600,210,12000
1610,210,12000
1620,210,12000
1630,210,12000
1640,210,12000
1650,210,12000
1660,210,12000
1670,210,12000
1680,210,12000
1690,210,12000
1700,210,12000
1400,220,12000
1410,220,12000
1420,220,12000
1430,220,12000
1440,220,12000
1450,220,12000
1460,220,12000
1470,220,12000
1480,220,12000
1490,220,12000
1500,220,12000
1510,220,12000
1520,220,12000
1530,220,12000
1540,220,12000
1550,220,12000
1560,220,12000
1570,220,12000
1580,220,12000
1590,220,12000
1600,220,12000
1610,220,12000
1620,220,12000
1630,220,12000
1640,220,12000
1650,220,12000
1660,220,12000
1670,220,12000
1680,220,12000
1690,220,12000
1700,220,12000
1400,230,12000
1410,230,12000
1420,230,12000
1430,230,12000
1440,230,12000
1450,230,12000
1460,230,12000
1470,230,12000
1480,230,12000
1490,230,12000
1500,230,12000
1510,230,12000
1520,230,12000
1530,230,12000
1540,230,12000
1550,230,12000
1560,230,12000
1570,230,12000
1580,230,12000
1590,230,12000
1600,230,12000
1610,230,12000
1620,230,12000
1630,230,12000
1640,230,12000
1650,230,12000
1660,230,12000
1670,230,12000
1680,230,12000
1690,230,12000
1700,230,12000
1400,240,12000
1410,240,12000
1420,240,12000
1430,240,12000
1440,240,12000
1450,240,12000
1460,240,12000
1470,240,12000
1480,240,12000
1490,240,12000
1500,240,12000
1510,240,12000
1520,240,12000
1530,240,12000
1540,240,12000
1550,240,12000
1560,240,12000
1570,240,12000
1580,240,12000
1590,240,12000
1600,240,12000
1610,240,12000
1620,240,12000
1630,240,12000
1640,240,12000
1650,240,12000
1660,240,12000
1670,240,12000
1680,240,12000
1690,240,12000
1700,240,12000
1400,250,12000
1410,250,12000
1420,250,12000
1430,250,12000
1440,250,12000
1450,250,12000
1460,250,12000
1470,250,12000
1480,250,12000
1490,250,12000
1500,250,12000
1510,250,12000
1520,250,12000
1530,250,12000
1540,250,12000
1550,250,12000
1560,250,12000
1570,250,12000
1580,250,12000
1590,250,12000
1600,250,12000
1610,250,12000
1620,250,12000
1630,250,12000
1640,250,12000
1650,250,12000
1660,250,12000
1670,250,12000
1680,250,12000
1690,250,12000
1700,250,12000
1400,50,12250
1410,50,12250
1420,50,12250
1430,50,12250
1440,50,12250
1450,50,12250
1460,50,12250
1470,50,12250
1480,50,12250
1490,50,12250
1500,50,12250
1510,50,12250
1520,50,12250
1530,50,12250
1540,50,12250
1550,50,12250
1560,50,12250
1570,50,12250
1580,50,12250
1590,50,12250
1600,50,12250
1610,50,12250
1620,50,12250
1630,50,12250
1640,50,12250
1650,50,12250
1660,50,12250
1670,50,12250
1680,50,12250
1690,50,12250
1700,50,12250
1400,60,12250
1410,60,12250
1420,60,12250
1430,60,12250
1440,60,12250
1450,60,12250
1460,60,12250
1470,60,12250
1480,60,12250
1490,60,12250
1500,60,12250
1510,60,12250
1520,60,12250
1530,60,12250
1540,60,12250
1550,60,12250
1560,60,12250
1570,60,12250
1580,60,12250
1590,60,12250
1600,60,12250
1610,60,12250
1620,60,12250
1630,60,12250
1640,60,12250
1650,60,12250
1660,60,12250
1670,60,12250
1680,60,12250
1690,60,12250
1700,60,12250
1400,70,12250
1410,70,12250
1420,70,12250
1430,70,12250
1440,70,12250
1450,70,12250
1460,70,12250
1470,70,12250
1480,70,12250
1490,70,12250
1500,70,12250
1510,70,12250
1520,70,12250
1530,70,12250
1540,70,12250
1550,70,12250
1560,70,12250
1570,70,12250
1580,70,12250
1590,70,12250
1600,70,12250
1610,70,12250
1620,70,12250
1630,70,12250
1640,70,12250
1650,70,12250
1660,70,12250
1670,70,12250
1680,70,12250
1690,70,12250
1700,70,12250
1400,80,12250
1410,80,12250
1420,80,12250
1430,80,12250
1440,80,12250
1450,80,12250
1460,80,12250
1470,80,12250
1480,80,12250
1490,80,12250
1500,80,12250
1510,80,12250
1520,80,12250
1530,80,12250
1540,80,12250
1550,80,12250
1560,80,12250
1570,80,12250
1580,80,12250
1590,80,12250
1600,80,12250
1610,80,12250
1620,80,12250
1630,80,12250
1640,80,12250
1650,80,12250
1660,80,12250
1670,80,12250
1680,80,12250
1690,80,12250
1700,80,12250
1400,90,12250
1410,90,12250
1420,90,12250
1430,90,12250
1440,90,12250
1450,90,12250
1460,90,12250
1470,90,12250
1480,90,12250
1490,90,12250
1500,90,12250
1510,90,12250
1520,90,12250
1530,90,12250
1540,90,12250
1550,90,12250
1560,90,12250
1570,90,12250
1580,90,12250
1590,90,12250
1600,90,12250
1610,90,12250
1620,90,12250
1630,90,12250
1640,90,12250
1650,90,12250
1660,90,12250
1670,90,12250
1680,90,12250
1690,90,12250
1700,90,12250
1400,100,12250
1410,100,12250
1420,100,12250
1430,100,12250
1440,100,12250
1450,100,12250
1460,100,12250
1470,100,12250
1480,100,12250
1490,100,12250
1500,100,12250
1510,100,12250
1520,100,12250
1530,100,12250
1540,100,12250
1550,100,12250
1560,100,12250
1570,100,12250
1580,100,12250
1590,100,12250
1600,100,12250
1610,100,12250
1620,100,12250
1630,100,12250
1640,100,12250
1650,100,12250
1660,100,12250
1670,100,12250
1680,100,12250
1690,100,12250
1700,100,12250
1400,110,12250
1410,110,12250
1420,110,12250
1430,110,12250
1440,110,12250
1450,110,12250
1460,110,12250
1470,110,12250
1480,110,12250
1490,110,12250
1500,110,12250
1510,110,12250
1520,110,12250
1530,110,12250
1540,110,12250
1550,110,12250
1560,110,12250
1570,110,12250
1580,110,12250
1590,110,12250
1600,110,12250
1610,110,12250
1620,110,12250
1630,110,12250
1640,110,12250
1650,110,12250
1660,110,12250
1670,110,12250
1680,110,12250
1690,110,12250
1700,110,12250
1400,120,12250
1410,120,12250
1420,120,12250
1430,120,12250
1440,120,12250
1450,120,12250
1460,120,12250
1470,120,12250
1480,120,12250
1490,120,12250
1500,120,12250
1510,120,12250
1520,120,12250
1530,120,12250
1540,120,12250
1550,120,12250
1560,120,12250
1570,120,12250
1580,120,12250
1590,120,12250
1600,120,12250
1610,120,12250
1620,120,12250
1630,120,12250
1640,120,12250
1650,120,12250
1660,120,12250
1670,120,12250
1680,120,12250
1690,120,12250
1700,120,12250
1400,130,12250
1410,130,12250
1420,130,12250
1430,130,12250
1440,130,12250
1450,130,12250
1460,130,12250
1470,130,12250
1480,130,12250
1490,130,12250
1500,130,12250
1510,130,12250
1520,130,12250
1530,130,12250
1540,130,12250
1550,130,12250
1560,130,12250
1570,130,12250
1580,130,12250
1590,130,12250
1600,130,12250
1610,130,12250
1620,130,12250
1630,130,12250
1640,130,12250
1650,130,12250
1660,130,12250
1670,130,12250
1680,130,12250
1690,130,12250
1700,130,12250
1400,140,12250
1410,140,12250
1420,140,12250
1430,140,12250
1440,140,12250
1450,140,12250
1460,140,12250
1470,140,12250
1480,140,12250
1490,140,12250
1500,140,12250
1510,140,12250
1520,140,12250
1530,140,12250
1540,140,12250
1550,140,12250
1560,140,12250
1570,140,12250
1580,140,12250
1590,140,12250
1600,140,12250
1610,140,12250
1620,140,12250
1630,140,12250
1640,140,12250
1650,140,12250
1660,140,12250
1670,140,12250
1680,140,12250
1690,140,12250
1700,140,12250
1400,150,12250
1410,150,12250
1420,150,12250
1430,150,12250
1440,150,12250
1450,150,12250
1460,150,12250
1470,150,12250
1480,150,12250
1490,150,12250
1500,150,12250
1510,150,12250
1520,150,12250
1530,150,12250
1540,150,12250
1550,150,12250
1560,150,12250
1570,150,12250
1580,150,12250
1590,150,12250
1600,150,12250
1610,150,12250
1620,150,12250
1630,150,12250
1640,150,12250
1650,150,12250
1660,150,12250
1670,150,12250
1680,150,12250
1690,150,12250
1700,150,12250
1400,160,12250
1410,160,12250
1420,160,12250
1430,160,12250
1440,160,12250
1450,160,12250
1460,160,12250
1470,160,12250
1480,160,12250
1490,160,12250
1500,160,12250
1510,160,12250
1520,160,12250
1530,160,12250
1540,160,12250
1550,160,12250
1560,160,12250
1570,160,12250
1580,160,12250
1590,160,12250
1600,160,12250
1610,160,12250
1620,160,12250
1630,160,12250
1640,160,12250
1650,160,12250
1660,160,12250
1670,160,12250
1680,160,12250
1690,160,12250
1700,160,12250
1400,170,12250
1410,170,12250
1420,170,12250
1430,170,12250
1440,170,12250
1450,170,12250
1460,170,12250
1470,170,12250
1480,170,12250
1490,170,12250
1500,170,12250
1510,170,12250
1520,170,12250
1530,170,12250
1540,170,12250
1550,170,12250
1560,170,12250
1570,170,12250
1580,170,12250
1590,170,12250
1600,170,12250
1610,170,12250
1620,170,12250
1630,170,12250
1640,170,12250
1650,170,12250
1660,170,12250
1670,170,12250
1680,170,12250
1690,170,12250
1700,170,12250
1400,180,12250
1410,180,12250
1420,180,12250
1430,180,12250
1440,180,12250
1450,180,12250
1460,180,12250
1470,180,12250
1480,180,12250
1490,180,12250
1500,180,12250
1510,180,12250
1520,180,12250
1530,180,12250
1540,180,12250
1550,180,12250
1560,180,12250
1570,180,12250
1580,180,12250
1590,180,12250
1600,180,12250
1610,180,12250
1620,180,12250
1630,180,12250
1640,180,12250
1650,180,12250
1660,180,12250
1670,180,12250
1680,180,12250
1690,180,12250
1700,180,12250
1400,190,12250
1410,190,12250
1420,190,12250
1430,190,12250
1440,190,12250
1450,190,12250
1460,190,12250
1470,190,12250
1480,190,12250
1490,190,12250
1500,190,12250
1510,190,12250
1520,190,12250
1530,190,12250
1540,190,12250
1550,190,12250
1560,190,12250
1570,190,12250
1580,190,12250
1590,190,12250
1600,190,12250
1610,190,12250
1620,190,12250
1630,190,12250
1640,190,12250
1650,190,12250
1660,190,12250
1670,190,12250
1680,190,12250
1690,190,12250
1700,190,12250
1400,200,12250
1410,200,12250
1420,200,12250
1430,200,12250
1440,200,12250
1450,200,12250
1460,200,12250
1470,200,12250
1480,200,12250
1490,200,12250
1500,200,12250
1510,200,12250
1520,200,12250
1530,200,12250
1540,200,12250
1550,200,12250
1560,200,12250
1570,200,12250
1580,200,12250
1590,200,12250
1600,200,12250
1610,200,12250
1620,200,12250
1630,200,12250
1640,200,12250
1650,200,12250
1660,200,12250
1670,200,12250
1680,200,12250
1690,200,12250
1700,200,12250
1400,210,12250
1410,210,12250
1420,210,12250
1430,210,12250
1440,210,12250
1450,210,12250
1460,210,12250
1470,210,12250
1480,210,12250
1490,210,12250
1500,210,12250
1510,210,12250
1520,210,12250
1530,210,12250
1540,210,12250
1550,210,12250
1560,210,12250
1570,210,12250
1580,210,12250
1590,210,12250
1600,210,12250
1610,210,12250
1620,210,12250
1630,210,12250
1640,210,12250
1650,210,12250
1660,210,12250
1670,210,12250
1680,210,12250
1690,210,12250
1700,210,12250
1400,220,12250
1410,220,12250
1420,220,12250
1430,220,12250
1440,220,12250
1450,220,12250
1460,220,12250
1470,220,12250
1480,220,12250
1490,220,12250
1500,220,12250
1510,220,12250
1520,220,12250
1530,220,12250
1540,220,12250
1550,220,12250
1560,220,12250
1570,220,12250
1580,220,12250
1590,220,12250
1600,220,12250
1610,220,12250
1620,220,12250
1630,220,12250
1640,220,12250
1650,220,12250
1660,220,12250
1670,220,12250
1680,220,12250
1690,220,12250
1700,220,12250
1400,230,12250
1410,230,12250
1420,230,12250
1430,230,12250
1440,230,12250
1450,230,12250
1460,230,12250
1470,230,12250
1480,230,12250
1490,230,12250
1500,230,12250
1510,230,12250
1520,230,12250
1530,230,12250
1540,230,12250
1550,230,12250
1560,230,12250
1570,230,12250
1580,230,12250
1590,230,12250
1600,230,12250
1610,230,12250
1620,230,12250
1630,230,12250
1640,230,12250
1650,230,12250
1660,230,12250
1670,230,12250
1680,230,12250
1690,230,12250
1700,230,12250
1400,240,12250
1410,240,12250
1420,240,12250
1430,240,12250
1440,240,12250
1450,240,12250
1460,240,12250
1470,240,12250
1480,240,12250
1490,240,12250
1500,240,12250
1510,240,12250
1520,240,12250
1530,240,12250
1540,240,12250
1550,240,12250
1560,240,12250
1570,240,12250
1580,240,12250
1590,240,12250
1600,240,12250
1610,240,12250
1620,240,12250
1630,240,12250
1640,240,12250
1650,240,12250
1660,240,12250
1670,240,12250
1680,240,12250
1690,240,12250
1700,240,12250
1400,250,12250
1410,250,12250
1420,250,12250
1430,250,12250
1440,250,12250
1450,250,12250
1460,250,12250
1470,250,12250
1480,250,12250
1490,250,12250
1500,250,12250
1510,250,12250
1520,250,12250
1530,250,12250
1540,250,12250
1550,250,12250
1560,250,12250
1570,250,12250
1580,250,12250
1590,250,12250
1600,250,12250
1610,250,12250
1620,250,12250
1630,250,12250
1640,250,12250
1650,250,12250
1660,250,12250
1670,250,12250
1680,250,12250
1690,250,12250
1700,250,12250
1400,50,12500
1410,50,12500
1420,50,12500
1430,50,12500
1440,50,12500
1450,50,12500
1460,50,12500
1470,50,12500
1480,50,12500
1490,50,12500
1500,50,12500
1510,50,12500
1520,50,12500
1530,50,12500
1540,50,12500
1550,50,12500
1560,50,12500
1570,50,12500
1580,50,12500
1590,50,12500
1600,50,12500
1610,50,12500
1620,50,12500
1630,50,12500
1640,50,12500
1650,50,12500
1660,50,12500
1670,50,12500
1680,50,12500
1690,50,12500
1700,50,12500
1400,60,12500
1410,60,12500
1420,60,12500
1430,60,12500
1440,60,12500
1450,60,12500
1460,60,12500
1470,60,12500
1480,60,12500
1490,60,12500
1500,60,12500
1510,60,12500
1520,60,12500
1530,60,12500
1540,60,12500
1550,60,12500
1560,60,12500
1570,60,12500
1580,60,12500
1590,60,12500
1600,60,12500
1610,60,12500
1620,60,12500
1630,60,12500
1640,60,12500
1650,60,12500
1660,60,12500
1670,60,12500
1680,60,12500
1690,60,12500
1700,60,12500
1400,70,12500
1410,70,12500
1420,70,12500
1430,70,12500
1440,70,12500
1450,70,12500
1460,70,12500
1470,70,12500
1480,70,12500
1490,70,12500
1500,70,12500
1510,70,12500
1520,70,12500
1530,70,12500
1540,70,12500
1550,70,12500
1560,70,12500
1570,70,12500
1580,70,12500
1590,70,12500
1600,70,12500
1610,70,12500
1620,70,12500
1630,70,12500
1640,70,12500
1650,70,12500
1660,70,12500
1670,70,12500
1680,70,12500
1690,70,12500
1700,70,12500
1400,80,12500
1410,80,12500
1420,80,12500
1430,80,12500
1440,80,12500
1450,80,12500
1460,80,12500
1470,80,12500
1480,80,12500
1490,80,12500
1500,80,12500
1510,80,12500
1520,80,12500
1530,80,12500
1540,80,12500
1550,80,12500
1560,80,12500
1570,80,12500
1580,80,12500
1590,80,12500
1600,80,12500
1610,80,12500
1620,80,12500
1630,80,12500
1640,80,12500
1650,80,12500
1660,80,12500
1670,80,12500
1680,80,12500
1690,80,12500
1700,80,12500
1400,90,12500
1410,90,12500
1420,90,12500
1430,90,12500
1440,90,12500
1450,90,12500
1460,90,12500
1470,90,12500
1480,90,12500
1490,90,12500
1500,90,12500
1510,90,12500
1520,90,12500
1530,90,12500
1540,90,12500
1550,90,12500
1560,90,12500
1570,90,12500
1580,90,12500
1590,90,12500
1600,90,12500
1610,90,12500
1620,90,12500
1630,90,12500
1640,90,12500
1650,90,12500
1660,90,12500
1670,90,12500
1680,90,12500
1690,90,12500
1700,90,12500
1400,100,12500
1410,100,12500
1420,100,12500
1430,100,12500
1440,100,12500
1450,100,12500
1460,100,12500
1470,100,12500
1480,100,12500
1490,100,12500
1500,100,12500
1510,100,12500
1520,100,12500
1530,100,12500
1540,100,12500
1550,100,12500
1560,100,12500
1570,100,12500
1580,100,12500
1590,100,12500
1600,100,12500
1610,100,12500
1620,100,12500
1630,100,12500
1640,100,12500
1650,100,12500
1660,100,12500
1670,100,12500
1680,100,12500
1690,100,12500
1700,100,12500
1400,110,12500
1410,110,12500
1420,110,12500
1430,110,12500
1440,110,12500
1450,110,12500
1460,110,12500
1470,110,12500
1480,110,12500
1490,110,12500
1500,110,12500
1510,110,12500
1520,110,12500
1530,110,12500
1540,110,12500
1550,110,12500
1560,110,12500
1570,110,12500
1580,110,12500
1590,110,12500
1600,110,12500
1610,110,12500
1620,110,12500
1630,110,12500
1640,110,12500
1650,110,12500
1660,110,12500
1670,110,12500
1680,110,12500
1690,110,12500
1700,110,12500
1400,120,12500
1410,120,12500
1420,120,12500
1430,120,12500
1440,120,12500
1450,120,12500
1460,120,12500
1470,120,12500
1480,120,12500
1490,120,12500
1500,120,12500
1510,120,12500
1520,120,12500
1530,120,12500
1540,120,12500
1550,120,12500
1560,120,12500
1570,120,12500
1580,120,12500
1590,120,12500
1600,120,12500
1610,120,12500
1620,120,12500
1630,120,12500
1640,120,12500
1650,120,12500
1660,120,12500
1670,120,12500
1680,120,12500
1690,120,12500
1700,120,12500
1400,130,12500
1410,130,12500
1420,130,12500
1430,130,12500
1440,130,12500
1450,130,12500
1460,130,12500
1470,130,12500
1480,130,12500
1490,130,12500
1500,130,12500
1510,130,12500
1520,130,12500
1530,130,12500
1540,130,12500
1550,130,12500
1560,130,12500
1570,130,12500
1580,130,12500
1590,130,12500
1600,130,12500
1610,130,12500
1620,130,12500
1630,130,12500
1640,130,12500
1650,130,12500
1660,130,12500
1670,130,12500
1680,130,12500
1690,130,12500
1700,130,12500
1400,140,12500
1410,140,12500
1420,140,12500
1430,140,12500
1440,140,12500
1450,140,12500
1460,140,12500
1470,140,12500
1480,140,12500
1490,140,12500
1500,140,12500
1510,140,12500
1520,140,12500
1530,140,12500
1540,140,12500
1550,140,12500
1560,140,12500
1570,140,12500
1580,140,12500
1590,140,12500
1600,140,12500
1610,140,12500
1620,140,12500
1630,140,12500
1640,140,12500
1650,140,12500
1660,140,12500
1670,140,12500
1680,140,12500
1690,140,12500
1700,140,12500
1400,150,12500
1410,150,12500
1420,150,12500
1430,150,12500
1440,150,12500
1450,150,12500
1460,150,12500
1470,150,12500
1480,150,12500
1490,150,12500
1500,150,12500
1510,150,12500
1520,150,12500
1530,150,12500
1540,150,12500
1550,150,12500
1560,150,12500
1570,150,12500
1580,150,12500
1590,150,12500
1600,150,12500
1610,150,12500
1620,150,12500
1630,150,12500
1640,150,12500
1650,150,12500
1660,150,12500
1670,150,12500
1680,150,12500
1690,150,12500
1700,150,12500
1400,160,12500
1410,160,12500
1420,160,12500
1430,160,12500
1440,160,12500
1450,160,12500
1460,160,12500
1470,160,12500
1480,160,12500
1490,160,12500
1500,160,12500
1510,160,12500
1520,160,12500
1530,160,12500
1540,160,12500
1550,160,12500
1560,160,12500
1570,160,12500
1580,160,12500
1590,160,12500
1600,160,12500
1610,160,12500
1620,160,12500
1630,160,12500
1640,160,12500
1650,160,12500
1660,160,12500
1670,160,12500
1680,160,12500
1690,160,12500
1700,160,12500
1400,170,12500
1410,170,12500
1420,170,12500
1430,170,12500
1440,170,12500
1450,170,12500
1460,170,12500
1470,170,12500
1480,170,12500
1490,170,12500
1500,170,12500
1510,170,12500
1520,170,12500
1530,170,12500
1540,170,12500
1550,170,12500
1560,170,12500
1570,170,12500
1580,170,12500
1590,170,12500
1600,170,12500
1610,170,12500
1620,170,12500
1630,170,12500
1640,170,12500
1650,170,12500
1660,170,12500
1670,170,12500
1680,170,12500
1690,170,12500
1700,170,12500
1400,180,12500
1410,180,12500
1420,180,12500
1430,180,12500
1440,180,12500
1450,180,12500
1460,180,12500
1470,180,12500
1480,180,12500
1490,180,12500
1500,180,12500
1510,180,12500
1520,180,12500
1530,180,12500
1540,180,12500
1550,180,12500
1560,180,12500
1570,180,12500
1580,180,12500
1590,180,12500
1600,180,12500
1610,180,12500
1620,180,12500
1630,180,12500
1640,180,12500
1650,180,12500
1660,180,12500
1670,180,12500
1680,180,12500
1690,180,12500
1700,180,12500
1400,190,12500
1410,190,12500
1420,190,12500
1430,190,12500
1440,190,12500
1450,190,12500
1460,190,12500
1470,190,12500
1480,190,12500
1490,190,12500
1500,190,12500
1510,190,12500
1520,190,12500
1530,190,12500
1540,190,12500
1550,190,12500
1560,190,12500
1570,190,12500
1580,190,12500
1590,190,12500
1600,190,12500
1610,190,12500
1620,190,12500
1630,190,12500
1640,190,12500
1650,190,12500
1660,190,12500
1670,190,12500
1680,190,12500
1690,190,12500
1700,190,12500
1400,200,12500
1410,200,12500
1420,200,12500
1430,200,12500
1440,200,12500
1450,200,12500
1460,200,12500
1470,200,12500
1480,200,12500
1490,200,12500
1500,200,12500
1510,200,12500
1520,200,12500
1530,200,12500
1540,200,12500
1550,200,12500
1560,200,12500
1570,200,12500
1580,200,12500
1590,200,12500
1600,200,12500
1610,200,12500
1620,200,12500
1630,200,12500
1640,200,12500
1650,200,12500
1660,200,12500
1670,200,12500
1680,200,12500
1690,200,12500
1700,200,12500
1400,210,12500
1410,210,12500
1420,210,12500
1430,210,12500
1440,210,12500
1450,210,12500
1460,210,12500
1470,210,12500
1480,210,12500
1490,210,12500
1500,210,12500
1510,210,12500
1520,210,12500
1530,210,12500
1540,210,12500
1550,210,12500
1560,210,12500
1570,210,12500
1580,210,12500
1590,210,12500
1600,210,12500
1610,210,12500
1620,210,12500
1630,210,12500
1640,210,12500
1650,210,12500
1660,210,12500
1670,210,12500
1680,210,12500
1690,210,12500
1700,210,12500
1400,220,12500
1410,220,12500
1420,220,12500
1430,220,12500
1440,220,12500
1450,220,12500
1460,220,12500
1470,220,12500
1480,220,12500
1490,220,12500
1500,220,12500
1510,220,12500
1520,220,12500
1530,220,12500
1540,220,12500
1550,220,12500
1560,220,12500
1570,220,12500
1580,220,12500
1590,220,12500
1600,220,12500
1610,220,12500
1620,220,12500
1630,220,12500
1640,220,12500
1650,220,12500
1660,220,12500
1670,220,12500
1680,220,12500
1690,220,12500
1700,220,12500
1400,230,12500
1410,230,12500
1420,230,12500
1430,230,12500
1440,230,12500
1450,230,12500
1460,230,12500
1470,230,12500
1480,230,12500
1490,230,12500
1500,230,12500
1510,230,12500
1520,230,12500
1530,230,12500
1540,230,12500
1550,230,12500
1560,230,12500
1570,230,12500
1580,230,12500
1590,230,12500
1600,230,12500
1610,230,12500
1620,230,12500
1630,230,12500
1640,230,12500
1650,230,12500
1660,230,12500
1670,230,12500
1680,230,12500
1690,230,12500
1700,230,12500
1400,240,12500
1410,240,12500
1420,240,12500
1430,240,12500
1440,240,12500
1450,240,12500
1460,240,12500
1470,240,12500
1480,240,12500
1490,240,12500
1500,240,12500
1510,240,12500
1520,240,12500
1530,240,12500
1540,240,12500
1550,240,12500
1560,240,12500
1570,240,12500
1580,240,12500
1590,240,12500
1600,240,12500
1610,240,12500
1620,240,12500
1630,240,12500
1640,240,12500
1650,240,12500
1660,240,12500
1670,240,12500
1680,240,12500
1690,240,12500
1700,240,12500
1400,250,12500
1410,250,12500
1420,250,12500
1430,250,12500
1440,250,12500
1450,250,12500
1460,250,12500
1470,250,12500
1480,250,12500
1490,250,12500
1500,250,12500
1510,250,12500
1520,250,12500
1530,250,12500
1540,250,12500
1550,250,12500
1560,250,12500
1570,250,12500
1580,250,12500
1590,250,12500
1600,250,12500
1610,250,12500
1620,250,12500
1630,250,12500
1640,250,12500
1650,250,12500
1660,250,12500
1670,250,12500
1680,250,12500
1690,250,12500
1700,250,12500
1400,50,12750
1410,50,12750
1420,50,12750
1430,50,12750
1440,50,12750
1450,50,12750
1460,50,12750
1470,50,12750
1480,50,12750
1490,50,12750
1500,50,12750
1510,50,12750
1520,50,12750
1530,50,12750
1540,50,12750
1550,50,12750
1560,50,12750
1570,50,12750
1580,50,12750
1590,50,12750
1600,50,12750
1610,50,12750
1620,50,12750
1630,50,12750
1640,50,12750
1650,50,12750
1660,50,12750
1670,50,12750
1680,50,12750
1690,50,12750
1700,50,12750
1400,60,12750
1410,60,12750
1420,60,12750
1430,60,12750
1440,60,12750
1450,60,12750
1460,60,12750
1470,60,12750
1480,60,12750
1490,60,12750
1500,60,12750
1510,60,12750
1520,60,12750
1530,60,12750
1540,60,12750
1550,60,12750
1560,60,12750
1570,60,12750
1580,60,12750
1590,60,12750
1600,60,12750
1610,60,12750
1620,60,12750
1630,60,12750
1640,60,12750
1650,60,12750
1660,60,12750
1670,60,12750
1680,60,12750
1690,60,12750
1700,60,12750
1400,70,12750
1410,70,12750
1420,70,12750
1430,70,12750
1440,70,12750
1450,70,12750
1460,70,12750
1470,70,12750
1480,70,12750
1490,70,12750
1500,70,12750
1510,70,12750
1520,70,12750
1530,70,12750
1540,70,12750
1550,70,12750
1560,70,12750
1570,70,12750
1580,70,12750
1590,70,12750
1600,70,12750
1610,70,12750
1620,70,12750
1630,70,12750
1640,70,12750
1650,70,12750
1660,70,12750
1670,70,12750
1680,70,12750
1690,70,12750
1700,70,12750
1400,80,12750
1410,80,12750
1420,80,12750
1430,80,12750
1440,80,12750
1450,80,12750
1460,80,12750
1470,80,12750
1480,80,12750
1490,80,12750
1500,80,12750
1510,80,12750
1520,80,12750
1530,80,12750
1540,80,12750
1550,80,12750
1560,80,12750
1570,80,12750
1580,80,12750
1590,80,12750
1600,80,12750
1610,80,12750
1620,80,12750
1630,80,12750
1640,80,12750
1650,80,12750
1660,80,12750
1670,80,12750
1680,80,12750
1690,80,12750
1700,80,12750
1400,90,12750
1410,90,12750
1420,90,12750
1430,90,12750
1440,90,12750
1450,90,12750
1460,90,12750
1470,90,12750
1480,90,12750
1490,90,12750
1500,90,12750
1510,90,12750
1520,90,12750
1530,90,12750
1540,90,12750
1550,90,12750
1560,90,12750
1570,90,12750
1580,90,12750
1590,90,12750
1600,90,12750
1610,90,12750
1620,90,12750
1630,90,12750
1640,90,12750
1650,90,12750
1660,90,12750
1670,90,12750
1680,90,12750
1690,90,12750
1700,90,12750
1400,100,12750
1410,100,12750
1420,100,12750
1430,100,12750
1440,100,12750
1450,100,12750
1460,100,12750
1470,100,12750
1480,100,12750
1490,100,12750
1500,100,12750
1510,100,12750
1520,100,12750
1530,100,12750
1540,100,12750
1550,100,12750
1560,100,12750
1570,100,12750
1580,100,12750
1590,100,12750
1600,100,12750
1610,100,12750
1620,100,12750
1630,100,12750
1640,100,12750
1650,100,12750
1660,100,12750
1670,100,12750
1680,100,12750
1690,100,12750
1700,100,12750
1400,110,12750
1410,110,12750
1420,110,12750
1430,110,12750
1440,110,12750
1450,110,12750
1460,110,12750
1470,110,12750
1480,110,12750
1490,110,12750
1500,110,12750
1510,110,12750
1520,110,12750
1530,110,12750
1540,110,12750
1550,110,12750
1560,110,12750
1570,110,12750
1580,110,12750
1590,110,12750
1600,110,12750
1610,110,12750
1620,110,12750
1630,110,12750
1640,110,12750
1650,110,12750
1660,110,12750
1670,110,12750
1680,110,12750
1690,110,12750
1700,110,12750
1400,120,12750
1410,120,12750
1420,120,12750
1430,120,12750
1440,120,12750
1450,120,12750
1460,120,12750
1470,120,12750
1480,120,12750
1490,120,12750
1500,120,12750
1510,120,12750
1520,120,12750
1530,120,12750
1540,120,12750
1550,120,12750
1560,120,12750
1570,120,12750
1580,120,12750
1590,120,12750
1600,120,12750
1610,120,12750
1620,120,12750
1630,120,12750
1640,120,12750
1650,120,12750
1660,120,12750
1670,120,12750
1680,120,12750
1690,120,12750
1700,120,12750
1400,130,12750
1410,130,12750
1420,130,12750
1430,130,12750
1440,130,12750
1450,130,12750
1460,130,12750
1470,130,12750
1480,130,12750
1490,130,12750
1500,130,12750
1510,130,12750
1520,130,12750
1530,130,12750
1540,130,12750
1550,130,12750
1560,130,12750
1570,130,12750
1580,130,12750
1590,130,12750
1600,130,12750
1610,130,12750
1620,130,12750
1630,130,12750
1640,130,12750
1650,130,12750
1660,130,12750
1670,130,12750
1680,130,12750
1690,130,12750
1700,130,12750
1400,140,12750
1410,140,12750
1420,140,12750
1430,140,12750
1440,140,12750
1450,140,12750
1460,140,12750
1470,140,12750
1480,140,12750
1490,140,12750
1500,140,12750
1510,140,12750
1520,140,12750
1530,140,12750
1540,140,12750
1550,140,12750
1560,140,12750
1570,140,12750
1580,140,12750
1590,140,12750
1600,140,12750
1610,140,12750
1620,140,12750
1630,140,12750
1640,140,12750
1650,140,12750
1660,140,12750
1670,140,12750
1680,140,12750
1690,140,12750
1700,140,12750
1400,150,12750
1410,150,12750
1420,150,12750
1430,150,12750
1440,150,12750
1450,150,12750
1460,150,12750
1470,150,12750
1480,150,12750
1490,150,12750
1500,150,12750
1510,150,12750
1520,150,12750
1530,150,12750
1540,150,12750
1550,150,12750
1560,150,12750
1570,150,12750
1580,150,12750
1590,150,12750
1600,150,12750
1610,150,12750
1620,150,12750
1630,150,12750
1640,150,12750
1650,150,12750
1660,150,12750
1670,150,12750
1680,150,12750
1690,150,12750
1700,150,12750
1400,160,12750
1410,160,12750
1420,160,12750
1430,160,12750
1440,160,12750
1450,160,12750
1460,160,12750
1470,160,12750
1480,160,12750
1490,160,12750
1500,160,12750
1510,160,12750
1520,160,12750
1530,160,12750
1540,160,12750
1550,160,12750
1560,160,12750
1570,160,12750
1580,160,12750
1590,160,12750
1600,160,12750
1610,160,12750
1620,160,12750
1630,160,12750
1640,160,12750
1650,160,12750
1660,160,12750
1670,160,12750
1680,160,12750
1690,160,12750
1700,160,12750
1400,170,12750
1410,170,12750
1420,170,12750
1430,170,12750
1440,170,12750
1450,170,12750
1460,170,12750
1470,170,12750
1480,170,12750
1490,170,12750
1500,170,12750
1510,170,12750
1520,170,12750
1530,170,12750
1540,170,12750
1550,170,12750
1560,170,12750
1570,170,12750
1580,170,12750
1590,170,12750
1600,170,12750
1610,170,12750
1620,170,12750
1630,170,12750
1640,170,12750
1650,170,12750
1660,170,12750
1670,170,12750
1680,170,12750
1690,170,12750
1700,170,12750
1400,180,12750
1410,180,12750
1420,180,12750
1430,180,12750
1440,180,12750
1450,180,12750
1460,180,12750
1470,180,12750
1480,180,12750
1490,180,12750
1500,180,12750
1510,180,12750
1520,180,12750
1530,180,12750
1540,180,12750
1550,180,12750
1560,180,12750
1570,180,12750
1580,180,12750
1590,180,12750
1600,180,12750
1610,180,12750
1620,180,12750
1630,180,12750
1640,180,12750
1650,180,12750
1660,180,12750
1670,180,12750
1680,180,12750
1690,180,12750
1700,180,12750
1400,190,12750
1410,190,12750
1420,190,12750
1430,190,12750
1440,190,12750
1450,190,12750
1460,190,12750
1470,190,12750
1480,190,12750
1490,190,12750
1500,190,12750
1510,190,12750
1520,190,12750
1530,190,12750
1540,190,12750
1550,190,12750
1560,190,12750
1570,190,12750
1580,190,12750
1590,190,12750
1600,190,12750
1610,190,12750
1620,190,12750
1630,190,12750
1640,190,12750
1650,190,12750
1660,190,12750
1670,190,12750
1680,190,12750
1690,190,12750
1700,190,12750
1400,200,12750
1410,200,12750
1420,200,12750
1430,200,12750
1440,200,12750
1450,200,12750
1460,200,12750
1470,200,12750
1480,200,12750
1490,200,12750
1500,200,12750
1510,200,12750
1520,200,12750
1530,200,12750
1540,200,12750
1550,200,12750
1560,200,12750
1570,200,12750
1580,200,12750
1590,200,12750
1600,200,12750
1610,200,12750
1620,200,12750
1630,200,12750
1640,200,12750
1650,200,12750
1660,200,12750
1670,200,12750
1680,200,12750
1690,200,12750
1700,200,12750
1400,210,12750
1410,210,12750
1420,210,12750
1430,210,12750
1440,210,12750
1450,210,12750
1460,210,12750
1470,210,12750
1480,210,12750
1490,210,12750
1500,210,12750
1510,210,12750
1520,210,12750
1530,210,12750
1540,210,12750
1550,210,12750
1560,210,12750
1570,210,12750
1580,210,12750
1590,210,12750
1600,210,12750
1610,210,12750
1620,210,12750
1630,210,12750
1640,210,12750
1650,210,12750
1660,210,12750
1670,210,12750
1680,210,12750
1690,210,12750
1700,210,12750
1400,220,12750
1410,220,12750
1420,220,12750
1430,220,12750
1440,220,12750
1450,220,12750
1460,220,12750
1470,220,12750
1480,220,12750
1490,220,12750
1500,220,12750
1510,220,12750
1520,220,12750
1530,220,12750
1540,220,12750
1550,220,12750
1560,220,12750
1570,220,12750
1580,220,12750
1590,220,12750
1600,220,12750
1610,220,12750
1620,220,12750
1630,220,12750
1640,220,12750
1650,220,12750
1660,220,12750
1670,220,12750
1680,220,12750
1690,220,12750
1700,220,12750
1400,230,12750
1410,230,12750
1420,230,12750
1430,230,12750
1440,230,12750
1450,230,12750
1460,230,12750
1470,230,12750
1480,230,12750
1490,230,12750
1500,230,12750
1510,230,12750
1520,230,12750
1530,230,12750
1540,230,12750
1550,230,12750
1560,230,12750
1570,230,12750
1580,230,12750
1590,230,12750
1600,230,12750
1610,230,12750
1620,230,12750
1630,230,12750
1640,230,12750
1650,230,12750
1660,230,12750
1670,230,12750
1680,230,12750
1690,230,12750
1700,230,12750
1400,240,12750
1410,240,12750
1420,240,12750
1430,240,12750
1440,240,12750
1450,240,12750
1460,240,12750
1470,240,12750
1480,240,12750
1490,240,12750
1500,240,12750
1510,240,12750
1520,240,12750
1530,240,12750
1540,240,12750
1550,240,12750
1560,240,12750
1570,240,12750
1580,240,12750
1590,240,12750
1600,240,12750
1610,240,12750
1620,240,12750
1630,240,12750
1640,240,12750
1650,240,12750
1660,240,12750
1670,240,12750
1680,240,12750
1690,240,12750
1700,240,12750
1400,250,12750
1410,250,12750
1420,250,12750
1430,250,12750
1440,250,12750
1450,250,12750
1460,250,12750
1470,250,12750
1480,250,12750
1490,250,12750
1500,250,12750
1510,250,12750
1520,250,12750
1530,250,12750
1540,250,12750
1550,250,12750
1560,250,12750
1570,250,12750
1580,250,12750
1590,250,12750
1600,250,12750
1610,250,12750
1620,250,12750
1630,250,12750
1640,250,12750
1650,250,12750
1660,250,12750
1670,250,12750
1680,250,12750
1690,250,12750
1700,250,12750
1400,50,13000
1410,50,13000
1420,50,13000
1430,50,13000
1440,50,13000
1450,50,13000
1460,50,13000
1470,50,13000
1480,50,13000
1490,50,13000
1500,50,13000
1510,50,13000
1520,50,13000
1530,50,13000
1540,50,13000
1550,50,13000
1560,50,13000
1570,50,13000
1580,50,13000
1590,50,13000
1600,50,13000
1610,50,13000
1620,50,13000
1630,50,13000
1640,50,13000
1650,50,13000
1660,50,13000
1670,50,13000
1680,50,13000
1690,50,13000
1700,50,13000
1400,60,13000
1410,60,13000
1420,60,13000
1430,60,13000
1440,60,13000
1450,60,13000
1460,60,13000
1470,60,13000
1480,60,13000
1490,60,13000
1500,60,13000
1510,60,13000
1520,60,13000
1530,60,13000
1540,60,13000
1550,60,13000
1560,60,13000
1570,60,13000
1580,60,13000
1590,60,13000
1600,60,13000
1610,60,13000
1620,60,13000
1630,60,13000
1640,60,13000
1650,60,13000
1660,60,13000
1670,60,13000
1680,60,13000
1690,60,13000
1700,60,13000
1400,70,13000
1410,70,13000
1420,70,13000
1430,70,13000
1440,70,13000
1450,70,13000
1460,70,13000
1470,70,13000
1480,70,13000
1490,70,13000
1500,70,13000
1510,70,13000
1520,70,13000
1530,70,13000
1540,70,13000
1550,70,13000
1560,70,13000
1570,70,13000
1580,70,13000
1590,70,13000
1600,70,13000
1610,70,13000
1620,70,13000
1630,70,13000
1640,70,13000
1650,70,13000
1660,70,13000
1670,70,13000
1680,70,13000
1690,70,13000
1700,70,13000
1400,80,13000
1410,80,13000
1420,80,13000
1430,80,13000
1440,80,13000
1450,80,13000
1460,80,13000
1470,80,13000
1480,80,13000
1490,80,13000
1500,80,13000
1510,80,13000
1520,80,13000
1530,80,13000
1540,80,13000
1550,80,13000
1560,80,13000
1570,80,13000
1580,80,13000
1590,80,13000
1600,80,13000
1610,80,13000
1620,80,13000
1630,80,13000
1640,80,13000
1650,80,13000
1660,80,13000
1670,80,13000
1680,80,13000
1690,80,13000
1700,80,13000
1400,90,13000
1410,90,13000
1420,90,13000
1430,90,13000
1440,90,13000
1450,90,13000
1460,90,13000
1470,90,13000
1480,90,13000
1490,90,13000
1500,90,13000
1510,90,13000
1520,90,13000
1530,90,13000
1540,90,13000
1550,90,13000
1560,90,13000
1570,90,13000
1580,90,13000
1590,90,13000
1600,90,13000
1610,90,13000
1620,90,13000
1630,90,13000
1640,90,13000
1650,90,13000
1660,90,13000
1670,90,13000
1680,90,13000
1690,90,13000
1700,90,13000
1400,100,13000
1410,100,13000
1420,100,13000
1430,100,13000
1440,100,13000
1450,100,13000
1460,100,13000
1470,100,13000
1480,100,13000
1490,100,13000
1500,100,13000
1510,100,13000
1520,100,13000
1530,100,13000
1540,100,13000
1550,100,13000
1560,100,13000
1570,100,13000
1580,100,13000
1590,100,13000
1600,100,13000
1610,100,13000
1620,100,13000
1630,100,13000
1640,100,13000
1650,100,13000
1660,100,13000
1670,100,13000
1680,100,13000
1690,100,13000
1700,100,13000
1400,110,13000
1410,110,13000
1420,110,13000
1430,110,13000
1440,110,13000
1450,110,13000
1460,110,13000
1470,110,13000
1480,110,13000
1490,110,13000
1500,110,13000
1510,110,13000
1520,110,13000
1530,110,13000
1540,110,13000
1550,110,13000
1560,110,13000
1570,110,13000
1580,110,13000
1590,110,13000
1600,110,13000
1610,110,13000
1620,110,13000
1630,110,13000
1640,110,13000
1650,110,13000
1660,110,13000
1670,110,13000
1680,110,13000
1690,110,13000
1700,110,13000
1400,120,13000
1410,120,13000
1420,120,13000
1430,120,13000
1440,120,13000
1450,120,13000
1460,120,13000
1470,120,13000
1480,120,13000
1490,120,13000
1500,120,13000
1510,120,13000
1520,120,13000
1530,120,13000
1540,120,13000
1550,120,13000
1560,120,13000
1570,120,13000
1580,120,13000
1590,120,13000
1600,120,13000
1610,120,13000
1620,120,13000
1630,120,13000
1640,120,13000
1650,120,13000
1660,120,13000
1670,120,13000
1680,120,13000
1690,120,13000
1700,120,13000
1400,130,13000
1410,130,13000
1420,130,13000
1430,130,13000
1440,130,13000
1450,130,13000
1460,130,13000
1470,130,13000
1480,130,13000
1490,130,13000
1500,130,13000
1510,130,13000
1520,130,13000
1530,130,13000
1540,130,13000
1550,130,13000
1560,130,13000
1570,130,13000
1580,130,13000
1590,130,13000
1600,130,13000
1610,130,13000
1620,130,13000
1630,130,13000
1640,130,13000
1650,130,13000
1660,130,13000
1670,130,13000
1680,130,13000
1690,130,13000
1700,130,13000
1400,140,13000
1410,140,13000
1420,140,13000
1430,140,13000
1440,140,13000
1450,140,13000
1460,140,13000
1470,140,13000
1480,140,13000
1490,140,13000
1500,140,13000
1510,140,13000
1520,140,13000
1530,140,13000
1540,140,13000
1550,140,13000
1560,140,13000
1570,140,13000
1580,140,13000
1590,140,13000
1600,140,13000
1610,140,13000
1620,140,13000
1630,140,13000
1640,140,13000
1650,140,13000
1660,140,13000
1670,140,13000
1680,140,13000
1690,140,13000
1700,140,13000
1400,150,13000
1410,150,13000
1420,150,13000
1430,150,13000
1440,150,13000
1450,150,13000
1460,150,13000
1470,150,13000
1480,150,13000
1490,150,13000
1500,150,13000
1510,150,13000
1520,150,13000
1530,150,13000
1540,150,13000
1550,150,13000
1560,150,13000
1570,150,13000
1580,150,13000
1590,150,13000
1600,150,13000
1610,150,13000
1620,150,13000
1630,150,13000
1640,150,13000
1650,150,13000
1660,150,13000
1670,150,13000
1680,150,13000
1690,150,13000
1700,150,13000
1400,160,13000
1410,160,13000
1420,160,13000
1430,160,13000
1440,160,13000
1450,160,13000
1460,160,13000
1470,160,13000
1480,160,13000
1490,160,13000
1500,160,13000
1510,160,13000
1520,160,13000
1530,160,13000
1540,160,13000
1550,160,13000
1560,160,13000
1570,160,13000
1580,160,13000
1590,160,13000
1600,160,13000
1610,160,13000
1620,160,13000
1630,160,13000
1640,160,13000
1650,160,13000
1660,160,13000
1670,160,13000
1680,160,13000
1690,160,13000
1700,160,13000
1400,170,13000
1410,170,13000
1420,170,13000
1430,170,13000
1440,170,13000
1450,170,13000
1460,170,13000
1470,170,13000
1480,170,13000
1490,170,13000
1500,170,13000
1510,170,13000
1520,170,13000
1530,170,13000
1540,170,13000
1550,170,13000
1560,170,13000
1570,170,13000
1580,170,13000
1590,170,13000
1600,170,13000
1610,170,13000
1620,170,13000
1630,170,13000
1640,170,13000
1650,170,13000
1660,170,13000
1670,170,13000
1680,170,13000
1690,170,13000
1700,170,13000
1400,180,13000
1410,180,13000
1420,180,13000
1430,180,13000
1440,180,13000
1450,180,13000
1460,180,13000
1470,180,13000
1480,180,13000
1490,180,13000
1500,180,13000
1510,180,13000
1520,180,13000
1530,180,13000
1540,180,13000
1550,180,13000
1560,180,13000
1570,180,13000
1580,180,13000
1590,180,13000
1600,180,13000
1610,180,13000
1620,180,13000
1630,180,13000
1640,180,13000
1650,180,13000
1660,180,13000
1670,180,13000
1680,180,13000
1690,180,13000
1700,180,13000
1400,190,13000
1410,190,13000
1420,190,13000
1430,190,13000
1440,190,13000
1450,190,13000
1460,190,13000
1470,190,13000
1480,190,13000
1490,190,13000
1500,190,13000
1510,190,13000
1520,190,13000
1530,190,13000
1540,190,13000
1550,190,13000
1560,190,13000
1570,190,13000
1580,190,13000
1590,190,13000
1600,190,13000
1610,190,13000
1620,190,13000
1630,190,13000
1640,190,13000
1650,190,13000
1660,190,13000
1670,190,13000
1680,190,13000
1690,190,13000
1700,190,13000
1400,200,13000
1410,200,13000
1420,200,13000
1430,200,13000
1440,200,13000
1450,200,13000
1460,200,13000
1470,200,13000
1480,200,13000
1490,200,13000
1500,200,13000
1510,200,13000
1520,200,13000
1530,200,13000
1540,200,13000
1550,200,13000
1560,200,13000
1570,200,13000
1580,200,13000
1590,200,13000
1600,200,13000
1610,200,13000
1620,200,13000
1630,200,13000
1640,200,13000
1650,200,13000
1660,200,13000
1670,200,13000
1680,200,13000
1690,200,13000
1700,200,13000
1400,210,13000
1410,210,13000
1420,210,13000
1430,210,13000
1440,210,13000
1450,210,13000
1460,210,13000
1470,210,13000
1480,210,13000
1490,210,13000
1500,210,13000
1510,210,13000
1520,210,13000
1530,210,13000
1540,210,13000
1550,210,13000
1560,210,13000
1570,210,13000
1580,210,13000
1590,210,13000
1600,210,13000
1610,210,13000
1620,210,13000
1630,210,13000
1640,210,13000
1650,210,13000
1660,210,13000
1670,210,13000
1680,210,13000
1690,210,13000
1700,210,13000
1400,220,13000
1410,220,13000
1420,220,13000
1430,220,13000
1440,220,13000
1450,220,13000
1460,220,13000
1470,220,13000
1480,220,13000
1490,220,13000
1500,220,13000
1510,220,13000
1520,220,13000
1530,220,13000
1540,220,13000
1550,220,13000
1560,220,13000
1570,220,13000
1580,220,13000
1590,220,13000
1600,220,13000
1610,220,13000
1620,220,13000
1630,220,13000
1640,220,13000
1650,220,13000
1660,220,13000
1670,220,13000
1680,220,13000
1690,220,13000
1700,220,13000
1400,230,13000
1410,230,13000
1420,230,13000
1430,230,13000
1440,230,13000
1450,230,13000
1460,230,13000
1470,230,13000
1480,230,13000
1490,230,13000
1500,230,13000
1510,230,13000
1520,230,13000
1530,230,13000
1540,230,13000
1550,230,13000
1560,230,13000
1570,230,13000
1580,230,13000
1590,230,13000
1600,230,13000
1610,230,13000
1620,230,13000
1630,230,13000
1640,230,13000
1650,230,13000
1660,230,13000
1670,230,13000
1680,230,13000
1690,230,13000
1700,230,13000
1400,240,13000
1410,240,13000
1420,240,13000
1430,240,13000
1440,240,13000
1450,240,13000
1460,240,13000
1470,240,13000
1480,240,13000
1490,240,13000
1500,240,13000
1510,240,13000
1520,240,13000
1530,240,13000
1540,240,13000
1550,240,13000
1560,240,13000
1570,240,13000
1580,240,13000
1590,240,13000
1600,240,13000
1610,240,13000
1620,240,13000
1630,240,13000
1640,240,13000
1650,240,13000
1660,240,13000
1670,240,13000
1680,240,13000
1690,240,13000
1700,240,13000
1400,250,13000
1410,250,13000
1420,250,13000
1430,250,13000
1440,250,13000
1450,250,13000
1460,250,13000
1470,250,13000
1480,250,13000
1490,250,13000
1500,250,13000
1510,250,13000
1520,250,13000
1530,250,13000
1540,250,13000
1550,250,13000
1560,250,13000
1570,250,13000
1580,250,13000
1590,250,13000
1600,250,13000
1610,250,13000
1620,250,13000
1630,250,13000
1640,250,13000
1650,250,13000
1660,250,13000
1670,250,13000
1680,250,13000
1690,250,13000
1700,250,13000
1400,50,13250
1410,50,13250
1420,50,13250
1430,50,13250
1440,50,13250
1450,50,13250
1460,50,13250
1470,50,13250
1480,50,13250
1490,50,13250
1500,50,13250
1510,50,13250
1520,50,13250
1530,50,13250
1540,50,13250
1550,50,13250
1560,50,13250
1570,50,13250
1580,50,13250
1590,50,13250
1600,50,13250
1610,50,13250
1620,50,13250
1630,50,13250
1640,50,13250
1650,50,13250
1660,50,13250
1670,50,13250
1680,50,13250
1690,50,13250
1700,50,13250
1400,60,13250
1410,60,13250
1420,60,13250
1430,60,13250
1440,60,13250
1450,60,13250
1460,60,13250
1470,60,13250
1480,60,13250
1490,60,13250
1500,60,13250
1510,60,13250
1520,60,13250
1530,60,13250
1540,60,13250
1550,60,13250
1560,60,13250
1570,60,13250
1580,60,13250
1590,60,13250
1600,60,13250
1610,60,13250
1620,60,13250
1630,60,13250
1640,60,13250
1650,60,13250
1660,60,13250
1670,60,13250
1680,60,13250
1690,60,13250
1700,60,13250
1400,70,13250
1410,70,13250
1420,70,13250
1430,70,13250
1440,70,13250
1450,70,13250
1460,70,13250
1470,70,13250
1480,70,13250
1490,70,13250
1500,70,13250
1510,70,13250
1520,70,13250
1530,70,13250
1540,70,13250
1550,70,13250
1560,70,13250
1570,70,13250
1580,70,13250
1590,70,13250
1600,70,13250
1610,70,13250
1620,70,13250
1630,70,13250
1640,70,13250
1650,70,13250
1660,70,13250
1670,70,13250
1680,70,13250
1690,70,13250
1700,70,13250
1400,80,13250
1410,80,13250
1420,80,13250
1430,80,13250
1440,80,13250
1450,80,13250
1460,80,13250
1470,80,13250
1480,80,13250
1490,80,13250
1500,80,13250
1510,80,13250
1520,80,13250
1530,80,13250
1540,80,13250
1550,80,13250
1560,80,13250
1570,80,13250
1580,80,13250
1590,80,13250
1600,80,13250
1610,80,13250
1620,80,13250
1630,80,13250
1640,80,13250
1650,80,13250
1660,80,13250
1670,80,13250
1680,80,13250
1690,80,13250
1700,80,13250
1400,90,13250
1410,90,13250
1420,90,13250
1430,90,13250
1440,90,13250
1450,90,13250
1460,90,13250
1470,90,13250
1480,90,13250
1490,90,13250
1500,90,13250
1510,90,13250
1520,90,13250
1530,90,13250
1540,90,13250
1550,90,13250
1560,90,13250
1570,90,13250
1580,90,13250
1590,90,13250
1600,90,13250
1610,90,13250
1620,90,13250
1630,90,13250
1640,90,13250
1650,90,13250
1660,90,13250
1670,90,13250
1680,90,13250
1690,90,13250
1700,90,13250
1400,100,13250
1410,100,13250
1420,100,13250
1430,100,13250
1440,100,13250
1450,100,13250
1460,100,13250
1470,100,13250
1480,100,13250
1490,100,13250
1500,100,13250
1510,100,13250
1520,100,13250
1530,100,13250
1540,100,13250
1550,100,13250
1560,100,13250
1570,100,13250
1580,100,13250
1590,100,13250
1600,100,13250
1610,100,13250
1620,100,13250
1630,100,13250
1640,100,13250
1650,100,13250
1660,100,13250
1670,100,13250
1680,100,13250
1690,100,13250
1700,100,13250
1400,110,13250
1410,110,13250
1420,110,13250
1430,110,13250
1440,110,13250
1450,110,13250
1460,110,13250
1470,110,13250
1480,110,13250
1490,110,13250
1500,110,13250
1510,110,13250
1520,110,13250
1530,110,13250
1540,110,13250
1550,110,13250
1560,110,13250
1570,110,13250
1580,110,13250
1590,110,13250
1600,110,13250
1610,110,13250
1620,110,13250
1630,110,13250
1640,110,13250
1650,110,13250
1660,110,13250
1670,110,13250
1680,110,13250
1690,110,13250
1700,110,13250
1400,120,13250
1410,120,13250
1420,120,13250
1430,120,13250
1440,120,13250
1450,120,13250
1460,120,13250
1470,120,13250
1480,120,13250
1490,120,13250
1500,120,13250
1510,120,13250
1520,120,13250
1530,120,13250
1540,120,13250
1550,120,13250
1560,120,13250
1570,120,13250
1580,120,13250
1590,120,13250
1600,120,13250
1610,120,13250
1620,120,13250
1630,120,13250
1640,120,13250
1650,120,13250
1660,120,13250
1670,120,13250
1680,120,13250
1690,120,13250
1700,120,13250
1400,130,13250
1410,130,13250
1420,130,13250
1430,130,13250
1440,130,13250
1450,130,13250
1460,130,13250
1470,130,13250
1480,130,13250
1490,130,13250
1500,130,13250
1510,130,13250
1520,130,13250
1530,130,13250
1540,130,13250
1550,130,13250
1560,130,13250
1570,130,13250
1580,130,13250
1590,130,13250
1600,130,13250
1610,130,13250
1620,130,13250
1630,130,13250
1640,130,13250
1650,130,13250
1660,130,13250
1670,130,13250
1680,130,13250
1690,130,13250
1700,130,13250
1400,140,13250
1410,140,13250
1420,140,13250
1430,140,13250
1440,140,13250
1450,140,13250
1460,140,13250
1470,140,13250
1480,140,13250
1490,140,13250
1500,140,13250
1510,140,13250
1520,140,13250
1530,140,13250
1540,140,13250
1550,140,13250
1560,140,13250
1570,140,13250
1580,140,13250
1590,140,13250
1600,140,13250
1610,140,13250
1620,140,13250
1630,140,13250
1640,140,13250
1650,140,13250
1660,140,13250
1670,140,13250
1680,140,13250
1690,140,13250
1700,140,13250
1400,150,13250
1410,150,13250
1420,150,13250
1430,150,13250
1440,150,13250
1450,150,13250
1460,150,13250
1470,150,13250
1480,150,13250
1490,150,13250
1500,150,13250
1510,150,13250
1520,150,13250
1530,150,13250
1540,150,13250
1550,150,13250
1560,150,13250
1570,150,13250
1580,150,13250
1590,150,13250
1600,150,13250
1610,150,13250
1620,150,13250
1630,150,13250
1640,150,13250
1650,150,13250
1660,150,13250
1670,150,13250
1680,150,13250
1690,150,13250
1700,150,13250
1400,160,13250
1410,160,13250
1420,160,13250
1430,160,13250
1440,160,13250
1450,160,13250
1460,160,13250
1470,160,13250
1480,160,13250
1490,160,13250
1500,160,13250
1510,160,13250
1520,160,13250
1530,160,13250
1540,160,13250
1550,160,13250
1560,160,13250
1570,160,13250
1580,160,13250
1590,160,13250
1600,160,13250
1610,160,13250
1620,160,13250
1630,160,13250
1640,160,13250
1650,160,13250
1660,160,13250
1670,160,13250
1680,160,13250
1690,160,13250
1700,160,13250
1400,170,13250
1410,170,13250
1420,170,13250
1430,170,13250
1440,170,13250
1450,170,13250
1460,170,13250
1470,170,13250
1480,170,13250
1490,170,13250
1500,170,13250
1510,170,13250
1520,170,13250
1530,170,13250
1540,170,13250
1550,170,13250
1560,170,13250
1570,170,13250
1580,170,13250
1590,170,13250
1600,170,13250
1610,170,13250
1620,170,13250
1630,170,13250
1640,170,13250
1650,170,13250
1660,170,13250
1670,170,13250
1680,170,13250
1690,170,13250
1700,170,13250
1400,180,13250
1410,180,13250
1420,180,13250
1430,180,13250
1440,180,13250
1450,180,13250
1460,180,13250
1470,180,13250
1480,180,13250
1490,180,13250
1500,180,13250
1510,180,13250
1520,180,13250
1530,180,13250
1540,180,13250
1550,180,13250
1560,180,13250
1570,180,13250
1580,180,13250
1590,180,13250
1600,180,13250
1610,180,13250
1620,180,13250
1630,180,13250
1640,180,13250
1650,180,13250
1660,180,13250
1670,180,13250
1680,180,13250
1690,180,13250
1700,180,13250
1400,190,13250
1410,190,13250
1420,190,13250
1430,190,13250
1440,190,13250
1450,190,13250
1460,190,13250
1470,190,13250
1480,190,13250
1490,190,13250
1500,190,13250
1510,190,13250
1520,190,13250
1530,190,13250
1540,190,13250
1550,190,13250
1560,190,13250
1570,190,13250
1580,190,13250
1590,190,13250
1600,190,13250
1610,190,13250
1620,190,13250
1630,190,13250
1640,190,13250
1650,190,13250
1660,190,13250
1670,190,13250
1680,190,13250
1690,190,13250
1700,190,13250
1400,200,13250
1410,200,13250
1420,200,13250
1430,200,13250
1440,200,13250
1450,200,13250
1460,200,13250
1470,200,13250
1480,200,13250
1490,200,13250
1500,200,13250
1510,200,13250
1520,200,13250
1530,200,13250
1540,200,13250
1550,200,13250
1560,200,13250
1570,200,13250
1580,200,13250
1590,200,13250
1600,200,13250
1610,200,13250
1620,200,13250
1630,200,13250
1640,200,13250
1650,200,13250
1660,200,13250
1670,200,13250
1680,200,13250
1690,200,13250
1700,200,13250
1400,210,13250
1410,210,13250
1420,210,13250
1430,210,13250
1440,210,13250
1450,210,13250
1460,210,13250
1470,210,13250
1480,210,13250
1490,210,13250
1500,210,13250
1510,210,13250
1520,210,13250
1530,210,13250
1540,210,13250
1550,210,13250
1560,210,13250
1570,210,13250
1580,210,13250
1590,210,13250
1600,210,13250
1610,210,13250
1620,210,13250
1630,210,13250
1640,210,13250
1650,210,13250
1660,210,13250
1670,210,13250
1680,210,13250
1690,210,13250
1700,210,13250
1400,220,13250
1410,220,13250
1420,220,13250
1430,220,13250
1440,220,13250
1450,220,13250
1460,220,13250
1470,220,13250
1480,220,13250
1490,220,13250
1500,220,13250
1510,220,13250
1520,220,13250
1530,220,13250
1540,220,13250
1550,220,13250
1560,220,13250
1570,220,13250
1580,220,13250
1590,220,13250
1600,220,13250
1610,220,13250
1620,220,13250
1630,220,13250
1640,220,13250
1650,220,13250
1660,220,13250
1670,220,13250
1680,220,13250
1690,220,13250
1700,220,13250
1400,230,13250
1410,230,13250
1420,230,13250
1430,230,13250
1440,230,13250
1450,230,13250
1460,230,13250
1470,230,13250
1480,230,13250
1490,230,13250
1500,230,13250
1510,230,13250
1520,230,13250
1530,230,13250
1540,230,13250
1550,230,13250
1560,230,13250
1570,230,13250
1580,230,13250
1590,230,13250
1600,230,13250
1610,230,13250
1620,230,13250
1630,230,13250
1640,230,13250
1650,230,13250
1660,230,13250
1670,230,13250
1680,230,13250
1690,230,13250
1700,230,13250
1400,240,13250
1410,240,13250
1420,240,13250
1430,240,13250
1440,240,13250
1450,240,13250
1460,240,13250
1470,240,13250
1480,240,13250
1490,240,13250
1500,240,13250
1510,240,13250
1520,240,13250
1530,240,13250
1540,240,13250
1550,240,13250
1560,240,13250
1570,240,13250
1580,240,13250
1590,240,13250
1600,240,13250
1610,240,13250
1620,240,13250
1630,240,13250
1640,240,13250
1650,240,13250
1660,240,13250
1670,240,13250
1680,240,13250
1690,240,13250
1700,240,13250
1400,250,13250
1410,250,13250
1420,250,13250
1430,250,13250
1440,250,13250
1450,250,13250
1460,250,13250
1470,250,13250
1480,250,13250
1490,250,13250
1500,250,13250
1510,250,13250
1520,250,13250
1530,250,13250
1540,250,13250
1550,250,13250
1560,250,13250
1570,250,13250
1580,250,13250
1590,250,13250
1600,250,13250
1610,250,13250
1620,250,13250
1630,250,13250
1640,250,13250
1650,250,13250
1660,250,13250
1670,250,13250
1680,250,13250
1690,250,13250
1700,250,13250
1400,50,13500
1410,50,13500
1420,50,13500
1430,50,13500
1440,50,13500
1450,50,13500
1460,50,13500
1470,50,13500
1480,50,13500
1490,50,13500
1500,50,13500
1510,50,13500
1520,50,13500
1530,50,13500
1540,50,13500
1550,50,13500
1560,50,13500
1570,50,13500
1580,50,13500
1590,50,13500
1600,50,13500
1610,50,13500
1620,50,13500
1630,50,13500
1640,50,13500
1650,50,13500
1660,50,13500
1670,50,13500
1680,50,13500
1690,50,13500
1700,50,13500
1400,60,13500
1410,60,13500
1420,60,13500
1430,60,13500
1440,60,13500
1450,60,13500
1460,60,13500
1470,60,13500
1480,60,13500
1490,60,13500
1500,60,13500
1510,60,13500
1520,60,13500
1530,60,13500
1540,60,13500
1550,60,13500
1560,60,13500
1570,60,13500
1580,60,13500
1590,60,13500
1600,60,13500
1610,60,13500
1620,60,13500
1630,60,13500
1640,60,13500
1650,60,13500
1660,60,13500
1670,60,13500
1680,60,13500
1690,60,13500
1700,60,13500
1400,70,13500
1410,70,13500
1420,70,13500
1430,70,13500
1440,70,13500
1450,70,13500
1460,70,13500
1470,70,13500
1480,70,13500
1490,70,13500
1500,70,13500
1510,70,13500
1520,70,13500
1530,70,13500
1540,70,13500
1550,70,13500
1560,70,13500
1570,70,13500
1580,70,13500
1590,70,13500
1600,70,13500
1610,70,13500
1620,70,13500
1630,70,13500
1640,70,13500
1650,70,13500
1660,70,13500
1670,70,13500
1680,70,13500
1690,70,13500
1700,70,13500
1400,80,13500
1410,80,13500
1420,80,13500
1430,80,13500
1440,80,13500
1450,80,13500
1460,80,13500
1470,80,13500
1480,80,13500
1490,80,13500
1500,80,13500
1510,80,13500
1520,80,13500
1530,80,13500
1540,80,13500
1550,80,13500
1560,80,13500
1570,80,13500
1580,80,13500
1590,80,13500
1600,80,13500
1610,80,13500
1620,80,13500
1630,80,13500
1640,80,13500
1650,80,13500
1660,80,13500
1670,80,13500
1680,80,13500
1690,80,13500
1700,80,13500
1400,90,13500
1410,90,13500
1420,90,13500
1430,90,13500
1440,90,13500
1450,90,13500
1460,90,13500
1470,90,13500
1480,90,13500
1490,90,13500
1500,90,13500
1510,90,13500
1520,90,13500
1530,90,13500
1540,90,13500
1550,90,13500
1560,90,13500
1570,90,13500
1580,90,13500
1590,90,13500
1600,90,13500
1610,90,13500
1620,90,13500
1630,90,13500
1640,90,13500
1650,90,13500
1660,90,13500
1670,90,13500
1680,90,13500
1690,90,13500
1700,90,13500
1400,100,13500
1410,100,13500
1420,100,13500
1430,100,13500
1440,100,13500
1450,100,13500
1460,100,13500
1470,100,13500
1480,100,13500
1490,100,13500
1500,100,13500
1510,100,13500
1520,100,13500
1530,100,13500
1540,100,13500
1550,100,13500
1560,100,13500
1570,100,13500
1580,100,13500
1590,100,13500
1600,100,13500
1610,100,13500
1620,100,13500
1630,100,13500
1640,100,13500
1650,100,13500
1660,100,13500
1670,100,13500
1680,100,13500
1690,100,13500
1700,100,13500
1400,110,13500
1410,110,13500
1420,110,13500
1430,110,13500
1440,110,13500
1450,110,13500
1460,110,13500
1470,110,13500
1480,110,13500
1490,110,13500
1500,110,13500
1510,110,13500
1520,110,13500
1530,110,13500
1540,110,13500
1550,110,13500
1560,110,13500
1570,110,13500
1580,110,13500
1590,110,13500
1600,110,13500
1610,110,13500
1620,110,13500
1630,110,13500
1640,110,13500
1650,110,13500
1660,110,13500
1670,110,13500
1680,110,13500
1690,110,13500
1700,110,13500
1400,120,13500
1410,120,13500
1420,120,13500
1430,120,13500
1440,120,13500
1450,120,13500
1460,120,13500
1470,120,13500
1480,120,13500
1490,120,13500
1500,120,13500
1510,120,13500
1520,120,13500
1530,120,13500
1540,120,13500
1550,120,13500
1560,120,13500
1570,120,13500
1580,120,13500
1590,120,13500
1600,120,13500
1610,120,13500
1620,120,13500
1630,120,13500
1640,120,13500
1650,120,13500
1660,120,13500
1670,120,13500
1680,120,13500
1690,120,13500
1700,120,13500
1400,130,13500
1410,130,13500
1420,130,13500
1430,130,13500
1440,130,13500
1450,130,13500
1460,130,13500
1470,130,13500
1480,130,13500
1490,130,13500
1500,130,13500
1510,130,13500
1520,130,13500
1530,130,13500
1540,130,13500
1550,130,13500
1560,130,13500
1570,130,13500
1580,130,13500
1590,130,13500
1600,130,13500
1610,130,13500
1620,130,13500
1630,130,13500
1640,130,13500
1650,130,13500
1660,130,13500
1670,130,13500
1680,130,13500
1690,130,13500
1700,130,13500
1400,140,13500
1410,140,13500
1420,140,13500
1430,140,13500
1440,140,13500
1450,140,13500
1460,140,13500
1470,140,13500
1480,140,13500
1490,140,13500
1500,140,13500
1510,140,13500
1520,140,13500
1530,140,13500
1540,140,13500
1550,140,13500
1560,140,13500
1570,140,13500
1580,140,13500
1590,140,13500
1600,140,13500
1610,140,13500
1620,140,13500
1630,140,13500
1640,140,13500
1650,140,13500
1660,140,13500
1670,140,13500
1680,140,13500
1690,140,13500
1700,140,13500
1400,150,13500
1410,150,13500
1420,150,13500
1430,150,13500
1440,150,13500
1450,150,13500
1460,150,13500
1470,150,13500
1480,150,13500
1490,150,13500
1500,150,13500
1510,150,13500
1520,150,13500
1530,150,13500
1540,150,13500
1550,150,13500
1560,150,13500
1570,150,13500
1580,150,13500
1590,150,13500
1600,150,13500
1610,150,13500
1620,150,13500
1630,150,13500
1640,150,13500
1650,150,13500
1660,150,13500
1670,150,13500
1680,150,13500
1690,150,13500
1700,150,13500
1400,160,13500
1410,160,13500
1420,160,13500
1430,160,13500
1440,160,13500
1450,160,13500
1460,160,13500
1470,160,13500
1480,160,13500
1490,160,13500
1500,160,13500
1510,160,13500
1520,160,13500
1530,160,13500
1540,160,13500
1550,160,13500
1560,160,13500
1570,160,13500
1580,160,13500
1590,160,13500
1600,160,13500
1610,160,13500
1620,160,13500
1630,160,13500
1640,160,13500
1650,160,13500
1660,160,13500
1670,160,13500
1680,160,13500
1690,160,13500
1700,160,13500
1400,170,13500
1410,170,13500
1420,170,13500
1430,170,13500
1440,170,13500
1450,170,13500
1460,170,13500
1470,170,13500
1480,170,13500
1490,170,13500
1500,170,13500
1510,170,13500
1520,170,13500
1530,170,13500
1540,170,13500
1550,170,13500
1560,170,13500
1570,170,13500
1580,170,13500
1590,170,13500
1600,170,13500
1610,170,13500
1620,170,13500
1630,170,13500
1640,170,13500
1650,170,13500
1660,170,13500
1670,170,13500
1680,170,13500
1690,170,13500
1700,170,13500
1400,180,13500
1410,180,13500
1420,180,13500
1430,180,13500
1440,180,13500
1450,180,13500
1460,180,13500
1470,180,13500
1480,180,13500
1490,180,13500
1500,180,13500
1510,180,13500
1520,180,13500
1530,180,13500
1540,180,13500
1550,180,13500
1560,180,13500
1570,180,13500
1580,180,13500
1590,180,13500
1600,180,13500
1610,180,13500
1620,180,13500
1630,180,13500
1640,180,13500
1650,180,13500
1660,180,13500
1670,180,13500
1680,180,13500
1690,180,13500
1700,180,13500
1400,190,13500
1410,190,13500
1420,190,13500
1430,190,13500
1440,190,13500
1450,190,13500
1460,190,13500
1470,190,13500
1480,190,13500
1490,190,13500
1500,190,13500
1510,190,13500
1520,190,13500
1530,190,13500
1540,190,13500
1550,190,13500
1560,190,13500
1570,190,13500
1580,190,13500
1590,190,13500
1600,190,13500
1610,190,13500
1620,190,13500
1630,190,13500
1640,190,13500
1650,190,13500
1660,190,13500
1670,190,13500
1680,190,13500
1690,190,13500
1700,190,13500
1400,200,13500
1410,200,13500
1420,200,13500
1430,200,13500
1440,200,13500
1450,200,13500
1460,200,13500
1470,200,13500
1480,200,13500
1490,200,13500
1500,200,13500
1510,200,13500
1520,200,13500
1530,200,13500
1540,200,13500
1550,200,13500
1560,200,13500
1570,200,13500
1580,200,13500
1590,200,13500
1600,200,13500
1610,200,13500
1620,200,13500
1630,200,13500
1640,200,13500
1650,200,13500
1660,200,13500
1670,200,13500
1680,200,13500
1690,200,13500
1700,200,13500
1400,210,13500
1410,210,13500
1420,210,13500
1430,210,13500
1440,210,13500
1450,210,13500
1460,210,13500
1470,210,13500
1480,210,13500
1490,210,13500
1500,210,13500
1510,210,13500
1520,210,13500
1530,210,13500
1540,210,13500
1550,210,13500
1560,210,13500
1570,210,13500
1580,210,13500
1590,210,13500
1600,210,13500
1610,210,13500
1620,210,13500
1630,210,13500
1640,210,13500
1650,210,13500
1660,210,13500
1670,210,13500
1680,210,13500
1690,210,13500
1700,210,13500
1400,220,13500
1410,220,13500
1420,220,13500
1430,220,13500
1440,220,13500
1450,220,13500
1460,220,13500
1470,220,13500
1480,220,13500
1490,220,13500
1500,220,13500
1510,220,13500
1520,220,13500
1530,220,13500
1540,220,13500
1550,220,13500
1560,220,13500
1570,220,13500
1580,220,13500
1590,220,13500
1600,220,13500
1610,220,13500
1620,220,13500
1630,220,13500
1640,220,13500
1650,220,13500
1660,220,13500
1670,220,13500
1680,220,13500
1690,220,13500
1700,220,13500
1400,230,13500
1410,230,13500
1420,230,13500
1430,230,13500
1440,230,13500
1450,230,13500
1460,230,13500
1470,230,13500
1480,230,13500
1490,230,13500
1500,230,13500
1510,230,13500
1520,230,13500
1530,230,13500
1540,230,13500
1550,230,13500
1560,230,13500
1570,230,13500
1580,230,13500
1590,230,13500
1600,230,13500
1610,230,13500
1620,230,13500
1630,230,13500
1640,230,13500
1650,230,13500
1660,230,13500
1670,230,13500
1680,230,13500
1690,230,13500
1700,230,13500
1400,240,13500
1410,240,13500
1420,240,13500
1430,240,13500
1440,240,13500
1450,240,13500
1460,240,13500
1470,240,13500
1480,240,13500
1490,240,13500
1500,240,13500
1510,240,13500
1520,240,13500
1530,240,13500
1540,240,13500
1550,240,13500
1560,240,13500
1570,240,13500
1580,240,13500
1590,240,13500
1600,240,13500
1610,240,13500
1620,240,13500
1630,240,13500
1640,240,13500
1650,240,13500
1660,240,13500
1670,240,13500
1680,240,13500
1690,240,13500
1700,240,13500
1400,250,13500
1410,250,13500
1420,250,13500
1430,250,13500
1440,250,13500
1450,250,13500
1460,250,13500
1470,250,13500
1480,250,13500
1490,250,13500
1500,250,13500
1510,250,13500
1520,250,13500
1530,250,13500
1540,250,13500
1550,250,13500
1560,250,13500
1570,250,13500
1580,250,13500
1590,250,13500
1600,250,13500
1610,250,13500
1620,250,13500
1630,250,13500
1640,250,13500
1650,250,13500
1660,250,13500
1670,250,13500
1680,250,13500
1690,250,13500
1700,250,13500
1400,50,13750
1410,50,13750
1420,50,13750
1430,50,13750
1440,50,13750
1450,50,13750
1460,50,13750
1470,50,13750
1480,50,13750
1490,50,13750
1500,50,13750
1510,50,13750
1520,50,13750
1530,50,13750
1540,50,13750
1550,50,13750
1560,50,13750
1570,50,13750
1580,50,13750
1590,50,13750
1600,50,13750
1610,50,13750
1620,50,13750
1630,50,13750
1640,50,13750
1650,50,13750
1660,50,13750
1670,50,13750
1680,50,13750
1690,50,13750
1700,50,13750
1400,60,13750
1410,60,13750
1420,60,13750
1430,60,13750
1440,60,13750
1450,60,13750
1460,60,13750
1470,60,13750
1480,60,13750
1490,60,13750
1500,60,13750
1510,60,13750
1520,60,13750
1530,60,13750
1540,60,13750
1550,60,13750
1560,60,13750
1570,60,13750
1580,60,13750
1590,60,13750
1600,60,13750
1610,60,13750
1620,60,13750
1630,60,13750
1640,60,13750
1650,60,13750
1660,60,13750
1670,60,13750
1680,60,13750
1690,60,13750
1700,60,13750
1400,70,13750
1410,70,13750
1420,70,13750
1430,70,13750
1440,70,13750
1450,70,13750
1460,70,13750
1470,70,13750
1480,70,13750
1490,70,13750
1500,70,13750
1510,70,13750
1520,70,13750
1530,70,13750
1540,70,13750
1550,70,13750
1560,70,13750
1570,70,13750
1580,70,13750
1590,70,13750
1600,70,13750
1610,70,13750
1620,70,13750
1630,70,13750
1640,70,13750
1650,70,13750
1660,70,13750
1670,70,13750
1680,70,13750
1690,70,13750
1700,70,13750
1400,80,13750
1410,80,13750
1420,80,13750
1430,80,13750
1440,80,13750
1450,80,13750
1460,80,13750
1470,80,13750
1480,80,13750
1490,80,13750
1500,80,13750
1510,80,13750
1520,80,13750
1530,80,13750
1540,80,13750
1550,80,13750
1560,80,13750
1570,80,13750
1580,80,13750
1590,80,13750
1600,80,13750
1610,80,13750
1620,80,13750
1630,80,13750
1640,80,13750
1650,80,13750
1660,80,13750
1670,80,13750
1680,80,13750
1690,80,13750
1700,80,13750
1400,90,13750
1410,90,13750
1420,90,13750
1430,90,13750
1440,90,13750
1450,90,13750
1460,90,13750
1470,90,13750
1480,90,13750
1490,90,13750
1500,90,13750
1510,90,13750
1520,90,13750
1530,90,13750
1540,90,13750
1550,90,13750
1560,90,13750
1570,90,13750
1580,90,13750
1590,90,13750
1600,90,13750
1610,90,13750
1620,90,13750
1630,90,13750
1640,90,13750
1650,90,13750
1660,90,13750
1670,90,13750
1680,90,13750
1690,90,13750
1700,90,13750
1400,100,13750
1410,100,13750
1420,100,13750
1430,100,13750
1440,100,13750
1450,100,13750
1460,100,13750
1470,100,13750
1480,100,13750
1490,100,13750
1500,100,13750
1510,100,13750
1520,100,13750
1530,100,13750
1540,100,13750
1550,100,13750
1560,100,13750
1570,100,13750
1580,100,13750
1590,100,13750
1600,100,13750
1610,100,13750
1620,100,13750
1630,100,13750
1640,100,13750
1650,100,13750
1660,100,13750
1670,100,13750
1680,100,13750
1690,100,13750
1700,100,13750
1400,110,13750
1410,110,13750
1420,110,13750
1430,110,13750
1440,110,13750
1450,110,13750
1460,110,13750
1470,110,13750
1480,110,13750
1490,110,13750
1500,110,13750
1510,110,13750
1520,110,13750
1530,110,13750
1540,110,13750
1550,110,13750
1560,110,13750
1570,110,13750
1580,110,13750
1590,110,13750
1600,110,13750
1610,110,13750
1620,110,13750
1630,110,13750
1640,110,13750
1650,110,13750
1660,110,13750
1670,110,13750
1680,110,13750
1690,110,13750
1700,110,13750
1400,120,13750
1410,120,13750
1420,120,13750
1430,120,13750
1440,120,13750
1450,120,13750
1460,120,13750
1470,120,13750
1480,120,13750
1490,120,13750
1500,120,13750
1510,120,13750
1520,120,13750
1530,120,13750
1540,120,13750
1550,120,13750
1560,120,13750
1570,120,13750
1580,120,13750
1590,120,13750
1600,120,13750
1610,120,13750
1620,120,13750
1630,120,13750
1640,120,13750
1650,120,13750
1660,120,13750
1670,120,13750
1680,120,13750
1690,120,13750
1700,120,13750
1400,130,13750
1410,130,13750
1420,130,13750
1430,130,13750
1440,130,13750
1450,130,13750
1460,130,13750
1470,130,13750
1480,130,13750
1490,130,13750
1500,130,13750
1510,130,13750
1520,130,13750
1530,130,13750
1540,130,13750
1550,130,13750
1560,130,13750
1570,130,13750
1580,130,13750
1590,130,13750
1600,130,13750
1610,130,13750
1620,130,13750
1630,130,13750
1640,130,13750
1650,130,13750
1660,130,13750
1670,130,13750
1680,130,13750
1690,130,13750
1700,130,13750
1400,140,13750
1410,140,13750
1420,140,13750
1430,140,13750
1440,140,13750
1450,140,13750
1460,140,13750
1470,140,13750
1480,140,13750
1490,140,13750
1500,140,13750
1510,140,13750
1520,140,13750
1530,140,13750
1540,140,13750
1550,140,13750
1560,140,13750
1570,140,13750
1580,140,13750
1590,140,13750
1600,140,13750
1610,140,13750
1620,140,13750
1630,140,13750
1640,140,13750
1650,140,13750
1660,140,13750
1670,140,13750
1680,140,13750
1690,140,13750
1700,140,13750
1400,150,13750
1410,150,13750
1420,150,13750
1430,150,13750
1440,150,13750
1450,150,13750
1460,150,13750
1470,150,13750
1480,150,13750
1490,150,13750
1500,150,13750
1510,150,13750
1520,150,13750
1530,150,13750
1540,150,13750
1550,150,13750
1560,150,13750
1570,150,13750
1580,150,13750
1590,150,13750
1600,150,13750
1610,150,13750
1620,150,13750
1630,150,13750
1640,150,13750
1650,150,13750
1660,150,13750
1670,150,13750
1680,150,13750
1690,150,13750
1700,150,13750
1400,160,13750
1410,160,13750
1420,160,13750
1430,160,13750
1440,160,13750
1450,160,13750
1460,160,13750
1470,160,13750
1480,160,13750
1490,160,13750
1500,160,13750
1510,160,13750
1520,160,13750
1530,160,13750
1540,160,13750
1550,160,13750
1560,160,13750
1570,160,13750
1580,160,13750
1590,160,13750
1600,160,13750
1610,160,13750
1620,160,13750
1630,160,13750
1640,160,13750
1650,160,13750
1660,160,13750
1670,160,13750
1680,160,13750
1690,160,13750
1700,160,13750
1400,170,13750
1410,170,13750
1420,170,13750
1430,170,13750
1440,170,13750
1450,170,13750
1460,170,13750
1470,170,13750
1480,170,13750
1490,170,13750
1500,170,13750
1510,170,13750
1520,170,13750
1530,170,13750
1540,170,13750
1550,170,13750
1560,170,13750
1570,170,13750
1580,170,13750
1590,170,13750
1600,170,13750
1610,170,13750
1620,170,13750
1630,170,13750
1640,170,13750
1650,170,13750
1660,170,13750
1670,170,13750
1680,170,13750
1690,170,13750
1700,170,13750
1400,180,13750
1410,180,13750
1420,180,13750
1430,180,13750
1440,180,13750
1450,180,13750
1460,180,13750
1470,180,13750
1480,180,13750
1490,180,13750
1500,180,13750
1510,180,13750
1520,180,13750
1530,180,13750
1540,180,13750
1550,180,13750
1560,180,13750
1570,180,13750
1580,180,13750
1590,180,13750
1600,180,13750
1610,180,13750
1620,180,13750
1630,180,13750
1640,180,13750
1650,180,13750
1660,180,13750
1670,180,13750
1680,180,13750
1690,180,13750
1700,180,13750
1400,190,13750
1410,190,13750
1420,190,13750
1430,190,13750
1440,190,13750
1450,190,13750
1460,190,13750
1470,190,13750
1480,190,13750
1490,190,13750
1500,190,13750
1510,190,13750
1520,190,13750
1530,190,13750
1540,190,13750
1550,190,13750
1560,190,13750
1570,190,13750
1580,190,13750
1590,190,13750
1600,190,13750
1610,190,13750
1620,190,13750
1630,190,13750
1640,190,13750
1650,190,13750
1660,190,13750
1670,190,13750
1680,190,13750
1690,190,13750
1700,190,13750
1400,200,13750
1410,200,13750
1420,200,13750
1430,200,13750
1440,200,13750
1450,200,13750
1460,200,13750
1470,200,13750
1480,200,13750
1490,200,13750
1500,200,13750
1510,200,13750
1520,200,13750
1530,200,13750
1540,200,13750
1550,200,13750
1560,200,13750
1570,200,13750
1580,200,13750
1590,200,13750
1600,200,13750
1610,200,13750
1620,200,13750
1630,200,13750
1640,200,13750
1650,200,13750
1660,200,13750
1670,200,13750
1680,200,13750
1690,200,13750
1700,200,13750
1400,210,13750
1410,210,13750
1420,210,13750
1430,210,13750
1440,210,13750
1450,210,13750
1460,210,13750
1470,210,13750
1480,210,13750
1490,210,13750
1500,210,13750
1510,210,13750
1520,210,13750
1530,210,13750
1540,210,13750
1550,210,13750
1560,210,13750
1570,210,13750
1580,210,13750
1590,210,13750
1600,210,13750
1610,210,13750
1620,210,13750
1630,210,13750
1640,210,13750
1650,210,13750
1660,210,13750
1670,210,13750
1680,210,13750
1690,210,13750
1700,210,13750
1400,220,13750
1410,220,13750
1420,220,13750
1430,220,13750
1440,220,13750
1450,220,13750
1460,220,13750
1470,220,13750
1480,220,13750
1490,220,13750
1500,220,13750
1510,220,13750
1520,220,13750
1530,220,13750
1540,220,13750
1550,220,13750
1560,220,13750
1570,220,13750
1580,220,13750
1590,220,13750
1600,220,13750
1610,220,13750
1620,220,13750
1630,220,13750
1640,220,13750
1650,220,13750
1660,220,13750
1670,220,13750
1680,220,13750
1690,220,13750
1700,220,13750
1400,230,13750
1410,230,13750
1420,230,13750
1430,230,13750
1440,230,13750
1450,230,13750
1460,230,13750
1470,230,13750
1480,230,13750
1490,230,13750
1500,230,13750
1510,230,13750
1520,230,13750
1530,230,13750
1540,230,13750
1550,230,13750
1560,230,13750
1570,230,13750
1580,230,13750
1590,230,13750
1600,230,13750
1610,230,13750
1620,230,13750
1630,230,13750
1640,230,13750
1650,230,13750
1660,230,13750
1670,230,13750
1680,230,13750
1690,230,13750
1700,230,13750
1400,240,13750
1410,240,13750
1420,240,13750
1430,240,13750
1440,240,13750
1450,240,13750
1460,240,13750
1470,240,13750
1480,240,13750
1490,240,13750
1500,240,13750
1510,240,13750
1520,240,13750
1530,240,13750
1540,240,13750
1550,240,13750
1560,240,13750
1570,240,13750
1580,240,13750
1590,240,13750
1600,240,13750
1610,240,13750
1620,240,13750
1630,240,13750
1640,240,13750
1650,240,13750
1660,240,13750
1670,240,13750
1680,240,13750
1690,240,13750
1700,240,13750
1400,250,13750
1410,250,13750
1420,250,13750
1430,250,13750
1440,250,13750
1450,250,13750
1460,250,13750
1470,250,13750
1480,250,13750
1490,250,13750
1500,250,13750
1510,250,13750
1520,250,13750
1530,250,13750
1540,250,13750
1550,250,13750
1560,250,13750
1570,250,13750
1580,250,13750
1590,250,13750
1600,250,13750
1610,250,13750
1620,250,13750
1630,250,13750
1640,250,13750
1650,250,13750
1660,250,13750
1670,250,13750
1680,250,13750
1690,250,13750
1700,250,13750
1400,50,14000
1410,50,14000
1420,50,14000
1430,50,14000
1440,50,14000
1450,50,14000
1460,50,14000
1470,50,14000
1480,50,14000
1490,50,14000
1500,50,14000
1510,50,14000
1520,50,14000
1530,50,14000
1540,50,14000
1550,50,14000
1560,50,14000
1570,50,14000
1580,50,14000
1590,50,14000
1600,50,14000
1610,50,14000
1620,50,14000
1630,50,14000
1640,50,14000
1650,50,14000
1660,50,14000
1670,50,14000
1680,50,14000
1690,50,14000
1700,50,14000
1400,60,14000
1410,60,14000
1420,60,14000
1430,60,14000
1440,60,14000
1450,60,14000
1460,60,14000
1470,60,14000
1480,60,14000
1490,60,14000
1500,60,14000
1510,60,14000
1520,60,14000
1530,60,14000
1540,60,14000
1550,60,14000
1560,60,14000
1570,60,14000
1580,60,14000
1590,60,14000
1600,60,14000
1610,60,14000
1620,60,14000
1630,60,14000
1640,60,14000
1650,60,14000
1660,60,14000
1670,60,14000
1680,60,14000
1690,60,14000
1700,60,14000
1400,70,14000
1410,70,14000
1420,70,14000
1430,70,14000
1440,70,14000
1450,70,14000
1460,70,14000
1470,70,14000
1480,70,14000
1490,70,14000
1500,70,14000
1510,70,14000
1520,70,14000
1530,70,14000
1540,70,14000
1550,70,14000
1560,70,14000
1570,70,14000
1580,70,14000
1590,70,14000
1600,70,14000
1610,70,14000
1620,70,14000
1630,70,14000
1640,70,14000
1650,70,14000
1660,70,14000
1670,70,14000
1680,70,14000
1690,70,14000
1700,70,14000
1400,80,14000
1410,80,14000
1420,80,14000
1430,80,14000
1440,80,14000
1450,80,14000
1460,80,14000
1470,80,14000
1480,80,14000
1490,80,14000
1500,80,14000
1510,80,14000
1520,80,14000
1530,80,14000
1540,80,14000
1550,80,14000
1560,80,14000
1570,80,14000
1580,80,14000
1590,80,14000
1600,80,14000
1610,80,14000
1620,80,14000
1630,80,14000
1640,80,14000
1650,80,14000
1660,80,14000
1670,80,14000
1680,80,14000
1690,80,14000
1700,80,14000
1400,90,14000
1410,90,14000
1420,90,14000
1430,90,14000
1440,90,14000
1450,90,14000
1460,90,14000
1470,90,14000
1480,90,14000
1490,90,14000
1500,90,14000
1510,90,14000
1520,90,14000
1530,90,14000
1540,90,14000
1550,90,14000
1560,90,14000
1570,90,14000
1580,90,14000
1590,90,14000
1600,90,14000
1610,90,14000
1620,90,14000
1630,90,14000
1640,90,14000
1650,90,14000
1660,90,14000
1670,90,14000
1680,90,14000
1690,90,14000
1700,90,14000
1400,100,14000
1410,100,14000
1420,100,14000
1430,100,14000
1440,100,14000
1450,100,14000
1460,100,14000
1470,100,14000
1480,100,14000
1490,100,14000
1500,100,14000
1510,100,14000
1520,100,14000
1530,100,14000
1540,100,14000
1550,100,14000
1560,100,14000
1570,100,14000
1580,100,14000
1590,100,14000
1600,100,14000
1610,100,14000
1620,100,14000
1630,100,14000
1640,100,14000
1650,100,14000
1660,100,14000
1670,100,14000
1680,100,14000
1690,100,14000
1700,100,14000
1400,110,14000
1410,110,14000
1420,110,14000
1430,110,14000
1440,110,14000
1450,110,14000
1460,110,14000
1470,110,14000
1480,110,14000
1490,110,14000
1500,110,14000
1510,110,14000
1520,110,14000
1530,110,14000
1540,110,14000
1550,110,14000
1560,110,14000
1570,110,14000
1580,110,14000
1590,110,14000
1600,110,14000
1610,110,14000
1620,110,14000
1630,110,14000
1640,110,14000
1650,110,14000
1660,110,14000
1670,110,14000
1680,110,14000
1690,110,14000
1700,110,14000
1400,120,14000
1410,120,14000
1420,120,14000
1430,120,14000
1440,120,14000
1450,120,14000
1460,120,14000
1470,120,14000
1480,120,14000
1490,120,14000
1500,120,14000
1510,120,14000
1520,120,14000
1530,120,14000
1540,120,14000
1550,120,14000
1560,120,14000
1570,120,14000
1580,120,14000
1590,120,14000
1600,120,14000
1610,120,14000
1620,120,14000
1630,120,14000
1640,120,14000
1650,120,14000
1660,120,14000
1670,120,14000
1680,120,14000
1690,120,14000
1700,120,14000
1400,130,14000
1410,130,14000
1420,130,14000
1430,130,14000
1440,130,14000
1450,130,14000
1460,130,14000
1470,130,14000
1480,130,14000
1490,130,14000
1500,130,14000
1510,130,14000
1520,130,14000
1530,130,14000
1540,130,14000
1550,130,14000
1560,130,14000
1570,130,14000
1580,130,14000
1590,130,14000
1600,130,14000
1610,130,14000
1620,130,14000
1630,130,14000
1640,130,14000
1650,130,14000
1660,130,14000
1670,130,14000
1680,130,14000
1690,130,14000
1700,130,14000
1400,140,14000
1410,140,14000
1420,140,14000
1430,140,14000
1440,140,14000
1450,140,14000
1460,140,14000
1470,140,14000
1480,140,14000
1490,140,14000
1500,140,14000
1510,140,14000
1520,140,14000
1530,140,14000
1540,140,14000
1550,140,14000
1560,140,14000
1570,140,14000
1580,140,14000
1590,140,14000
1600,140,14000
1610,140,14000
1620,140,14000
1630,140,14000
1640,140,14000
1650,140,14000
1660,140,14000
1670,140,14000
1680,140,14000
1690,140,14000
1700,140,14000
1400,150,14000
1410,150,14000
1420,150,14000
1430,150,14000
1440,150,14000
1450,150,14000
1460,150,14000
1470,150,14000
1480,150,14000
1490,150,14000
1500,150,14000
1510,150,14000
1520,150,14000
1530,150,14000
1540,150,14000
1550,150,14000
1560,150,14000
1570,150,14000
1580,150,14000
1590,150,14000
1600,150,14000
1610,150,14000
1620,150,14000
1630,150,14000
1640,150,14000
1650,150,14000
1660,150,14000
1670,150,14000
1680,150,14000
1690,150,14000
1700,150,14000
1400,160,14000
1410,160,14000
1420,160,14000
1430,160,14000
1440,160,14000
1450,160,14000
1460,160,14000
1470,160,14000
1480,160,14000
1490,160,14000
1500,160,14000
1510,160,14000
1520,160,14000
1530,160,14000
1540,160,14000
1550,160,14000
1560,160,14000
1570,160,14000
1580,160,14000
1590,160,14000
1600,160,14000
1610,160,14000
1620,160,14000
1630,160,14000
1640,160,14000
1650,160,14000
1660,160,14000
1670,160,14000
1680,160,14000
1690,160,14000
1700,160,14000
1400,170,14000
1410,170,14000
1420,170,14000
1430,170,14000
1440,170,14000
1450,170,14000
1460,170,14000
1470,170,14000
1480,170,14000
1490,170,14000
1500,170,14000
1510,170,14000
1520,170,14000
1530,170,14000
1540,170,14000
1550,170,14000
1560,170,14000
1570,170,14000
1580,170,14000
1590,170,14000
1600,170,14000
1610,170,14000
1620,170,14000
1630,170,14000
1640,170,14000
1650,170,14000
1660,170,14000
1670,170,14000
1680,170,14000
1690,170,14000
1700,170,14000
1400,180,14000
1410,180,14000
1420,180,14000
1430,180,14000
1440,180,14000
1450,180,14000
1460,180,14000
1470,180,14000
1480,180,14000
1490,180,14000
1500,180,14000
1510,180,14000
1520,180,14000
1530,180,14000
1540,180,14000
1550,180,14000
1560,180,14000
1570,180,14000
1580,180,14000
1590,180,14000
1600,180,14000
1610,180,14000
1620,180,14000
1630,180,14000
1640,180,14000
1650,180,14000
1660,180,14000
1670,180,14000
1680,180,14000
1690,180,14000
1700,180,14000
1400,190,14000
1410,190,14000
1420,190,14000
1430,190,14000
1440,190,14000
1450,190,14000
1460,190,14000
1470,190,14000
1480,190,14000
1490,190,14000
1500,190,14000
1510,190,14000
1520,190,14000
1530,190,14000
1540,190,14000
1550,190,14000
1560,190,14000
1570,190,14000
1580,190,14000
1590,190,14000
1600,190,14000
1610,190,14000
1620,190,14000
1630,190,14000
1640,190,14000
1650,190,14000
1660,190,14000
1670,190,14000
1680,190,14000
1690,190,14000
1700,190,14000
1400,200,14000
1410,200,14000
1420,200,14000
1430,200,14000
1440,200,14000
1450,200,14000
1460,200,14000
1470,200,14000
1480,200,14000
1490,200,14000
1500,200,14000
1510,200,14000
1520,200,14000
1530,200,14000
1540,200,14000
1550,200,14000
1560,200,14000
1570,200,14000
1580,200,14000
1590,200,14000
1600,200,14000
1610,200,14000
1620,200,14000
1630,200,14000
1640,200,14000
1650,200,14000
1660,200,14000
1670,200,14000
1680,200,14000
1690,200,14000
1700,200,14000
1400,210,14000
1410,210,14000
1420,210,14000
1430,210,14000
1440,210,14000
1450,210,14000
1460,210,14000
1470,210,14000
1480,210,14000
1490,210,14000
1500,210,14000
1510,210,14000
1520,210,14000
1530,210,14000
1540,210,14000
1550,210,14000
1560,210,14000
1570,210,14000
1580,210,14000
1590,210,14000
1600,210,14000
1610,210,14000
1620,210,14000
1630,210,14000
1640,210,14000
1650,210,14000
1660,210,14000
1670,210,14000
1680,210,14000
1690,210,14000
1700,210,14000
1400,220,14000
1410,220,14000
1420,220,14000
1430,220,14000
1440,220,14000
1450,220,14000
1460,220,14000
1470,220,14000
1480,220,14000
1490,220,14000
1500,220,14000
1510,220,14000
1520,220,14000
1530,220,14000
1540,220,14000
1550,220,14000
1560,220,14000
1570,220,14000
1580,220,14000
1590,220,14000
1600,220,14000
1610,220,14000
1620,220,14000
1630,220,14000
1640,220,14000
1650,220,14000
1660,220,14000
1670,220,14000
1680,220,14000
1690,220,14000
1700,220,14000
1400,230,14000
1410,230,14000
1420,230,14000
1430,230,14000
1440,230,14000
1450,230,14000
1460,230,14000
1470,230,14000
1480,230,14000
1490,230,14000
1500,230,14000
1510,230,14000
1520,230,14000
1530,230,14000
1540,230,14000
1550,230,14000
1560,230,14000
1570,230,14000
1580,230,14000
1590,230,14000
1600,230,14000
1610,230,14000
1620,230,14000
1630,230,14000
1640,230,14000
1650,230,14000
1660,230,14000
1670,230,14000
1680,230,14000
1690,230,14000
1700,230,14000
1400,240,14000
1410,240,14000
1420,240,14000
1430,240,14000
1440,240,14000
1450,240,14000
1460,240,14000
1470,240,14000
1480,240,14000
1490,240,14000
1500,240,14000
1510,240,14000
1520,240,14000
1530,240,14000
1540,240,14000
1550,240,14000
1560,240,14000
1570,240,14000
1580,240,14000
1590,240,14000
1600,240,14000
1610,240,14000
1620,240,14000
1630,240,14000
1640,240,14000
1650,240,14000
1660,240,14000
1670,240,14000
1680,240,14000
1690,240,14000
1700,240,14000
1400,250,14000
1410,250,14000
1420,250,14000
1430,250,14000
1440,250,14000
1450,250,14000
1460,250,14000
1470,250,14000
1480,250,14000
1490,250,14000
1500,250,14000
1510,250,14000
1520,250,14000
1530,250,14000
1540,250,14000
1550,250,14000
1560,250,14000
1570,250,14000
1580,250,14000
1590,250,14000
1600,250,14000
1610,250,14000
1620,250,14000
1630,250,14000
1640,250,14000
1650,250,14000
1660,250,14000
1670,250,14000
1680,250,14000
1690,250,14000
1700,250,14000
1400,50,14250
1410,50,14250
1420,50,14250
1430,50,14250
1440,50,14250
1450,50,14250
1460,50,14250
1470,50,14250
1480,50,14250
1490,50,14250
1500,50,14250
1510,50,14250
1520,50,14250
1530,50,14250
1540,50,14250
1550,50,14250
1560,50,14250
1570,50,14250
1580,50,14250
1590,50,14250
1600,50,14250
1610,50,14250
1620,50,14250
1630,50,14250
1640,50,14250
1650,50,14250
1660,50,14250
1670,50,14250
1680,50,14250
1690,50,14250
1700,50,14250
1400,60,14250
1410,60,14250
1420,60,14250
1430,60,14250
1440,60,14250
1450,60,14250
1460,60,14250
1470,60,14250
1480,60,14250
1490,60,14250
1500,60,14250
1510,60,14250
1520,60,14250
1530,60,14250
1540,60,14250
1550,60,14250
1560,60,14250
1570,60,14250
1580,60,14250
1590,60,14250
1600,60,14250
1610,60,14250
1620,60,14250
1630,60,14250
1640,60,14250
1650,60,14250
1660,60,14250
1670,60,14250
1680,60,14250
1690,60,14250
1700,60,14250
1400,70,14250
1410,70,14250
1420,70,14250
1430,70,14250
1440,70,14250
1450,70,14250
1460,70,14250
1470,70,14250
1480,70,14250
1490,70,14250
1500,70,14250
1510,70,14250
1520,70,14250
1530,70,14250
1540,70,14250
1550,70,14250
1560,70,14250
1570,70,14250
1580,70,14250
1590,70,14250
1600,70,14250
1610,70,14250
1620,70,14250
1630,70,14250
1640,70,14250
1650,70,14250
1660,70,14250
1670,70,14250
1680,70,14250
1690,70,14250
1700,70,14250
1400,80,14250
1410,80,14250
1420,80,14250
1430,80,14250
1440,80,14250
1450,80,14250
1460,80,14250
1470,80,14250
1480,80,14250
1490,80,14250
1500,80,14250
1510,80,14250
1520,80,14250
1530,80,14250
1540,80,14250
1550,80,14250
1560,80,14250
1570,80,14250
1580,80,14250
1590,80,14250
1600,80,14250
1610,80,14250
1620,80,14250
1630,80,14250
1640,80,14250
1650,80,14250
1660,80,14250
1670,80,14250
1680,80,14250
1690,80,14250
1700,80,14250
1400,90,14250
1410,90,14250
1420,90,14250
1430,90,14250
1440,90,14250
1450,90,14250
1460,90,14250
1470,90,14250
1480,90,14250
1490,90,14250
1500,90,14250
1510,90,14250
1520,90,14250
1530,90,14250
1540,90,14250
1550,90,14250
1560,90,14250
1570,90,14250
1580,90,14250
1590,90,14250
1600,90,14250
1610,90,14250
1620,90,14250
1630,90,14250
1640,90,14250
1650,90,14250
1660,90,14250
1670,90,14250
1680,90,14250
1690,90,14250
1700,90,14250
1400,100,14250
1410,100,14250
1420,100,14250
1430,100,14250
1440,100,14250
1450,100,14250
1460,100,14250
1470,100,14250
1480,100,14250
1490,100,14250
1500,100,14250
1510,100,14250
1520,100,14250
1530,100,14250
1540,100,14250
1550,100,14250
1560,100,14250
1570,100,14250
1580,100,14250
1590,100,14250
1600,100,14250
1610,100,14250
1620,100,14250
1630,100,14250
1640,100,14250
1650,100,14250
1660,100,14250
1670,100,14250
1680,100,14250
1690,100,14250
1700,100,14250
1400,110,14250
1410,110,14250
1420,110,14250
1430,110,14250
1440,110,14250
1450,110,14250
1460,110,14250
1470,110,14250
1480,110,14250
1490,110,14250
1500,110,14250
1510,110,14250
1520,110,14250
1530,110,14250
1540,110,14250
1550,110,14250
1560,110,14250
1570,110,14250
1580,110,14250
1590,110,14250
1600,110,14250
1610,110,14250
1620,110,14250
1630,110,14250
1640,110,14250
1650,110,14250
1660,110,14250
1670,110,14250
1680,110,14250
1690,110,14250
1700,110,14250
1400,120,14250
1410,120,14250
1420,120,14250
1430,120,14250
1440,120,14250
1450,120,14250
1460,120,14250
1470,120,14250
1480,120,14250
1490,120,14250
1500,120,14250
1510,120,14250
1520,120,14250
1530,120,14250
1540,120,14250
1550,120,14250
1560,120,14250
1570,120,14250
1580,120,14250
1590,120,14250
1600,120,14250
1610,120,14250
1620,120,14250
1630,120,14250
1640,120,14250
1650,120,14250
1660,120,14250
1670,120,14250
1680,120,14250
1690,120,14250
1700,120,14250
1400,130,14250
1410,130,14250
1420,130,14250
1430,130,14250
1440,130,14250
1450,130,14250
1460,130,14250
1470,130,14250
1480,130,14250
1490,130,14250
1500,130,14250
1510,130,14250
1520,130,14250
1530,130,14250
1540,130,14250
1550,130,14250
1560,130,14250
1570,130,14250
1580,130,14250
1590,130,14250
1600,130,14250
1610,130,14250
1620,130,14250
1630,130,14250
1640,130,14250
1650,130,14250
1660,130,14250
1670,130,14250
1680,130,14250
1690,130,14250
1700,130,14250
1400,140,14250
1410,140,14250
1420,140,14250
1430,140,14250
1440,140,14250
1450,140,14250
1460,140,14250
1470,140,14250
1480,140,14250
1490,140,14250
1500,140,14250
1510,140,14250
1520,140,14250
1530,140,14250
1540,140,14250
1550,140,14250
1560,140,14250
1570,140,14250
1580,140,14250
1590,140,14250
1600,140,14250
1610,140,14250
1620,140,14250
1630,140,14250
1640,140,14250
1650,140,14250
1660,140,14250
1670,140,14250
1680,140,14250
1690,140,14250
1700,140,14250
1400,150,14250
1410,150,14250
1420,150,14250
1430,150,14250
1440,150,14250
1450,150,14250
1460,150,14250
1470,150,14250
1480,150,14250
1490,150,14250
1500,150,14250
1510,150,14250
1520,150,14250
1530,150,14250
1540,150,14250
1550,150,14250
1560,150,14250
1570,150,14250
1580,150,14250
1590,150,14250
1600,150,14250
1610,150,14250
1620,150,14250
1630,150,14250
1640,150,14250
1650,150,14250
1660,150,14250
1670,150,14250
1680,150,14250
1690,150,14250
1700,150,14250
1400,160,14250
1410,160,14250
1420,160,14250
1430,160,14250
1440,160,14250
1450,160,14250
1460,160,14250
1470,160,14250
1480,160,14250
1490,160,14250
1500,160,14250
1510,160,14250
1520,160,14250
1530,160,14250
1540,160,14250
1550,160,14250
1560,160,14250
1570,160,14250
1580,160,14250
1590,160,14250
1600,160,14250
1610,160,14250
1620,160,14250
1630,160,14250
1640,160,14250
1650,160,14250
1660,160,14250
1670,160,14250
1680,160,14250
1690,160,14250
1700,160,14250
1400,170,14250
1410,170,14250
1420,170,14250
1430,170,14250
1440,170,14250
1450,170,14250
1460,170,14250
1470,170,14250
1480,170,14250
1490,170,14250
1500,170,14250
1510,170,14250
1520,170,14250
1530,170,14250
1540,170,14250
1550,170,14250
1560,170,14250
1570,170,14250
1580,170,14250
1590,170,14250
1600,170,14250
1610,170,14250
1620,170,14250
1630,170,14250
1640,170,14250
1650,170,14250
1660,170,14250
1670,170,14250
1680,170,14250
1690,170,14250
1700,170,14250
1400,180,14250
1410,180,14250
1420,180,14250
1430,180,14250
1440,180,14250
1450,180,14250
1460,180,14250
1470,180,14250
1480,180,14250
1490,180,14250
1500,180,14250
1510,180,14250
1520,180,14250
1530,180,14250
1540,180,14250
1550,180,14250
1560,180,14250
1570,180,14250
1580,180,14250
1590,180,14250
1600,180,14250
1610,180,14250
1620,180,14250
1630,180,14250
1640,180,14250
1650,180,14250
1660,180,14250
1670,180,14250
1680,180,14250
1690,180,14250
1700,180,14250
1400,190,14250
1410,190,14250
1420,190,14250
1430,190,14250
1440,190,14250
1450,190,14250
1460,190,14250
1470,190,14250
1480,190,14250
1490,190,14250
1500,190,14250
1510,190,14250
1520,190,14250
1530,190,14250
1540,190,14250
1550,190,14250
1560,190,14250
1570,190,14250
1580,190,14250
1590,190,14250
1600,190,14250
1610,190,14250
1620,190,14250
1630,190,14250
1640,190,14250
1650,190,14250
1660,190,14250
1670,190,14250
1680,190,14250
1690,190,14250
1700,190,14250
1400,200,14250
1410,200,14250
1420,200,14250
1430,200,14250
1440,200,14250
1450,200,14250
1460,200,14250
1470,200,14250
1480,200,14250
1490,200,14250
1500,200,14250
1510,200,14250
1520,200,14250
1530,200,14250
1540,200,14250
1550,200,14250
1560,200,14250
1570,200,14250
1580,200,14250
1590,200,14250
1600,200,14250
1610,200,14250
1620,200,14250
1630,200,14250
1640,200,14250
1650,200,14250
1660,200,14250
1670,200,14250
1680,200,14250
1690,200,14250
1700,200,14250
1400,210,14250
1410,210,14250
1420,210,14250
1430,210,14250
1440,210,14250
1450,210,14250
1460,210,14250
1470,210,14250
1480,210,14250
1490,210,14250
1500,210,14250
1510,210,14250
1520,210,14250
1530,210,14250
1540,210,14250
1550,210,14250
1560,210,14250
1570,210,14250
1580,210,14250
1590,210,14250
1600,210,14250
1610,210,14250
1620,210,14250
1630,210,14250
1640,210,14250
1650,210,14250
1660,210,14250
1670,210,14250
1680,210,14250
1690,210,14250
1700,210,14250
1400,220,14250
1410,220,14250
1420,220,14250
1430,220,14250
1440,220,14250
1450,220,14250
1460,220,14250
1470,220,14250
1480,220,14250
1490,220,14250
1500,220,14250
1510,220,14250
1520,220,14250
1530,220,14250
1540,220,14250
1550,220,14250
1560,220,14250
1570,220,14250
1580,220,14250
1590,220,14250
1600,220,14250
1610,220,14250
1620,220,14250
1630,220,14250
1640,220,14250
1650,220,14250
1660,220,14250
1670,220,14250
1680,220,14250
1690,220,14250
1700,220,14250
1400,230,14250
1410,230,14250
1420,230,14250
1430,230,14250
1440,230,14250
1450,230,14250
1460,230,14250
1470,230,14250
1480,230,14250
1490,230,14250
1500,230,14250
1510,230,14250
1520,230,14250
1530,230,14250
1540,230,14250
1550,230,14250
1560,230,14250
1570,230,14250
1580,230,14250
1590,230,14250
1600,230,14250
1610,230,14250
1620,230,14250
1630,230,14250
1640,230,14250
1650,230,14250
1660,230,14250
1670,230,14250
1680,230,14250
1690,230,14250
1700,230,14250
1400,240,14250
1410,240,14250
1420,240,14250
1430,240,14250
1440,240,14250
1450,240,14250
1460,240,14250
1470,240,14250
1480,240,14250
1490,240,14250
1500,240,14250
1510,240,14250
1520,240,14250
1530,240,14250
1540,240,14250
1550,240,14250
1560,240,14250
1570,240,14250
1580,240,14250
1590,240,14250
1600,240,14250
1610,240,14250
1620,240,14250
1630,240,14250
1640,240,14250
1650,240,14250
1660,240,14250
1670,240,14250
1680,240,14250
1690,240,14250
1700,240,14250
1400,250,14250
1410,250,14250
1420,250,14250
1430,250,14250
1440,250,14250
1450,250,14250
1460,250,14250
1470,250,14250
1480,250,14250
1490,250,14250
1500,250,14250
1510,250,14250
1520,250,14250
1530,250,14250
1540,250,14250
1550,250,14250
1560,250,14250
1570,250,14250
1580,250,14250
1590,250,14250
1600,250,14250
1610,250,14250
1620,250,14250
1630,250,14250
1640,250,14250
1650,250,14250
1660,250,14250
1670,250,14250
1680,250,14250
1690,250,14250
1700,250,14250
1400,50,14500
1410,50,14500
1420,50,14500
1430,50,14500
1440,50,14500
1450,50,14500
1460,50,14500
1470,50,14500
1480,50,14500
1490,50,14500
1500,50,14500
1510,50,14500
1520,50,14500
1530,50,14500
1540,50,14500
1550,50,14500
1560,50,14500
1570,50,14500
1580,50,14500
1590,50,14500
1600,50,14500
1610,50,14500
1620,50,14500
1630,50,14500
1640,50,14500
1650,50,14500
1660,50,14500
1670,50,14500
1680,50,14500
1690,50,14500
1700,50,14500
1400,60,14500
1410,60,14500
1420,60,14500
1430,60,14500
1440,60,14500
1450,60,14500
1460,60,14500
1470,60,14500
1480,60,14500
1490,60,14500
1500,60,14500
1510,60,14500
1520,60,14500
1530,60,14500
1540,60,14500
1550,60,14500
1560,60,14500
1570,60,14500
1580,60,14500
1590,60,14500
1600,60,14500
1610,60,14500
1620,60,14500
1630,60,14500
1640,60,14500
1650,60,14500
1660,60,14500
1670,60,14500
1680,60,14500
1690,60,14500
1700,60,14500
1400,70,14500
1410,70,14500
1420,70,14500
1430,70,14500
1440,70,14500
1450,70,14500
1460,70,14500
1470,70,14500
1480,70,14500
1490,70,14500
1500,70,14500
1510,70,14500
1520,70,14500
1530,70,14500
1540,70,14500
1550,70,14500
1560,70,14500
1570,70,14500
1580,70,14500
1590,70,14500
1600,70,14500
1610,70,14500
1620,70,14500
1630,70,14500
1640,70,14500
1650,70,14500
1660,70,14500
1670,70,14500
1680,70,14500
1690,70,14500
1700,70,14500
1400,80,14500
1410,80,14500
1420,80,14500
1430,80,14500
1440,80,14500
1450,80,14500
1460,80,14500
1470,80,14500
1480,80,14500
1490,80,14500
1500,80,14500
1510,80,14500
1520,80,14500
1530,80,14500
1540,80,14500
1550,80,14500
1560,80,14500
1570,80,14500
1580,80,14500
1590,80,14500
1600,80,14500
1610,80,14500
1620,80,14500
1630,80,14500
1640,80,14500
1650,80,14500
1660,80,14500
1670,80,14500
1680,80,14500
1690,80,14500
1700,80,14500
1400,90,14500
1410,90,14500
1420,90,14500
1430,90,14500
1440,90,14500
1450,90,14500
1460,90,14500
1470,90,14500
1480,90,14500
1490,90,14500
1500,90,14500
1510,90,14500
1520,90,14500
1530,90,14500
1540,90,14500
1550,90,14500
1560,90,14500
1570,90,14500
1580,90,14500
1590,90,14500
1600,90,14500
1610,90,14500
1620,90,14500
1630,90,14500
1640,90,14500
1650,90,14500
1660,90,14500
1670,90,14500
1680,90,14500
1690,90,14500
1700,90,14500
1400,100,14500
1410,100,14500
1420,100,14500
1430,100,14500
1440,100,14500
1450,100,14500
1460,100,14500
1470,100,14500
1480,100,14500
1490,100,14500
1500,100,14500
1510,100,14500
1520,100,14500
1530,100,14500
1540,100,14500
1550,100,14500
1560,100,14500
1570,100,14500
1580,100,14500
1590,100,14500
1600,100,14500
1610,100,14500
1620,100,14500
1630,100,14500
1640,100,14500
1650,100,14500
1660,100,14500
1670,100,14500
1680,100,14500
1690,100,14500
1700,100,14500
1400,110,14500
1410,110,14500
1420,110,14500
1430,110,14500
1440,110,14500
1450,110,14500
1460,110,14500
1470,110,14500
1480,110,14500
1490,110,14500
1500,110,14500
1510,110,14500
1520,110,14500
1530,110,14500
1540,110,14500
1550,110,14500
1560,110,14500
1570,110,14500
1580,110,14500
1590,110,14500
1600,110,14500
1610,110,14500
1620,110,14500
1630,110,14500
1640,110,14500
1650,110,14500
1660,110,14500
1670,110,14500
1680,110,14500
1690,110,14500
1700,110,14500
1400,120,14500
1410,120,14500
1420,120,14500
1430,120,14500
1440,120,14500
1450,120,14500
1460,120,14500
1470,120,14500
1480,120,14500
1490,120,14500
1500,120,14500
1510,120,14500
1520,120,14500
1530,120,14500
1540,120,14500
1550,120,14500
1560,120,14500
1570,120,14500
1580,120,14500
1590,120,14500
1600,120,14500
1610,120,14500
1620,120,14500
1630,120,14500
1640,120,14500
1650,120,14500
1660,120,14500
1670,120,14500
1680,120,14500
1690,120,14500
1700,120,14500
1400,130,14500
1410,130,14500
1420,130,14500
1430,130,14500
1440,130,14500
1450,130,14500
1460,130,14500
1470,130,14500
1480,130,14500
1490,130,14500
1500,130,14500
1510,130,14500
1520,130,14500
1530,130,14500
1540,130,14500
1550,130,14500
1560,130,14500
1570,130,14500
1580,130,14500
1590,130,14500
1600,130,14500
1610,130,14500
1620,130,14500
1630,130,14500
1640,130,14500
1650,130,14500
1660,130,14500
1670,130,14500
1680,130,14500
1690,130,14500
1700,130,14500
1400,140,14500
1410,140,14500
1420,140,14500
1430,140,14500
1440,140,14500
1450,140,14500
1460,140,14500
1470,140,14500
1480,140,14500
1490,140,14500
1500,140,14500
1510,140,14500
1520,140,14500
1530,140,14500
1540,140,14500
1550,140,14500
1560,140,14500
1570,140,14500
1580,140,14500
1590,140,14500
1600,140,14500
1610,140,14500
1620,140,14500
1630,140,14500
1640,140,14500
1650,140,14500
1660,140,14500
1670,140,14500
1680,140,14500
1690,140,14500
1700,140,14500
1400,150,14500
1410,150,14500
1420,150,14500
1430,150,14500
1440,150,14500
1450,150,14500
1460,150,14500
1470,150,14500
1480,150,14500
1490,150,14500
1500,150,14500
1510,150,14500
1520,150,14500
1530,150,14500
1540,150,14500
1550,150,14500
1560,150,14500
1570,150,14500
1580,150,14500
1590,150,14500
1600,150,14500
1610,150,14500
1620,150,14500
1630,150,14500
1640,150,14500
1650,150,14500
1660,150,14500
1670,150,14500
1680,150,14500
1690,150,14500
1700,150,14500
1400,160,14500
1410,160,14500
1420,160,14500
1430,160,14500
1440,160,14500
1450,160,14500
1460,160,14500
1470,160,14500
1480,160,14500
1490,160,14500
1500,160,14500
1510,160,14500
1520,160,14500
1530,160,14500
1540,160,14500
1550,160,14500
1560,160,14500
1570,160,14500
1580,160,14500
1590,160,14500
1600,160,14500
1610,160,14500
1620,160,14500
1630,160,14500
1640,160,14500
1650,160,14500
1660,160,14500
1670,160,14500
1680,160,14500
1690,160,14500
1700,160,14500
1400,170,14500
1410,170,14500
1420,170,14500
1430,170,14500
1440,170,14500
1450,170,14500
1460,170,14500
1470,170,14500
1480,170,14500
1490,170,14500
1500,170,14500
1510,170,14500
1520,170,14500
1530,170,14500
1540,170,14500
1550,170,14500
1560,170,14500
1570,170,14500
1580,170,14500
1590,170,14500
1600,170,14500
1610,170,14500
1620,170,14500
1630,170,14500
1640,170,14500
1650,170,14500
1660,170,14500
1670,170,14500
1680,170,14500
1690,170,14500
1700,170,14500
1400,180,14500
1410,180,14500
1420,180,14500
1430,180,14500
1440,180,14500
1450,180,14500
1460,180,14500
1470,180,14500
1480,180,14500
1490,180,14500
1500,180,14500
1510,180,14500
1520,180,14500
1530,180,14500
1540,180,14500
1550,180,14500
1560,180,14500
1570,180,14500
1580,180,14500
1590,180,14500
1600,180,14500
1610,180,14500
1620,180,14500
1630,180,14500
1640,180,14500
1650,180,14500
1660,180,14500
1670,180,14500
1680,180,14500
1690,180,14500
1700,180,14500
1400,190,14500
1410,190,14500
1420,190,14500
1430,190,14500
1440,190,14500
1450,190,14500
1460,190,14500
1470,190,14500
1480,190,14500
1490,190,14500
1500,190,14500
1510,190,14500
1520,190,14500
1530,190,14500
1540,190,14500
1550,190,14500
1560,190,14500
1570,190,14500
1580,190,14500
1590,190,14500
1600,190,14500
1610,190,14500
1620,190,14500
1630,190,14500
1640,190,14500
1650,190,14500
1660,190,14500
1670,190,14500
1680,190,14500
1690,190,14500
1700,190,14500
1400,200,14500
1410,200,14500
1420,200,14500
1430,200,14500
1440,200,14500
1450,200,14500
1460,200,14500
1470,200,14500
1480,200,14500
1490,200,14500
1500,200,14500
1510,200,14500
1520,200,14500
1530,200,14500
1540,200,14500
1550,200,14500
1560,200,14500
1570,200,14500
1580,200,14500
1590,200,14500
1600,200,14500
1610,200,14500
1620,200,14500
1630,200,14500
1640,200,14500
1650,200,14500
1660,200,14500
1670,200,14500
1680,200,14500
1690,200,14500
1700,200,14500
1400,210,14500
1410,210,14500
1420,210,14500
1430,210,14500
1440,210,14500
1450,210,14500
1460,210,14500
1470,210,14500
1480,210,14500
1490,210,14500
1500,210,14500
1510,210,14500
1520,210,14500
1530,210,14500
1540,210,14500
1550,210,14500
1560,210,14500
1570,210,14500
1580,210,14500
1590,210,14500
1600,210,14500
1610,210,14500
1620,210,14500
1630,210,14500
1640,210,14500
1650,210,14500
1660,210,14500
1670,210,14500
1680,210,14500
1690,210,14500
1700,210,14500
1400,220,14500
1410,220,14500
1420,220,14500
1430,220,14500
1440,220,14500
1450,220,14500
1460,220,14500
1470,220,14500
1480,220,14500
1490,220,14500
1500,220,14500
1510,220,14500
1520,220,14500
1530,220,14500
1540,220,14500
1550,220,14500
1560,220,14500
1570,220,14500
1580,220,14500
1590,220,14500
1600,220,14500
1610,220,14500
1620,220,14500
1630,220,14500
1640,220,14500
1650,220,14500
1660,220,14500
1670,220,14500
1680,220,14500
1690,220,14500
1700,220,14500
1400,230,14500
1410,230,14500
1420,230,14500
1430,230,14500
1440,230,14500
1450,230,14500
1460,230,14500
1470,230,14500
1480,230,14500
1490,230,14500
1500,230,14500
1510,230,14500
1520,230,14500
1530,230,14500
1540,230,14500
1550,230,14500
1560,230,14500
1570,230,14500
1580,230,14500
1590,230,14500
1600,230,14500
1610,230,14500
1620,230,14500
1630,230,14500
1640,230,14500
1650,230,14500
1660,230,14500
1670,230,14500
1680,230,14500
1690,230,14500
1700,230,14500
1400,240,14500
1410,240,14500
1420,240,14500
1430,240,14500
1440,240,14500
1450,240,14500
1460,240,14500
1470,240,14500
1480,240,14500
1490,240,14500
1500,240,14500
1510,240,14500
1520,240,14500
1530,240,14500
1540,240,14500
1550,240,14500
1560,240,14500
1570,240,14500
1580,240,14500
1590,240,14500
1600,240,14500
1610,240,14500
1620,240,14500
1630,240,14500
1640,240,14500
1650,240,14500
1660,240,14500
1670,240,14500
1680,240,14500
1690,240,14500
1700,240,14500
1400,250,14500
1410,250,14500
1420,250,14500
1430,250,14500
1440,250,14500
1450,250,14500
1460,250,14500
1470,250,14500
1480,250,14500
1490,250,14500
1500,250,14500
1510,250,14500
1520,250,14500
1530,250,14500
1540,250,14500
1550,250,14500
1560,250,14500
1570,250,14500
1580,250,14500
1590,250,14500
1600,250,14500
1610,250,14500
1620,250,14500
1630,250,14500
1640,250,14500
1650,250,14500
1660,250,14500
1670,250,14500
1680,250,14500
1690,250,14500
1700,250,14500
1400,50,14750
1410,50,14750
1420,50,14750
1430,50,14750
1440,50,14750
1450,50,14750
1460,50,14750
1470,50,14750
1480,50,14750
1490,50,14750
1500,50,14750
1510,50,14750
1520,50,14750
1530,50,14750
1540,50,14750
1550,50,14750
1560,50,14750
1570,50,14750
1580,50,14750
1590,50,14750
1600,50,14750
1610,50,14750
1620,50,14750
1630,50,14750
1640,50,14750
1650,50,14750
1660,50,14750
1670,50,14750
1680,50,14750
1690,50,14750
1700,50,14750
1400,60,14750
1410,60,14750
1420,60,14750
1430,60,14750
1440,60,14750
1450,60,14750
1460,60,14750
1470,60,14750
1480,60,14750
1490,60,14750
1500,60,14750
1510,60,14750
1520,60,14750
1530,60,14750
1540,60,14750
1550,60,14750
1560,60,14750
1570,60,14750
1580,60,14750
1590,60,14750
1600,60,14750
1610,60,14750
1620,60,14750
1630,60,14750
1640,60,14750
1650,60,14750
1660,60,14750
1670,60,14750
1680,60,14750
1690,60,14750
1700,60,14750
1400,70,14750
1410,70,14750
1420,70,14750
1430,70,14750
1440,70,14750
1450,70,14750
1460,70,14750
1470,70,14750
1480,70,14750
1490,70,14750
1500,70,14750
1510,70,14750
1520,70,14750
1530,70,14750
1540,70,14750
1550,70,14750
1560,70,14750
1570,70,14750
1580,70,14750
1590,70,14750
1600,70,14750
1610,70,14750
1620,70,14750
1630,70,14750
1640,70,14750
1650,70,14750
1660,70,14750
1670,70,14750
1680,70,14750
1690,70,14750
1700,70,14750
1400,80,14750
1410,80,14750
1420,80,14750
1430,80,14750
1440,80,14750
1450,80,14750
1460,80,14750
1470,80,14750
1480,80,14750
1490,80,14750
1500,80,14750
1510,80,14750
1520,80,14750
1530,80,14750
1540,80,14750
1550,80,14750
1560,80,14750
1570,80,14750
1580,80,14750
1590,80,14750
1600,80,14750
1610,80,14750
1620,80,14750
1630,80,14750
1640,80,14750
1650,80,14750
1660,80,14750
1670,80,14750
1680,80,14750
1690,80,14750
1700,80,14750
1400,90,14750
1410,90,14750
1420,90,14750
1430,90,14750
1440,90,14750
1450,90,14750
1460,90,14750
1470,90,14750
1480,90,14750
1490,90,14750
1500,90,14750
1510,90,14750
1520,90,14750
1530,90,14750
1540,90,14750
1550,90,14750
1560,90,14750
1570,90,14750
1580,90,14750
1590,90,14750
1600,90,14750
1610,90,14750
1620,90,14750
1630,90,14750
1640,90,14750
1650,90,14750
1660,90,14750
1670,90,14750
1680,90,14750
1690,90,14750
1700,90,14750
1400,100,14750
1410,100,14750
1420,100,14750
1430,100,14750
1440,100,14750
1450,100,14750
1460,100,14750
1470,100,14750
1480,100,14750
1490,100,14750
1500,100,14750
1510,100,14750
1520,100,14750
1530,100,14750
1540,100,14750
1550,100,14750
1560,100,14750
1570,100,14750
1580,100,14750
1590,100,14750
1600,100,14750
1610,100,14750
1620,100,14750
1630,100,14750
1640,100,14750
1650,100,14750
1660,100,14750
1670,100,14750
1680,100,14750
1690,100,14750
1700,100,14750
1400,110,14750
1410,110,14750
1420,110,14750
1430,110,14750
1440,110,14750
1450,110,14750
1460,110,14750
1470,110,14750
1480,110,14750
1490,110,14750
1500,110,14750
1510,110,14750
1520,110,14750
1530,110,14750
1540,110,14750
1550,110,14750
1560,110,14750
1570,110,14750
1580,110,14750
1590,110,14750
1600,110,14750
1610,110,14750
1620,110,14750
1630,110,14750
1640,110,14750
1650,110,14750
1660,110,14750
1670,110,14750
1680,110,14750
1690,110,14750
1700,110,14750
1400,120,14750
1410,120,14750
1420,120,14750
1430,120,14750
1440,120,14750
1450,120,14750
1460,120,14750
1470,120,14750
1480,120,14750
1490,120,14750
1500,120,14750
1510,120,14750
1520,120,14750
1530,120,14750
1540,120,14750
1550,120,14750
1560,120,14750
1570,120,14750
1580,120,14750
1590,120,14750
1600,120,14750
1610,120,14750
1620,120,14750
1630,120,14750
1640,120,14750
1650,120,14750
1660,120,14750
1670,120,14750
1680,120,14750
1690,120,14750
1700,120,14750
1400,130,14750
1410,130,14750
1420,130,14750
1430,130,14750
1440,130,14750
1450,130,14750
1460,130,14750
1470,130,14750
1480,130,14750
1490,130,14750
1500,130,14750
1510,130,14750
1520,130,14750
1530,130,14750
1540,130,14750
1550,130,14750
1560,130,14750
1570,130,14750
1580,130,14750
1590,130,14750
1600,130,14750
1610,130,14750
1620,130,14750
1630,130,14750
1640,130,14750
1650,130,14750
1660,130,14750
1670,130,14750
1680,130,14750
1690,130,14750
1700,130,14750
1400,140,14750
1410,140,14750
1420,140,14750
1430,140,14750
1440,140,14750
1450,140,14750
1460,140,14750
1470,140,14750
1480,140,14750
1490,140,14750
1500,140,14750
1510,140,14750
1520,140,14750
1530,140,14750
1540,140,14750
1550,140,14750
1560,140,14750
1570,140,14750
1580,140,14750
1590,140,14750
1600,140,14750
1610,140,14750
1620,140,14750
1630,140,14750
1640,140,14750
1650,140,14750
1660,140,14750
1670,140,14750
1680,140,14750
1690,140,14750
1700,140,14750
1400,150,14750
1410,150,14750
1420,150,14750
1430,150,14750
1440,150,14750
1450,150,14750
1460,150,14750
1470,150,14750
1480,150,14750
1490,150,14750
1500,150,14750
1510,150,14750
1520,150,14750
1530,150,14750
1540,150,14750
1550,150,14750
1560,150,14750
1570,150,14750
1580,150,14750
1590,150,14750
1600,150,14750
1610,150,14750
1620,150,14750
1630,150,14750
1640,150,14750
1650,150,14750
1660,150,14750
1670,150,14750
1680,150,14750
1690,150,14750
1700,150,14750
1400,160,14750
1410,160,14750
1420,160,14750
1430,160,14750
1440,160,14750
1450,160,14750
1460,160,14750
1470,160,14750
1480,160,14750
1490,160,14750
1500,160,14750
1510,160,14750
1520,160,14750
1530,160,14750
1540,160,14750
1550,160,14750
1560,160,14750
1570,160,14750
1580,160,14750
1590,160,14750
1600,160,14750
1610,160,14750
1620,160,14750
1630,160,14750
1640,160,14750
1650,160,14750
1660,160,14750
1670,160,14750
1680,160,14750
1690,160,14750
1700,160,14750
1400,170,14750
1410,170,14750
1420,170,14750
1430,170,14750
1440,170,14750
1450,170,14750
1460,170,14750
1470,170,14750
1480,170,14750
1490,170,14750
1500,170,14750
1510,170,14750
1520,170,14750
1530,170,14750
1540,170,14750
1550,170,14750
1560,170,14750
1570,170,14750
1580,170,14750
1590,170,14750
1600,170,14750
1610,170,14750
1620,170,14750
1630,170,14750
1640,170,14750
1650,170,14750
1660,170,14750
1670,170,14750
1680,170,14750
1690,170,14750
1700,170,14750
1400,180,14750
1410,180,14750
1420,180,14750
1430,180,14750
1440,180,14750
1450,180,14750
1460,180,14750
1470,180,14750
1480,180,14750
1490,180,14750
1500,180,14750
1510,180,14750
1520,180,14750
1530,180,14750
1540,180,14750
1550,180,14750
1560,180,14750
1570,180,14750
1580,180,14750
1590,180,14750
1600,180,14750
1610,180,14750
1620,180,14750
1630,180,14750
1640,180,14750
1650,180,14750
1660,180,14750
1670,180,14750
1680,180,14750
1690,180,14750
1700,180,14750
1400,190,14750
1410,190,14750
1420,190,14750
1430,190,14750
1440,190,14750
1450,190,14750
1460,190,14750
1470,190,14750
1480,190,14750
1490,190,14750
1500,190,14750
1510,190,14750
1520,190,14750
1530,190,14750
1540,190,14750
1550,190,14750
1560,190,14750
1570,190,14750
1580,190,14750
1590,190,14750
1600,190,14750
1610,190,14750
1620,190,14750
1630,190,14750
1640,190,14750
1650,190,14750
1660,190,14750
1670,190,14750
1680,190,14750
1690,190,14750
1700,190,14750
1400,200,14750
1410,200,14750
1420,200,14750
1430,200,14750
1440,200,14750
1450,200,14750
1460,200,14750
1470,200,14750
1480,200,14750
1490,200,14750
1500,200,14750
1510,200,14750
1520,200,14750
1530,200,14750
1540,200,14750
1550,200,14750
1560,200,14750
1570,200,14750
1580,200,14750
1590,200,14750
1600,200,14750
1610,200,14750
1620,200,14750
1630,200,14750
1640,200,14750
1650,200,14750
1660,200,14750
1670,200,14750
1680,200,14750
1690,200,14750
1700,200,14750
1400,210,14750
1410,210,14750
1420,210,14750
1430,210,14750
1440,210,14750
1450,210,14750
1460,210,14750
1470,210,14750
1480,210,14750
1490,210,14750
1500,210,14750
1510,210,14750
1520,210,14750
1530,210,14750
1540,210,14750
1550,210,14750
1560,210,14750
1570,210,14750
1580,210,14750
1590,210,14750
1600,210,14750
1610,210,14750
1620,210,14750
1630,210,14750
1640,210,14750
1650,210,14750
1660,210,14750
1670,210,14750
1680,210,14750
1690,210,14750
1700,210,14750
1400,220,14750
1410,220,14750
1420,220,14750
1430,220,14750
1440,220,14750
1450,220,14750
1460,220,14750
1470,220,14750
1480,220,14750
1490,220,14750
1500,220,14750
1510,220,14750
1520,220,14750
1530,220,14750
1540,220,14750
1550,220,14750
1560,220,14750
1570,220,14750
1580,220,14750
1590,220,14750
1600,220,14750
1610,220,14750
1620,220,14750
1630,220,14750
1640,220,14750
1650,220,14750
1660,220,14750
1670,220,14750
1680,220,14750
1690,220,14750
1700,220,14750
1400,230,14750
1410,230,14750
1420,230,14750
1430,230,14750
1440,230,14750
1450,230,14750
1460,230,14750
1470,230,14750
1480,230,14750
1490,230,14750
1500,230,14750
1510,230,14750
1520,230,14750
1530,230,14750
1540,230,14750
1550,230,14750
1560,230,14750
1570,230,14750
1580,230,14750
1590,230,14750
1600,230,14750
1610,230,14750
1620,230,14750
1630,230,14750
1640,230,14750
1650,230,14750
1660,230,14750
1670,230,14750
1680,230,14750
1690,230,14750
1700,230,14750
1400,240,14750
1410,240,14750
1420,240,14750
1430,240,14750
1440,240,14750
1450,240,14750
1460,240,14750
1470,240,14750
1480,240,14750
1490,240,14750
1500,240,14750
1510,240,14750
1520,240,14750
1530,240,14750
1540,240,14750
1550,240,14750
1560,240,14750
1570,240,14750
1580,240,14750
1590,240,14750
1600,240,14750
1610,240,14750
1620,240,14750
1630,240,14750
1640,240,14750
1650,240,14750
1660,240,14750
1670,240,14750
1680,240,14750
1690,240,14750
1700,240,14750
1400,250,14750
1410,250,14750
1420,250,14750
1430,250,14750
1440,250,14750
1450,250,14750
1460,250,14750
1470,250,14750
1480,250,14750
1490,250,14750
1500,250,14750
1510,250,14750
1520,250,14750
1530,250,14750
1540,250,14750
1550,250,14750
1560,250,14750
1570,250,14750
1580,250,14750
1590,250,14750
1600,250,14750
1610,250,14750
1620,250,14750
1630,250,14750
1640,250,14750
1650,250,14750
1660,250,14750
1670,250,14750
1680,250,14750
1690,250,14750
1700,250,14750
1400,50,15000
1410,50,15000
1420,50,15000
1430,50,15000
1440,50,15000
1450,50,15000
1460,50,15000
1470,50,15000
1480,50,15000
1490,50,15000
1500,50,15000
1510,50,15000
1520,50,15000
1530,50,15000
1540,50,15000
1550,50,15000
1560,50,15000
1570,50,15000
1580,50,15000
1590,50,15000
1600,50,15000
1610,50,15000
1620,50,15000
1630,50,15000
1640,50,15000
1650,50,15000
1660,50,15000
1670,50,15000
1680,50,15000
1690,50,15000
1700,50,15000
1400,60,15000
1410,60,15000
1420,60,15000
1430,60,15000
1440,60,15000
1450,60,15000
1460,60,15000
1470,60,15000
1480,60,15000
1490,60,15000
1500,60,15000
1510,60,15000
1520,60,15000
1530,60,15000
1540,60,15000
1550,60,15000
1560,60,15000
1570,60,15000
1580,60,15000
1590,60,15000
1600,60,15000
1610,60,15000
1620,60,15000
1630,60,15000
1640,60,15000
1650,60,15000
1660,60,15000
1670,60,15000
1680,60,15000
1690,60,15000
1700,60,15000
1400,70,15000
1410,70,15000
1420,70,15000
1430,70,15000
1440,70,15000
1450,70,15000
1460,70,15000
1470,70,15000
1480,70,15000
1490,70,15000
1500,70,15000
1510,70,15000
1520,70,15000
1530,70,15000
1540,70,15000
1550,70,15000
1560,70,15000
1570,70,15000
1580,70,15000
1590,70,15000
1600,70,15000
1610,70,15000
1620,70,15000
1630,70,15000
1640,70,15000
1650,70,15000
1660,70,15000
1670,70,15000
1680,70,15000
1690,70,15000
1700,70,15000
1400,80,15000
1410,80,15000
1420,80,15000
1430,80,15000
1440,80,15000
1450,80,15000
1460,80,15000
1470,80,15000
1480,80,15000
1490,80,15000
1500,80,15000
1510,80,15000
1520,80,15000
1530,80,15000
1540,80,15000
1550,80,15000
1560,80,15000
1570,80,15000
1580,80,15000
1590,80,15000
1600,80,15000
1610,80,15000
1620,80,15000
1630,80,15000
1640,80,15000
1650,80,15000
1660,80,15000
1670,80,15000
1680,80,15000
1690,80,15000
1700,80,15000
1400,90,15000
1410,90,15000
1420,90,15000
1430,90,15000
1440,90,15000
1450,90,15000
1460,90,15000
1470,90,15000
1480,90,15000
1490,90,15000
1500,90,15000
1510,90,15000
1520,90,15000
1530,90,15000
1540,90,15000
1550,90,15000
1560,90,15000
1570,90,15000
1580,90,15000
1590,90,15000
1600,90,15000
1610,90,15000
1620,90,15000
1630,90,15000
1640,90,15000
1650,90,15000
1660,90,15000
1670,90,15000
1680,90,15000
1690,90,15000
1700,90,15000
1400,100,15000
1410,100,15000
1420,100,15000
1430,100,15000
1440,100,15000
1450,100,15000
1460,100,15000
1470,100,15000
1480,100,15000
1490,100,15000
1500,100,15000
1510,100,15000
1520,100,15000
1530,100,15000
1540,100,15000
1550,100,15000
1560,100,15000
1570,100,15000
1580,100,15000
1590,100,15000
1600,100,15000
1610,100,15000
1620,100,15000
1630,100,15000
1640,100,15000
1650,100,15000
1660,100,15000
1670,100,15000
1680,100,15000
1690,100,15000
1700,100,15000
1400,110,15000
1410,110,15000
1420,110,15000
1430,110,15000
1440,110,15000
1450,110,15000
1460,110,15000
1470,110,15000
1480,110,15000
1490,110,15000
1500,110,15000
1510,110,15000
1520,110,15000
1530,110,15000
1540,110,15000
1550,110,15000
1560,110,15000
1570,110,15000
1580,110,15000
1590,110,15000
1600,110,15000
1610,110,15000
1620,110,15000
1630,110,15000
1640,110,15000
1650,110,15000
1660,110,15000
1670,110,15000
1680,110,15000
1690,110,15000
1700,110,15000
1400,120,15000
1410,120,15000
1420,120,15000
1430,120,15000
1440,120,15000
1450,120,15000
1460,120,15000
1470,120,15000
1480,120,15000
1490,120,15000
1500,120,15000
1510,120,15000
1520,120,15000
1530,120,15000
1540,120,15000
1550,120,15000
1560,120,15000
1570,120,15000
1580,120,15000
1590,120,15000
1600,120,15000
1610,120,15000
1620,120,15000
1630,120,15000
1640,120,15000
1650,120,15000
1660,120,15000
1670,120,15000
1680,120,15000
1690,120,15000
1700,120,15000
1400,130,15000
1410,130,15000
1420,130,15000
1430,130,15000
1440,130,15000
1450,130,15000
1460,130,15000
1470,130,15000
1480,130,15000
1490,130,15000
1500,130,15000
1510,130,15000
1520,130,15000
1530,130,15000
1540,130,15000
1550,130,15000
1560,130,15000
1570,130,15000
1580,130,15000
1590,130,15000
1600,130,15000
1610,130,15000
1620,130,15000
1630,130,15000
1640,130,15000
1650,130,15000
1660,130,15000
1670,130,15000
1680,130,15000
1690,130,15000
1700,130,15000
1400,140,15000
1410,140,15000
1420,140,15000
1430,140,15000
1440,140,15000
1450,140,15000
1460,140,15000
1470,140,15000
1480,140,15000
1490,140,15000
1500,140,15000
1510,140,15000
1520,140,15000
1530,140,15000
1540,140,15000
1550,140,15000
1560,140,15000
1570,140,15000
1580,140,15000
1590,140,15000
1600,140,15000
1610,140,15000
1620,140,15000
1630,140,15000
1640,140,15000
1650,140,15000
1660,140,15000
1670,140,15000
1680,140,15000
1690,140,15000
1700,140,15000
1400,150,15000
1410,150,15000
1420,150,15000
1430,150,15000
1440,150,15000
1450,150,15000
1460,150,15000
1470,150,15000
1480,150,15000
1490,150,15000
1500,150,15000
1510,150,15000
1520,150,15000
1530,150,15000
1540,150,15000
1550,150,15000
1560,150,15000
1570,150,15000
1580,150,15000
1590,150,15000
1600,150,15000
1610,150,15000
1620,150,15000
1630,150,15000
1640,150,15000
1650,150,15000
1660,150,15000
1670,150,15000
1680,150,15000
1690,150,15000
1700,150,15000
1400,160,15000
1410,160,15000
1420,160,15000
1430,160,15000
1440,160,15000
1450,160,15000
1460,160,15000
1470,160,15000
1480,160,15000
1490,160,15000
1500,160,15000
1510,160,15000
1520,160,15000
1530,160,15000
1540,160,15000
1550,160,15000
1560,160,15000
1570,160,15000
1580,160,15000
1590,160,15000
1600,160,15000
1610,160,15000
1620,160,15000
1630,160,15000
1640,160,15000
1650,160,15000
1660,160,15000
1670,160,15000
1680,160,15000
1690,160,15000
1700,160,15000
1400,170,15000
1410,170,15000
1420,170,15000
1430,170,15000
1440,170,15000
1450,170,15000
1460,170,15000
1470,170,15000
1480,170,15000
1490,170,15000
1500,170,15000
1510,170,15000
1520,170,15000
1530,170,15000
1540,170,15000
1550,170,15000
1560,170,15000
1570,170,15000
1580,170,15000
1590,170,15000
1600,170,15000
1610,170,15000
1620,170,15000
1630,170,15000
1640,170,15000
1650,170,15000
1660,170,15000
1670,170,15000
1680,170,15000
1690,170,15000
1700,170,15000
1400,180,15000
1410,180,15000
1420,180,15000
1430,180,15000
1440,180,15000
1450,180,15000
1460,180,15000
1470,180,15000
1480,180,15000
1490,180,15000
1500,180,15000
1510,180,15000
1520,180,15000
1530,180,15000
1540,180,15000
1550,180,15000
1560,180,15000
1570,180,15000
1580,180,15000
1590,180,15000
1600,180,15000
1610,180,15000
1620,180,15000
1630,180,15000
1640,180,15000
1650,180,15000
1660,180,15000
1670,180,15000
1680,180,15000
1690,180,15000
1700,180,15000
1400,190,15000
1410,190,15000
1420,190,15000
1430,190,15000
1440,190,15000
1450,190,15000
1460,190,15000
1470,190,15000
1480,190,15000
1490,190,15000
1500,190,15000
1510,190,15000
1520,190,15000
1530,190,15000
1540,190,15000
1550,190,15000
1560,190,15000
1570,190,15000
1580,190,15000
1590,190,15000
1600,190,15000
1610,190,15000
1620,190,15000
1630,190,15000
1640,190,15000
1650,190,15000
1660,190,15000
1670,190,15000
1680,190,15000
1690,190,15000
1700,190,15000
1400,200,15000
1410,200,15000
1420,200,15000
1430,200,15000
1440,200,15000
1450,200,15000
1460,200,15000
1470,200,15000
1480,200,15000
1490,200,15000
1500,200,15000
1510,200,15000
1520,200,15000
1530,200,15000
1540,200,15000
1550,200,15000
1560,200,15000
1570,200,15000
1580,200,15000
1590,200,15000
1600,200,15000
1610,200,15000
1620,200,15000
1630,200,15000
1640,200,15000
1650,200,15000
1660,200,15000
1670,200,15000
1680,200,15000
1690,200,15000
1700,200,15000
1400,210,15000
1410,210,15000
1420,210,15000
1430,210,15000
1440,210,15000
1450,210,15000
1460,210,15000
1470,210,15000
1480,210,15000
1490,210,15000
1500,210,15000
1510,210,15000
1520,210,15000
1530,210,15000
1540,210,15000
1550,210,15000
1560,210,15000
1570,210,15000
1580,210,15000
1590,210,15000
1600,210,15000
1610,210,15000
1620,210,15000
1630,210,15000
1640,210,15000
1650,210,15000
1660,210,15000
1670,210,15000
1680,210,15000
1690,210,15000
1700,210,15000
1400,220,15000
1410,220,15000
1420,220,15000
1430,220,15000
1440,220,15000
1450,220,15000
1460,220,15000
1470,220,15000
1480,220,15000
1490,220,15000
1500,220,15000
1510,220,15000
1520,220,15000
1530,220,15000
1540,220,15000
1550,220,15000
1560,220,15000
1570,220,15000
1580,220,15000
1590,220,15000
1600,220,15000
1610,220,15000
1620,220,15000
1630,220,15000
1640,220,15000
1650,220,15000
1660,220,15000
1670,220,15000
1680,220,15000
1690,220,15000
1700,220,15000
1400,230,15000
1410,230,15000
1420,230,15000
1430,230,15000
1440,230,15000
1450,230,15000
1460,230,15000
1470,230,15000
1480,230,15000
1490,230,15000
1500,230,15000
1510,230,15000
1520,230,15000
1530,230,15000
1540,230,15000
1550,230,15000
1560,230,15000
1570,230,15000
1580,230,15000
1590,230,15000
1600,230,15000
1610,230,15000
1620,230,15000
1630,230,15000
1640,230,15000
1650,230,15000
1660,230,15000
1670,230,15000
1680,230,15000
1690,230,15000
1700,230,15000
1400,240,15000
1410,240,15000
1420,240,15000
1430,240,15000
1440,240,15000
1450,240,15000
1460,240,15000
1470,240,15000
1480,240,15000
1490,240,15000
1500,240,15000
1510,240,15000
1520,240,15000
1530,240,15000
1540,240,15000
1550,240,15000
1560,240,15000
1570,240,15000
1580,240,15000
1590,240,15000
1600,240,15000
1610,240,15000
1620,240,15000
1630,240,15000
1640,240,15000
1650,240,15000
1660,240,15000
1670,240,15000
1680,240,15000
1690,240,15000
1700,240,15000
1400,250,15000
1410,250,15000
1420,250,15000
1430,250,15000
1440,250,15000
1450,250,15000
1460,250,15000
1470,250,15000
1480,250,15000
1490,250,15000
1500,250,15000
1510,250,15000
1520,250,15000
1530,250,15000
1540,250,15000
1550,250,15000
1560,250,15000
1570,250,15000
1580,250,15000
1590,250,15000
1600,250,15000
1610,250,15000
1620,250,15000
1630,250,15000
1640,250,15000
1650,250,15000
1660,250,15000
1670,250,15000
1680,250,15000
1690,250,15000
1700,250,15000
1400,50,15250
1410,50,15250
1420,50,15250
1430,50,15250
1440,50,15250
1450,50,15250
1460,50,15250
1470,50,15250
1480,50,15250
1490,50,15250
1500,50,15250
1510,50,15250
1520,50,15250
1530,50,15250
1540,50,15250
1550,50,15250
1560,50,15250
1570,50,15250
1580,50,15250
1590,50,15250
1600,50,15250
1610,50,15250
1620,50,15250
1630,50,15250
1640,50,15250
1650,50,15250
1660,50,15250
1670,50,15250
1680,50,15250
1690,50,15250
1700,50,15250
1400,60,15250
1410,60,15250
1420,60,15250
1430,60,15250
1440,60,15250
1450,60,15250
1460,60,15250
1470,60,15250
1480,60,15250
1490,60,15250
1500,60,15250
1510,60,15250
1520,60,15250
1530,60,15250
1540,60,15250
1550,60,15250
1560,60,15250
1570,60,15250
1580,60,15250
1590,60,15250
1600,60,15250
1610,60,15250
1620,60,15250
1630,60,15250
1640,60,15250
1650,60,15250
1660,60,15250
1670,60,15250
1680,60,15250
1690,60,15250
1700,60,15250
1400,70,15250
1410,70,15250
1420,70,15250
1430,70,15250
1440,70,15250
1450,70,15250
1460,70,15250
1470,70,15250
1480,70,15250
1490,70,15250
1500,70,15250
1510,70,15250
1520,70,15250
1530,70,15250
1540,70,15250
1550,70,15250
1560,70,15250
1570,70,15250
1580,70,15250
1590,70,15250
1600,70,15250
1610,70,15250
1620,70,15250
1630,70,15250
1640,70,15250
1650,70,15250
1660,70,15250
1670,70,15250
1680,70,15250
1690,70,15250
1700,70,15250
1400,80,15250
1410,80,15250
1420,80,15250
1430,80,15250
1440,80,15250
1450,80,15250
1460,80,15250
1470,80,15250
1480,80,15250
1490,80,15250
1500,80,15250
1510,80,15250
1520,80,15250
1530,80,15250
1540,80,15250
1550,80,15250
1560,80,15250
1570,80,15250
1580,80,15250
1590,80,15250
1600,80,15250
1610,80,15250
1620,80,15250
1630,80,15250
1640,80,15250
1650,80,15250
1660,80,15250
1670,80,15250
1680,80,15250
1690,80,15250
1700,80,15250
1400,90,15250
1410,90,15250
1420,90,15250
1430,90,15250
1440,90,15250
1450,90,15250
1460,90,15250
1470,90,15250
1480,90,15250
1490,90,15250
1500,90,15250
1510,90,15250
1520,90,15250
1530,90,15250
1540,90,15250
1550,90,15250
1560,90,15250
1570,90,15250
1580,90,15250
1590,90,15250
1600,90,15250
1610,90,15250
1620,90,15250
1630,90,15250
1640,90,15250
1650,90,15250
1660,90,15250
1670,90,15250
1680,90,15250
1690,90,15250
1700,90,15250
1400,100,15250
1410,100,15250
1420,100,15250
1430,100,15250
1440,100,15250
1450,100,15250
1460,100,15250
1470,100,15250
1480,100,15250
1490,100,15250
1500,100,15250
1510,100,15250
1520,100,15250
1530,100,15250
1540,100,15250
1550,100,15250
1560,100,15250
1570,100,15250
1580,100,15250
1590,100,15250
1600,100,15250
1610,100,15250
1620,100,15250
1630,100,15250
1640,100,15250
1650,100,15250
1660,100,15250
1670,100,15250
1680,100,15250
1690,100,15250
1700,100,15250
1400,110,15250
1410,110,15250
1420,110,15250
1430,110,15250
1440,110,15250
1450,110,15250
1460,110,15250
1470,110,15250
1480,110,15250
1490,110,15250
1500,110,15250
1510,110,15250
1520,110,15250
1530,110,15250
1540,110,15250
1550,110,15250
1560,110,15250
1570,110,15250
1580,110,15250
1590,110,15250
1600,110,15250
1610,110,15250
1620,110,15250
1630,110,15250
1640,110,15250
1650,110,15250
1660,110,15250
1670,110,15250
1680,110,15250
1690,110,15250
1700,110,15250
1400,120,15250
1410,120,15250
1420,120,15250
1430,120,15250
1440,120,15250
1450,120,15250
1460,120,15250
1470,120,15250
1480,120,15250
1490,120,15250
1500,120,15250
1510,120,15250
1520,120,15250
1530,120,15250
1540,120,15250
1550,120,15250
1560,120,15250
1570,120,15250
1580,120,15250
1590,120,15250
1600,120,15250
1610,120,15250
1620,120,15250
1630,120,15250
1640,120,15250
1650,120,15250
1660,120,15250
1670,120,15250
1680,120,15250
1690,120,15250
1700,120,15250
1400,130,15250
1410,130,15250
1420,130,15250
1430,130,15250
1440,130,15250
1450,130,15250
1460,130,15250
1470,130,15250
1480,130,15250
1490,130,15250
1500,130,15250
1510,130,15250
1520,130,15250
1530,130,15250
1540,130,15250
1550,130,15250
1560,130,15250
1570,130,15250
1580,130,15250
1590,130,15250
1600,130,15250
1610,130,15250
1620,130,15250
1630,130,15250
1640,130,15250
1650,130,15250
1660,130,15250
1670,130,15250
1680,130,15250
1690,130,15250
1700,130,15250
1400,140,15250
1410,140,15250
1420,140,15250
1430,140,15250
1440,140,15250
1450,140,15250
1460,140,15250
1470,140,15250
1480,140,15250
1490,140,15250
1500,140,15250
1510,140,15250
1520,140,15250
1530,140,15250
1540,140,15250
1550,140,15250
1560,140,15250
1570,140,15250
1580,140,15250
1590,140,15250
1600,140,15250
1610,140,15250
1620,140,15250
1630,140,15250
1640,140,15250
1650,140,15250
1660,140,15250
1670,140,15250
1680,140,15250
1690,140,15250
1700,140,15250
1400,150,15250
1410,150,15250
1420,150,15250
1430,150,15250
1440,150,15250
1450,150,15250
1460,150,15250
1470,150,15250
1480,150,15250
1490,150,15250
1500,150,15250
1510,150,15250
1520,150,15250
1530,150,15250
1540,150,15250
1550,150,15250
1560,150,15250
1570,150,15250
1580,150,15250
1590,150,15250
1600,150,15250
1610,150,15250
1620,150,15250
1630,150,15250
1640,150,15250
1650,150,15250
1660,150,15250
1670,150,15250
1680,150,15250
1690,150,15250
1700,150,15250
1400,160,15250
1410,160,15250
1420,160,15250
1430,160,15250
1440,160,15250
1450,160,15250
1460,160,15250
1470,160,15250
1480,160,15250
1490,160,15250
1500,160,15250
1510,160,15250
1520,160,15250
1530,160,15250
1540,160,15250
1550,160,15250
1560,160,15250
1570,160,15250
1580,160,15250
1590,160,15250
1600,160,15250
1610,160,15250
1620,160,15250
1630,160,15250
1640,160,15250
1650,160,15250
1660,160,15250
1670,160,15250
1680,160,15250
1690,160,15250
1700,160,15250
1400,170,15250
1410,170,15250
1420,170,15250
1430,170,15250
1440,170,15250
1450,170,15250
1460,170,15250
1470,170,15250
1480,170,15250
1490,170,15250
1500,170,15250
1510,170,15250
1520,170,15250
1530,170,15250
1540,170,15250
1550,170,15250
1560,170,15250
1570,170,15250
1580,170,15250
1590,170,15250
1600,170,15250
1610,170,15250
1620,170,15250
1630,170,15250
1640,170,15250
1650,170,15250
1660,170,15250
1670,170,15250
1680,170,15250
1690,170,15250
1700,170,15250
1400,180,15250
1410,180,15250
1420,180,15250
1430,180,15250
1440,180,15250
1450,180,15250
1460,180,15250
1470,180,15250
1480,180,15250
1490,180,15250
1500,180,15250
1510,180,15250
1520,180,15250
1530,180,15250
1540,180,15250
1550,180,15250
1560,180,15250
1570,180,15250
1580,180,15250
1590,180,15250
1600,180,15250
1610,180,15250
1620,180,15250
1630,180,15250
1640,180,15250
1650,180,15250
1660,180,15250
1670,180,15250
1680,180,15250
1690,180,15250
1700,180,15250
1400,190,15250
1410,190,15250
1420,190,15250
1430,190,15250
1440,190,15250
1450,190,15250
1460,190,15250
1470,190,15250
1480,190,15250
1490,190,15250
1500,190,15250
1510,190,15250
1520,190,15250
1530,190,15250
1540,190,15250
1550,190,15250
1560,190,15250
1570,190,15250
1580,190,15250
1590,190,15250
1600,190,15250
1610,190,15250
1620,190,15250
1630,190,15250
1640,190,15250
1650,190,15250
1660,190,15250
1670,190,15250
1680,190,15250
1690,190,15250
1700,190,15250
1400,200,15250
1410,200,15250
1420,200,15250
1430,200,15250
1440,200,15250
1450,200,15250
1460,200,15250
1470,200,15250
1480,200,15250
1490,200,15250
1500,200,15250
1510,200,15250
1520,200,15250
1530,200,15250
1540,200,15250
1550,200,15250
1560,200,15250
1570,200,15250
1580,200,15250
1590,200,15250
1600,200,15250
1610,200,15250
1620,200,15250
1630,200,15250
1640,200,15250
1650,200,15250
1660,200,15250
1670,200,15250
1680,200,15250
1690,200,15250
1700,200,15250
1400,210,15250
1410,210,15250
1420,210,15250
1430,210,15250
1440,210,15250
1450,210,15250
1460,210,15250
1470,210,15250
1480,210,15250
1490,210,15250
1500,210,15250
1510,210,15250
1520,210,15250
1530,210,15250
1540,210,15250
1550,210,15250
1560,210,15250
1570,210,15250
1580,210,15250
1590,210,15250
1600,210,15250
1610,210,15250
1620,210,15250
1630,210,15250
1640,210,15250
1650,210,15250
1660,210,15250
1670,210,15250
1680,210,15250
1690,210,15250
1700,210,15250
1400,220,15250
1410,220,15250
1420,220,15250
1430,220,15250
1440,220,15250
1450,220,15250
1460,220,15250
1470,220,15250
1480,220,15250
1490,220,15250
1500,220,15250
1510,220,15250
1520,220,15250
1530,220,15250
1540,220,15250
1550,220,15250
1560,220,15250
1570,220,15250
1580,220,15250
1590,220,15250
1600,220,15250
1610,220,15250
1620,220,15250
1630,220,15250
1640,220,15250
1650,220,15250
1660,220,15250
1670,220,15250
1680,220,15250
1690,220,15250
1700,220,15250
1400,230,15250
1410,230,15250
1420,230,15250
1430,230,15250
1440,230,15250
1450,230,15250
1460,230,15250
1470,230,15250
1480,230,15250
1490,230,15250
1500,230,15250
1510,230,15250
1520,230,15250
1530,230,15250
1540,230,15250
1550,230,15250
1560,230,15250
1570,230,15250
1580,230,15250
1590,230,15250
1600,230,15250
1610,230,15250
1620,230,15250
1630,230,15250
1640,230,15250
1650,230,15250
1660,230,15250
1670,230,15250
1680,230,15250
1690,230,15250
1700,230,15250
1400,240,15250
1410,240,15250
1420,240,15250
1430,240,15250
1440,240,15250
1450,240,15250
1460,240,15250
1470,240,15250
1480,240,15250
1490,240,15250
1500,240,15250
1510,240,15250
1520,240,15250
1530,240,15250
1540,240,15250
1550,240,15250
1560,240,15250
1570,240,15250
1580,240,15250
1590,240,15250
1600,240,15250
1610,240,15250
1620,240,15250
1630,240,15250
1640,240,15250
1650,240,15250
1660,240,15250
1670,240,15250
1680,240,15250
1690,240,15250
1700,240,15250
1400,250,15250
1410,250,15250
1420,250,15250
1430,250,15250
1440,250,15250
1450,250,15250
1460,250,15250
1470,250,15250
1480,250,15250
1490,250,15250
1500,250,15250
1510,250,15250
1520,250,15250
1530,250,15250
1540,250,15250
1550,250,15250
1560,250,15250
1570,250,15250
1580,250,15250
1590,250,15250
1600,250,15250
1610,250,15250
1620,250,15250
1630,250,15250
1640,250,15250
1650,250,15250
1660,250,15250
1670,250,15250
1680,250,15250
1690,250,15250
1700,250,15250
1400,50,15500
1410,50,15500
1420,50,15500
1430,50,15500
1440,50,15500
1450,50,15500
1460,50,15500
1470,50,15500
1480,50,15500
1490,50,15500
1500,50,15500
1510,50,15500
1520,50,15500
1530,50,15500
1540,50,15500
1550,50,15500
1560,50,15500
1570,50,15500
1580,50,15500
1590,50,15500
1600,50,15500
1610,50,15500
1620,50,15500
1630,50,15500
1640,50,15500
1650,50,15500
1660,50,15500
1670,50,15500
1680,50,15500
1690,50,15500
1700,50,15500
1400,60,15500
1410,60,15500
1420,60,15500
1430,60,15500
1440,60,15500
1450,60,15500
1460,60,15500
1470,60,15500
1480,60,15500
1490,60,15500
1500,60,15500
1510,60,15500
1520,60,15500
1530,60,15500
1540,60,15500
1550,60,15500
1560,60,15500
1570,60,15500
1580,60,15500
1590,60,15500
1600,60,15500
1610,60,15500
1620,60,15500
1630,60,15500
1640,60,15500
1650,60,15500
1660,60,15500
1670,60,15500
1680,60,15500
1690,60,15500
1700,60,15500
1400,70,15500
1410,70,15500
1420,70,15500
1430,70,15500
1440,70,15500
1450,70,15500
1460,70,15500
1470,70,15500
1480,70,15500
1490,70,15500
1500,70,15500
1510,70,15500
1520,70,15500
1530,70,15500
1540,70,15500
1550,70,15500
1560,70,15500
1570,70,15500
1580,70,15500
1590,70,15500
1600,70,15500
1610,70,15500
1620,70,15500
1630,70,15500
1640,70,15500
1650,70,15500
1660,70,15500
1670,70,15500
1680,70,15500
1690,70,15500
1700,70,15500
1400,80,15500
1410,80,15500
1420,80,15500
1430,80,15500
1440,80,15500
1450,80,15500
1460,80,15500
1470,80,15500
1480,80,15500
1490,80,15500
1500,80,15500
1510,80,15500
1520,80,15500
1530,80,15500
1540,80,15500
1550,80,15500
1560,80,15500
1570,80,15500
1580,80,15500
1590,80,15500
1600,80,15500
1610,80,15500
1620,80,15500
1630,80,15500
1640,80,15500
1650,80,15500
1660,80,15500
1670,80,15500
1680,80,15500
1690,80,15500
1700,80,15500
1400,90,15500
1410,90,15500
1420,90,15500
1430,90,15500
1440,90,15500
1450,90,15500
1460,90,15500
1470,90,15500
1480,90,15500
1490,90,15500
1500,90,15500
1510,90,15500
1520,90,15500
1530,90,15500
1540,90,15500
1550,90,15500
1560,90,15500
1570,90,15500
1580,90,15500
1590,90,15500
1600,90,15500
1610,90,15500
1620,90,15500
1630,90,15500
1640,90,15500
1650,90,15500
1660,90,15500
1670,90,15500
1680,90,15500
1690,90,15500
1700,90,15500
1400,100,15500
1410,100,15500
1420,100,15500
1430,100,15500
1440,100,15500
1450,100,15500
1460,100,15500
1470,100,15500
1480,100,15500
1490,100,15500
1500,100,15500
1510,100,15500
1520,100,15500
1530,100,15500
1540,100,15500
1550,100,15500
1560,100,15500
1570,100,15500
1580,100,15500
1590,100,15500
1600,100,15500
1610,100,15500
1620,100,15500
1630,100,15500
1640,100,15500
1650,100,15500
1660,100,15500
1670,100,15500
1680,100,15500
1690,100,15500
1700,100,15500
1400,110,15500
1410,110,15500
1420,110,15500
1430,110,15500
1440,110,15500
1450,110,15500
1460,110,15500
1470,110,15500
1480,110,15500
1490,110,15500
1500,110,15500
1510,110,15500
1520,110,15500
1530,110,15500
1540,110,15500
1550,110,15500
1560,110,15500
1570,110,15500
1580,110,15500
1590,110,15500
1600,110,15500
1610,110,15500
1620,110,15500
1630,110,15500
1640,110,15500
1650,110,15500
1660,110,15500
1670,110,15500
1680,110,15500
1690,110,15500
1700,110,15500
1400,120,15500
1410,120,15500
1420,120,15500
1430,120,15500
1440,120,15500
1450,120,15500
1460,120,15500
1470,120,15500
1480,120,15500
1490,120,15500
1500,120,15500
1510,120,15500
1520,120,15500
1530,120,15500
1540,120,15500
1550,120,15500
1560,120,15500
1570,120,15500
1580,120,15500
1590,120,15500
1600,120,15500
1610,120,15500
1620,120,15500
1630,120,15500
1640,120,15500
1650,120,15500
1660,120,15500
1670,120,15500
1680,120,15500
1690,120,15500
1700,120,15500
1400,130,15500
1410,130,15500
1420,130,15500
1430,130,15500
1440,130,15500
1450,130,15500
1460,130,15500
1470,130,15500
1480,130,15500
1490,130,15500
1500,130,15500
1510,130,15500
1520,130,15500
1530,130,15500
1540,130,15500
1550,130,15500
1560,130,15500
1570,130,15500
1580,130,15500
1590,130,15500
1600,130,15500
1610,130,15500
1620,130,15500
1630,130,15500
1640,130,15500
1650,130,15500
1660,130,15500
1670,130,15500
1680,130,15500
1690,130,15500
1700,130,15500
1400,140,15500
1410,140,15500
1420,140,15500
1430,140,15500
1440,140,15500
1450,140,15500
1460,140,15500
1470,140,15500
1480,140,15500
1490,140,15500
1500,140,15500
1510,140,15500
1520,140,15500
1530,140,15500
1540,140,15500
1550,140,15500
1560,140,15500
1570,140,15500
1580,140,15500
1590,140,15500
1600,140,15500
1610,140,15500
1620,140,15500
1630,140,15500
1640,140,15500
1650,140,15500
1660,140,15500
1670,140,15500
1680,140,15500
1690,140,15500
1700,140,15500
1400,150,15500
1410,150,15500
1420,150,15500
1430,150,15500
1440,150,15500
1450,150,15500
1460,150,15500
1470,150,15500
1480,150,15500
1490,150,15500
1500,150,15500
1510,150,15500
1520,150,15500
1530,150,15500
1540,150,15500
1550,150,15500
1560,150,15500
1570,150,15500
1580,150,15500
1590,150,15500
1600,150,15500
1610,150,15500
1620,150,15500
1630,150,15500
1640,150,15500
1650,150,15500
1660,150,15500
1670,150,15500
1680,150,15500
1690,150,15500
1700,150,15500
1400,160,15500
1410,160,15500
1420,160,15500
1430,160,15500
1440,160,15500
1450,160,15500
1460,160,15500
1470,160,15500
1480,160,15500
1490,160,15500
1500,160,15500
1510,160,15500
1520,160,15500
1530,160,15500
1540,160,15500
1550,160,15500
1560,160,15500
1570,160,15500
1580,160,15500
1590,160,15500
1600,160,15500
1610,160,15500
1620,160,15500
1630,160,15500
1640,160,15500
1650,160,15500
1660,160,15500
1670,160,15500
1680,160,15500
1690,160,15500
1700,160,15500
1400,170,15500
1410,170,15500
1420,170,15500
1430,170,15500
1440,170,15500
1450,170,15500
1460,170,15500
1470,170,15500
1480,170,15500
1490,170,15500
1500,170,15500
1510,170,15500
1520,170,15500
1530,170,15500
1540,170,15500
1550,170,15500
1560,170,15500
1570,170,15500
1580,170,15500
1590,170,15500
1600,170,15500
1610,170,15500
1620,170,15500
1630,170,15500
1640,170,15500
1650,170,15500
1660,170,15500
1670,170,15500
1680,170,15500
1690,170,15500
1700,170,15500
1400,180,15500
1410,180,15500
1420,180,15500
1430,180,15500
1440,180,15500
1450,180,15500
1460,180,15500
1470,180,15500
1480,180,15500
1490,180,15500
1500,180,15500
1510,180,15500
1520,180,15500
1530,180,15500
1540,180,15500
1550,180,15500
1560,180,15500
1570,180,15500
1580,180,15500
1590,180,15500
1600,180,15500
1610,180,15500
1620,180,15500
1630,180,15500
1640,180,15500
1650,180,15500
1660,180,15500
1670,180,15500
1680,180,15500
1690,180,15500
1700,180,15500
1400,190,15500
1410,190,15500
1420,190,15500
1430,190,15500
1440,190,15500
1450,190,15500
1460,190,15500
1470,190,15500
1480,190,15500
1490,190,15500
1500,190,15500
1510,190,15500
1520,190,15500
1530,190,15500
1540,190,15500
1550,190,15500
1560,190,15500
1570,190,15500
1580,190,15500
1590,190,15500
1600,190,15500
1610,190,15500
1620,190,15500
1630,190,15500
1640,190,15500
1650,190,15500
1660,190,15500
1670,190,15500
1680,190,15500
1690,190,15500
1700,190,15500
1400,200,15500
1410,200,15500
1420,200,15500
1430,200,15500
1440,200,15500
1450,200,15500
1460,200,15500
1470,200,15500
1480,200,15500
1490,200,15500
1500,200,15500
1510,200,15500
1520,200,15500
1530,200,15500
1540,200,15500
1550,200,15500
1560,200,15500
1570,200,15500
1580,200,15500
1590,200,15500
1600,200,15500
1610,200,15500
1620,200,15500
1630,200,15500
1640,200,15500
1650,200,15500
1660,200,15500
1670,200,15500
1680,200,15500
1690,200,15500
1700,200,15500
1400,210,15500
1410,210,15500
1420,210,15500
1430,210,15500
1440,210,15500
1450,210,15500
1460,210,15500
1470,210,15500
1480,210,15500
1490,210,15500
1500,210,15500
1510,210,15500
1520,210,15500
1530,210,15500
1540,210,15500
1550,210,15500
1560,210,15500
1570,210,15500
1580,210,15500
1590,210,15500
1600,210,15500
1610,210,15500
1620,210,15500
1630,210,15500
1640,210,15500
1650,210,15500
1660,210,15500
1670,210,15500
1680,210,15500
1690,210,15500
1700,210,15500
1400,220,15500
1410,220,15500
1420,220,15500
1430,220,15500
1440,220,15500
1450,220,15500
1460,220,15500
1470,220,15500
1480,220,15500
1490,220,15500
1500,220,15500
1510,220,15500
1520,220,15500
1530,220,15500
1540,220,15500
1550,220,15500
1560,220,15500
1570,220,15500
1580,220,15500
1590,220,15500
1600,220,15500
1610,220,15500
1620,220,15500
1630,220,15500
1640,220,15500
1650,220,15500
1660,220,15500
1670,220,15500
1680,220,15500
1690,220,15500
1700,220,15500
1400,230,15500
1410,230,15500
1420,230,15500
1430,230,15500
1440,230,15500
1450,230,15500
1460,230,15500
1470,230,15500
1480,230,15500
1490,230,15500
1500,230,15500
1510,230,15500
1520,230,15500
1530,230,15500
1540,230,15500
1550,230,15500
1560,230,15500
1570,230,15500
1580,230,15500
1590,230,15500
1600,230,15500
1610,230,15500
1620,230,15500
1630,230,15500
1640,230,15500
1650,230,15500
1660,230,15500
1670,230,15500
1680,230,15500
1690,230,15500
1700,230,15500
1400,240,15500
1410,240,15500
1420,240,15500
1430,240,15500
1440,240,15500
1450,240,15500
1460,240,15500
1470,240,15500
1480,240,15500
1490,240,15500
1500,240,15500
1510,240,15500
1520,240,15500
1530,240,15500
1540,240,15500
1550,240,15500
1560,240,15500
1570,240,15500
1580,240,15500
1590,240,15500
1600,240,15500
1610,240,15500
1620,240,15500
1630,240,15500
1640,240,15500
1650,240,15500
1660,240,15500
1670,240,15500
1680,240,15500
1690,240,15500
1700,240,15500
1400,250,15500
1410,250,15500
1420,250,15500
1430,250,15500
1440,250,15500
1450,250,15500
1460,250,15500
1470,250,15500
1480,250,15500
1490,250,15500
1500,250,15500
1510,250,15500
1520,250,15500
1530,250,15500
1540,250,15500
1550,250,15500
1560,250,15500
1570,250,15500
1580,250,15500
1590,250,15500
1600,250,15500
1610,250,15500
1620,250,15500
1630,250,15500
1640,250,15500
1650,250,15500
1660,250,15500
1670,250,15500
1680,250,15500
1690,250,15500
1700,250,15500
1400,50,15750
1410,50,15750
1420,50,15750
1430,50,15750
1440,50,15750
1450,50,15750
1460,50,15750
1470,50,15750
1480,50,15750
1490,50,15750
1500,50,15750
1510,50,15750
1520,50,15750
1530,50,15750
1540,50,15750
1550,50,15750
1560,50,15750
1570,50,15750
1580,50,15750
1590,50,15750
1600,50,15750
1610,50,15750
1620,50,15750
1630,50,15750
1640,50,15750
1650,50,15750
1660,50,15750
1670,50,15750
1680,50,15750
1690,50,15750
1700,50,15750
1400,60,15750
1410,60,15750
1420,60,15750
1430,60,15750
1440,60,15750
1450,60,15750
1460,60,15750
1470,60,15750
1480,60,15750
1490,60,15750
1500,60,15750
1510,60,15750
1520,60,15750
1530,60,15750
1540,60,15750
1550,60,15750
1560,60,15750
1570,60,15750
1580,60,15750
1590,60,15750
1600,60,15750
1610,60,15750
1620,60,15750
1630,60,15750
1640,60,15750
1650,60,15750
1660,60,15750
1670,60,15750
1680,60,15750
1690,60,15750
1700,60,15750
1400,70,15750
1410,70,15750
1420,70,15750
1430,70,15750
1440,70,15750
1450,70,15750
1460,70,15750
1470,70,15750
1480,70,15750
1490,70,15750
1500,70,15750
1510,70,15750
1520,70,15750
1530,70,15750
1540,70,15750
1550,70,15750
1560,70,15750
1570,70,15750
1580,70,15750
1590,70,15750
1600,70,15750
1610,70,15750
1620,70,15750
1630,70,15750
1640,70,15750
1650,70,15750
1660,70,15750
1670,70,15750
1680,70,15750
1690,70,15750
1700,70,15750
1400,80,15750
1410,80,15750
1420,80,15750
1430,80,15750
1440,80,15750
1450,80,15750
1460,80,15750
1470,80,15750
1480,80,15750
1490,80,15750
1500,80,15750
1510,80,15750
1520,80,15750
1530,80,15750
1540,80,15750
1550,80,15750
1560,80,15750
1570,80,15750
1580,80,15750
1590,80,15750
1600,80,15750
1610,80,15750
1620,80,15750
1630,80,15750
1640,80,15750
1650,80,15750
1660,80,15750
1670,80,15750
1680,80,15750
1690,80,15750
1700,80,15750
1400,90,15750
1410,90,15750
1420,90,15750
1430,90,15750
1440,90,15750
1450,90,15750
1460,90,15750
1470,90,15750
1480,90,15750
1490,90,15750
1500,90,15750
1510,90,15750
1520,90,15750
1530,90,15750
1540,90,15750
1550,90,15750
1560,90,15750
1570,90,15750
1580,90,15750
1590,90,15750
1600,90,15750
1610,90,15750
1620,90,15750
1630,90,15750
1640,90,15750
1650,90,15750
1660,90,15750
1670,90,15750
1680,90,15750
1690,90,15750
1700,90,15750
1400,100,15750
1410,100,15750
1420,100,15750
1430,100,15750
1440,100,15750
1450,100,15750
1460,100,15750
1470,100,15750
1480,100,15750
1490,100,15750
1500,100,15750
1510,100,15750
1520,100,15750
1530,100,15750
1540,100,15750
1550,100,15750
1560,100,15750
1570,100,15750
1580,100,15750
1590,100,15750
1600,100,15750
1610,100,15750
1620,100,15750
1630,100,15750
1640,100,15750
1650,100,15750
1660,100,15750
1670,100,15750
1680,100,15750
1690,100,15750
1700,100,15750
1400,110,15750
1410,110,15750
1420,110,15750
1430,110,15750
1440,110,15750
1450,110,15750
1460,110,15750
1470,110,15750
1480,110,15750
1490,110,15750
1500,110,15750
1510,110,15750
1520,110,15750
1530,110,15750
1540,110,15750
1550,110,15750
1560,110,15750
1570,110,15750
1580,110,15750
1590,110,15750
1600,110,15750
1610,110,15750
1620,110,15750
1630,110,15750
1640,110,15750
1650,110,15750
1660,110,15750
1670,110,15750
1680,110,15750
1690,110,15750
1700,110,15750
1400,120,15750
1410,120,15750
1420,120,15750
1430,120,15750
1440,120,15750
1450,120,15750
1460,120,15750
1470,120,15750
1480,120,15750
1490,120,15750
1500,120,15750
1510,120,15750
1520,120,15750
1530,120,15750
1540,120,15750
1550,120,15750
1560,120,15750
1570,120,15750
1580,120,15750
1590,120,15750
1600,120,15750
1610,120,15750
1620,120,15750
1630,120,15750
1640,120,15750
1650,120,15750
1660,120,15750
1670,120,15750
1680,120,15750
1690,120,15750
1700,120,15750
1400,130,15750
1410,130,15750
1420,130,15750
1430,130,15750
1440,130,15750
1450,130,15750
1460,130,15750
1470,130,15750
1480,130,15750
1490,130,15750
1500,130,15750
1510,130,15750
1520,130,15750
1530,130,15750
1540,130,15750
1550,130,15750
1560,130,15750
1570,130,15750
1580,130,15750
1590,130,15750
1600,130,15750
1610,130,15750
1620,130,15750
1630,130,15750
1640,130,15750
1650,130,15750
1660,130,15750
1670,130,15750
1680,130,15750
1690,130,15750
1700,130,15750
1400,140,15750
1410,140,15750
1420,140,15750
1430,140,15750
1440,140,15750
1450,140,15750
1460,140,15750
1470,140,15750
1480,140,15750
1490,140,15750
1500,140,15750
1510,140,15750
1520,140,15750
1530,140,15750
1540,140,15750
1550,140,15750
1560,140,15750
1570,140,15750
1580,140,15750
1590,140,15750
1600,140,15750
1610,140,15750
1620,140,15750
1630,140,15750
1640,140,15750
1650,140,15750
1660,140,15750
1670,140,15750
1680,140,15750
1690,140,15750
1700,140,15750
1400,150,15750
1410,150,15750
1420,150,15750
1430,150,15750
1440,150,15750
1450,150,15750
1460,150,15750
1470,150,15750
1480,150,15750
1490,150,15750
1500,150,15750
1510,150,15750
1520,150,15750
1530,150,15750
1540,150,15750
1550,150,15750
1560,150,15750
1570,150,15750
1580,150,15750
1590,150,15750
1600,150,15750
1610,150,15750
1620,150,15750
1630,150,15750
1640,150,15750
1650,150,15750
1660,150,15750
1670,150,15750
1680,150,15750
1690,150,15750
1700,150,15750
1400,160,15750
1410,160,15750
1420,160,15750
1430,160,15750
1440,160,15750
1450,160,15750
1460,160,15750
1470,160,15750
1480,160,15750
1490,160,15750
1500,160,15750
1510,160,15750
1520,160,15750
1530,160,15750
1540,160,15750
1550,160,15750
1560,160,15750
1570,160,15750
1580,160,15750
1590,160,15750
1600,160,15750
1610,160,15750
1620,160,15750
1630,160,15750
1640,160,15750
1650,160,15750
1660,160,15750
1670,160,15750
1680,160,15750
1690,160,15750
1700,160,15750
1400,170,15750
1410,170,15750
1420,170,15750
1430,170,15750
1440,170,15750
1450,170,15750
1460,170,15750
1470,170,15750
1480,170,15750
1490,170,15750
1500,170,15750
1510,170,15750
1520,170,15750
1530,170,15750
1540,170,15750
1550,170,15750
1560,170,15750
1570,170,15750
1580,170,15750
1590,170,15750
1600,170,15750
1610,170,15750
1620,170,15750
1630,170,15750
1640,170,15750
1650,170,15750
1660,170,15750
1670,170,15750
1680,170,15750
1690,170,15750
1700,170,15750
1400,180,15750
1410,180,15750
1420,180,15750
1430,180,15750
1440,180,15750
1450,180,15750
1460,180,15750
1470,180,15750
1480,180,15750
1490,180,15750
1500,180,15750
1510,180,15750
1520,180,15750
1530,180,15750
1540,180,15750
1550,180,15750
1560,180,15750
1570,180,15750
1580,180,15750
1590,180,15750
1600,180,15750
1610,180,15750
1620,180,15750
1630,180,15750
1640,180,15750
1650,180,15750
1660,180,15750
1670,180,15750
1680,180,15750
1690,180,15750
1700,180,15750
1400,190,15750
1410,190,15750
1420,190,15750
1430,190,15750
1440,190,15750
1450,190,15750
1460,190,15750
1470,190,15750
1480,190,15750
1490,190,15750
1500,190,15750
1510,190,15750
1520,190,15750
1530,190,15750
1540,190,15750
1550,190,15750
1560,190,15750
1570,190,15750
1580,190,15750
1590,190,15750
1600,190,15750
1610,190,15750
1620,190,15750
1630,190,15750
1640,190,15750
1650,190,15750
1660,190,15750
1670,190,15750
1680,190,15750
1690,190,15750
1700,190,15750
1400,200,15750
1410,200,15750
1420,200,15750
1430,200,15750
1440,200,15750
1450,200,15750
1460,200,15750
1470,200,15750
1480,200,15750
1490,200,15750
1500,200,15750
1510,200,15750
1520,200,15750
1530,200,15750
1540,200,15750
1550,200,15750
1560,200,15750
1570,200,15750
1580,200,15750
1590,200,15750
1600,200,15750
1610,200,15750
1620,200,15750
1630,200,15750
1640,200,15750
1650,200,15750
1660,200,15750
1670,200,15750
1680,200,15750
1690,200,15750
1700,200,15750
1400,210,15750
1410,210,15750
1420,210,15750
1430,210,15750
1440,210,15750
1450,210,15750
1460,210,15750
1470,210,15750
1480,210,15750
1490,210,15750
1500,210,15750
1510,210,15750
1520,210,15750
1530,210,15750
1540,210,15750
1550,210,15750
1560,210,15750
1570,210,15750
1580,210,15750
1590,210,15750
1600,210,15750
1610,210,15750
1620,210,15750
1630,210,15750
1640,210,15750
1650,210,15750
1660,210,15750
1670,210,15750
1680,210,15750
1690,210,15750
1700,210,15750
1400,220,15750
1410,220,15750
1420,220,15750
1430,220,15750
1440,220,15750
1450,220,15750
1460,220,15750
1470,220,15750
1480,220,15750
1490,220,15750
1500,220,15750
1510,220,15750
1520,220,15750
1530,220,15750
1540,220,15750
1550,220,15750
1560,220,15750
1570,220,15750
1580,220,15750
1590,220,15750
1600,220,15750
1610,220,15750
1620,220,15750
1630,220,15750
1640,220,15750
1650,220,15750
1660,220,15750
1670,220,15750
1680,220,15750
1690,220,15750
1700,220,15750
1400,230,15750
1410,230,15750
1420,230,15750
1430,230,15750
1440,230,15750
1450,230,15750
1460,230,15750
1470,230,15750
1480,230,15750
1490,230,15750
1500,230,15750
1510,230,15750
1520,230,15750
1530,230,15750
1540,230,15750
1550,230,15750
1560,230,15750
1570,230,15750
1580,230,15750
1590,230,15750
1600,230,15750
1610,230,15750
1620,230,15750
1630,230,15750
1640,230,15750
1650,230,15750
1660,230,15750
1670,230,15750
1680,230,15750
1690,230,15750
1700,230,15750
1400,240,15750
1410,240,15750
1420,240,15750
1430,240,15750
1440,240,15750
1450,240,15750
1460,240,15750
1470,240,15750
1480,240,15750
1490,240,15750
1500,240,15750
1510,240,15750
1520,240,15750
1530,240,15750
1540,240,15750
1550,240,15750
1560,240,15750
1570,240,15750
1580,240,15750
1590,240,15750
1600,240,15750
1610,240,15750
1620,240,15750
1630,240,15750
1640,240,15750
1650,240,15750
1660,240,15750
1670,240,15750
1680,240,15750
1690,240,15750
1700,240,15750
1400,250,15750
1410,250,15750
1420,250,15750
1430,250,15750
1440,250,15750
1450,250,15750
1460,250,15750
1470,250,15750
1480,250,15750
1490,250,15750
1500,250,15750
1510,250,15750
1520,250,15750
1530,250,15750
1540,250,15750
1550,250,15750
1560,250,15750
1570,250,15750
1580,250,15750
1590,250,15750
1600,250,15750
1610,250,15750
1620,250,15750
1630,250,15750
1640,250,15750
1650,250,15750
1660,250,15750
1670,250,15750
1680,250,15750
1690,250,15750
1700,250,15750
1400,50,16000
1410,50,16000
1420,50,16000
1430,50,16000
1440,50,16000
1450,50,16000
1460,50,16000
1470,50,16000
1480,50,16000
1490,50,16000
1500,50,16000
1510,50,16000
1520,50,16000
1530,50,16000
1540,50,16000
1550,50,16000
1560,50,16000
1570,50,16000
1580,50,16000
1590,50,16000
1600,50,16000
1610,50,16000
1620,50,16000
1630,50,16000
1640,50,16000
1650,50,16000
1660,50,16000
1670,50,16000
1680,50,16000
1690,50,16000
1700,50,16000
1400,60,16000
1410,60,16000
1420,60,16000
1430,60,16000
1440,60,16000
1450,60,16000
1460,60,16000
1470,60,16000
1480,60,16000
1490,60,16000
1500,60,16000
1510,60,16000
1520,60,16000
1530,60,16000
1540,60,16000
1550,60,16000
1560,60,16000
1570,60,16000
1580,60,16000
1590,60,16000
1600,60,16000
1610,60,16000
1620,60,16000
1630,60,16000
1640,60,16000
1650,60,16000
1660,60,16000
1670,60,16000
1680,60,16000
1690,60,16000
1700,60,16000
1400,70,16000
1410,70,16000
1420,70,16000
1430,70,16000
1440,70,16000
1450,70,16000
1460,70,16000
1470,70,16000
1480,70,16000
1490,70,16000
1500,70,16000
1510,70,16000
1520,70,16000
1530,70,16000
1540,70,16000
1550,70,16000
1560,70,16000
1570,70,16000
1580,70,16000
1590,70,16000
1600,70,16000
1610,70,16000
1620,70,16000
1630,70,16000
1640,70,16000
1650,70,16000
1660,70,16000
1670,70,16000
1680,70,16000
1690,70,16000
1700,70,16000
1400,80,16000
1410,80,16000
1420,80,16000
1430,80,16000
1440,80,16000
1450,80,16000
1460,80,16000
1470,80,16000
1480,80,16000
1490,80,16000
1500,80,16000
1510,80,16000
1520,80,16000
1530,80,16000
1540,80,16000
1550,80,16000
1560,80,16000
1570,80,16000
1580,80,16000
1590,80,16000
1600,80,16000
1610,80,16000
1620,80,16000
1630,80,16000
1640,80,16000
1650,80,16000
1660,80,16000
1670,80,16000
1680,80,16000
1690,80,16000
1700,80,16000
1400,90,16000
1410,90,16000
1420,90,16000
1430,90,16000
1440,90,16000
1450,90,16000
1460,90,16000
1470,90,16000
1480,90,16000
1490,90,16000
1500,90,16000
1510,90,16000
1520,90,16000
1530,90,16000
1540,90,16000
1550,90,16000
1560,90,16000
1570,90,16000
1580,90,16000
1590,90,16000
1600,90,16000
1610,90,16000
1620,90,16000
1630,90,16000
1640,90,16000
1650,90,16000
1660,90,16000
1670,90,16000
1680,90,16000
1690,90,16000
1700,90,16000
1400,100,16000
1410,100,16000
1420,100,16000
1430,100,16000
1440,100,16000
1450,100,16000
1460,100,16000
1470,100,16000
1480,100,16000
1490,100,16000
1500,100,16000
1510,100,16000
1520,100,16000
1530,100,16000
1540,100,16000
1550,100,16000
1560,100,16000
1570,100,16000
1580,100,16000
1590,100,16000
1600,100,16000
1610,100,16000
1620,100,16000
1630,100,16000
1640,100,16000
1650,100,16000
1660,100,16000
1670,100,16000
1680,100,16000
1690,100,16000
1700,100,16000
1400,110,16000
1410,110,16000
1420,110,16000
1430,110,16000
1440,110,16000
1450,110,16000
1460,110,16000
1470,110,16000
1480,110,16000
1490,110,16000
1500,110,16000
1510,110,16000
1520,110,16000
1530,110,16000
1540,110,16000
1550,110,16000
1560,110,16000
1570,110,16000
1580,110,16000
1590,110,16000
1600,110,16000
1610,110,16000
1620,110,16000
1630,110,16000
1640,110,16000
1650,110,16000
1660,110,16000
1670,110,16000
1680,110,16000
1690,110,16000
1700,110,16000
1400,120,16000
1410,120,16000
1420,120,16000
1430,120,16000
1440,120,16000
1450,120,16000
1460,120,16000
1470,120,16000
1480,120,16000
1490,120,16000
1500,120,16000
1510,120,16000
1520,120,16000
1530,120,16000
1540,120,16000
1550,120,16000
1560,120,16000
1570,120,16000
1580,120,16000
1590,120,16000
1600,120,16000
1610,120,16000
1620,120,16000
1630,120,16000
1640,120,16000
1650,120,16000
1660,120,16000
1670,120,16000
1680,120,16000
1690,120,16000
1700,120,16000
1400,130,16000
1410,130,16000
1420,130,16000
1430,130,16000
1440,130,16000
1450,130,16000
1460,130,16000
1470,130,16000
1480,130,16000
1490,130,16000
1500,130,16000
1510,130,16000
1520,130,16000
1530,130,16000
1540,130,16000
1550,130,16000
1560,130,16000
1570,130,16000
1580,130,16000
1590,130,16000
1600,130,16000
1610,130,16000
1620,130,16000
1630,130,16000
1640,130,16000
1650,130,16000
1660,130,16000
1670,130,16000
1680,130,16000
1690,130,16000
1700,130,16000
1400,140,16000
1410,140,16000
1420,140,16000
1430,140,16000
1440,140,16000
1450,140,16000
1460,140,16000
1470,140,16000
1480,140,16000
1490,140,16000
1500,140,16000
1510,140,16000
1520,140,16000
1530,140,16000
1540,140,16000
1550,140,16000
1560,140,16000
1570,140,16000
1580,140,16000
1590,140,16000
1600,140,16000
1610,140,16000
1620,140,16000
1630,140,16000
1640,140,16000
1650,140,16000
1660,140,16000
1670,140,16000
1680,140,16000
1690,140,16000
1700,140,16000
1400,150,16000
1410,150,16000
1420,150,16000
1430,150,16000
1440,150,16000
1450,150,16000
1460,150,16000
1470,150,16000
1480,150,16000
1490,150,16000
1500,150,16000
1510,150,16000
1520,150,16000
1530,150,16000
1540,150,16000
1550,150,16000
1560,150,16000
1570,150,16000
1580,150,16000
1590,150,16000
1600,150,16000
1610,150,16000
1620,150,16000
1630,150,16000
1640,150,16000
1650,150,16000
1660,150,16000
1670,150,16000
1680,150,16000
1690,150,16000
1700,150,16000
1400,160,16000
1410,160,16000
1420,160,16000
1430,160,16000
1440,160,16000
1450,160,16000
1460,160,16000
1470,160,16000
1480,160,16000
1490,160,16000
1500,160,16000
1510,160,16000
1520,160,16000
1530,160,16000
1540,160,16000
1550,160,16000
1560,160,16000
1570,160,16000
1580,160,16000
1590,160,16000
1600,160,16000
1610,160,16000
1620,160,16000
1630,160,16000
1640,160,16000
1650,160,16000
1660,160,16000
1670,160,16000
1680,160,16000
1690,160,16000
1700,160,16000
1400,170,16000
1410,170,16000
1420,170,16000
1430,170,16000
1440,170,16000
1450,170,16000
1460,170,16000
1470,170,16000
1480,170,16000
1490,170,16000
1500,170,16000
1510,170,16000
1520,170,16000
1530,170,16000
1540,170,16000
1550,170,16000
1560,170,16000
1570,170,16000
1580,170,16000
1590,170,16000
1600,170,16000
1610,170,16000
1620,170,16000
1630,170,16000
1640,170,16000
1650,170,16000
1660,170,16000
1670,170,16000
1680,170,16000
1690,170,16000
1700,170,16000
1400,180,16000
1410,180,16000
1420,180,16000
1430,180,16000
1440,180,16000
1450,180,16000
1460,180,16000
1470,180,16000
1480,180,16000
1490,180,16000
1500,180,16000
1510,180,16000
1520,180,16000
1530,180,16000
1540,180,16000
1550,180,16000
1560,180,16000
1570,180,16000
1580,180,16000
1590,180,16000
1600,180,16000
1610,180,16000
1620,180,16000
1630,180,16000
1640,180,16000
1650,180,16000
1660,180,16000
1670,180,16000
1680,180,16000
1690,180,16000
1700,180,16000
1400,190,16000
1410,190,16000
1420,190,16000
1430,190,16000
1440,190,16000
1450,190,16000
1460,190,16000
1470,190,16000
1480,190,16000
1490,190,16000
1500,190,16000
1510,190,16000
1520,190,16000
1530,190,16000
1540,190,16000
1550,190,16000
1560,190,16000
1570,190,16000
1580,190,16000
1590,190,16000
1600,190,16000
1610,190,16000
1620,190,16000
1630,190,16000
1640,190,16000
1650,190,16000
1660,190,16000
1670,190,16000
1680,190,16000
1690,190,16000
1700,190,16000
1400,200,16000
1410,200,16000
1420,200,16000
1430,200,16000
1440,200,16000
1450,200,16000
1460,200,16000
1470,200,16000
1480,200,16000
1490,200,16000
1500,200,16000
1510,200,16000
1520,200,16000
1530,200,16000
1540,200,16000
1550,200,16000
1560,200,16000
1570,200,16000
1580,200,16000
1590,200,16000
1600,200,16000
1610,200,16000
1620,200,16000
1630,200,16000
1640,200,16000
1650,200,16000
1660,200,16000
1670,200,16000
1680,200,16000
1690,200,16000
1700,200,16000
1400,210,16000
1410,210,16000
1420,210,16000
1430,210,16000
1440,210,16000
1450,210,16000
1460,210,16000
1470,210,16000
1480,210,16000
1490,210,16000
1500,210,16000
1510,210,16000
1520,210,16000
1530,210,16000
1540,210,16000
1550,210,16000
1560,210,16000
1570,210,16000
1580,210,16000
1590,210,16000
1600,210,16000
1610,210,16000
1620,210,16000
1630,210,16000
1640,210,16000
1650,210,16000
1660,210,16000
1670,210,16000
1680,210,16000
1690,210,16000
1700,210,16000
1400,220,16000
1410,220,16000
1420,220,16000
1430,220,16000
1440,220,16000
1450,220,16000
1460,220,16000
1470,220,16000
1480,220,16000
1490,220,16000
1500,220,16000
1510,220,16000
1520,220,16000
1530,220,16000
1540,220,16000
1550,220,16000
1560,220,16000
1570,220,16000
1580,220,16000
1590,220,16000
1600,220,16000
1610,220,16000
1620,220,16000
1630,220,16000
1640,220,16000
1650,220,16000
1660,220,16000
1670,220,16000
1680,220,16000
1690,220,16000
1700,220,16000
1400,230,16000
1410,230,16000
1420,230,16000
1430,230,16000
1440,230,16000
1450,230,16000
1460,230,16000
1470,230,16000
1480,230,16000
1490,230,16000
1500,230,16000
1510,230,16000
1520,230,16000
1530,230,16000
1540,230,16000
1550,230,16000
1560,230,16000
1570,230,16000
1580,230,16000
1590,230,16000
1600,230,16000
1610,230,16000
1620,230,16000
1630,230,16000
1640,230,16000
1650,230,16000
1660,230,16000
1670,230,16000
1680,230,16000
1690,230,16000
1700,230,16000
1400,240,16000
1410,240,16000
1420,240,16000
1430,240,16000
1440,240,16000
1450,240,16000
1460,240,16000
1470,240,16000
1480,240,16000
1490,240,16000
1500,240,16000
1510,240,16000
1520,240,16000
1530,240,16000
1540,240,16000
1550,240,16000
1560,240,16000
1570,240,16000
1580,240,16000
1590,240,16000
1600,240,16000
1610,240,16000
1620,240,16000
1630,240,16000
1640,240,16000
1650,240,16000
1660,240,16000
1670,240,16000
1680,240,16000
1690,240,16000
1700,240,16000
1400,250,16000
1410,250,16000
1420,250,16000
1430,250,16000
1440,250,16000
1450,250,16000
1460,250,16000
1470,250,16000
1480,250,16000
1490,250,16000
1500,250,16000
1510,250,16000
1520,250,16000
1530,250,16000
1540,250,16000
1550,250,16000
1560,250,16000
1570,250,16000
1580,250,16000
1590,250,16000
1600,250,16000
1610,250,16000
1620,250,16000
1630,250,16000
1640,250,16000
1650,250,16000
1660,250,16000
1670,250,16000
1680,250,16000
1690,250,16000
1700,250,16000
1400,50,16250
1410,50,16250
1420,50,16250
1430,50,16250
1440,50,16250
1450,50,16250
1460,50,16250
1470,50,16250
1480,50,16250
1490,50,16250
1500,50,16250
1510,50,16250
1520,50,16250
1530,50,16250
1540,50,16250
1550,50,16250
1560,50,16250
1570,50,16250
1580,50,16250
1590,50,16250
1600,50,16250
1610,50,16250
1620,50,16250
1630,50,16250
1640,50,16250
1650,50,16250
1660,50,16250
1670,50,16250
1680,50,16250
1690,50,16250
1700,50,16250
1400,60,16250
1410,60,16250
1420,60,16250
1430,60,16250
1440,60,16250
1450,60,16250
1460,60,16250
1470,60,16250
1480,60,16250
1490,60,16250
1500,60,16250
1510,60,16250
1520,60,16250
1530,60,16250
1540,60,16250
1550,60,16250
1560,60,16250
1570,60,16250
1580,60,16250
1590,60,16250
1600,60,16250
1610,60,16250
1620,60,16250
1630,60,16250
1640,60,16250
1650,60,16250
1660,60,16250
1670,60,16250
1680,60,16250
1690,60,16250
1700,60,16250
1400,70,16250
1410,70,16250
1420,70,16250
1430,70,16250
1440,70,16250
1450,70,16250
1460,70,16250
1470,70,16250
1480,70,16250
1490,70,16250
1500,70,16250
1510,70,16250
1520,70,16250
1530,70,16250
1540,70,16250
1550,70,16250
1560,70,16250
1570,70,16250
1580,70,16250
1590,70,16250
1600,70,16250
1610,70,16250
1620,70,16250
1630,70,16250
1640,70,16250
1650,70,16250
1660,70,16250
1670,70,16250
1680,70,16250
1690,70,16250
1700,70,16250
1400,80,16250
1410,80,16250
1420,80,16250
1430,80,16250
1440,80,16250
1450,80,16250
1460,80,16250
1470,80,16250
1480,80,16250
1490,80,16250
1500,80,16250
1510,80,16250
1520,80,16250
1530,80,16250
1540,80,16250
1550,80,16250
1560,80,16250
1570,80,16250
1580,80,16250
1590,80,16250
1600,80,16250
1610,80,16250
1620,80,16250
1630,80,16250
1640,80,16250
1650,80,16250
1660,80,16250
1670,80,16250
1680,80,16250
1690,80,16250
1700,80,16250
1400,90,16250
1410,90,16250
1420,90,16250
1430,90,16250
1440,90,16250
1450,90,16250
1460,90,16250
1470,90,16250
1480,90,16250
1490,90,16250
1500,90,16250
1510,90,16250
1520,90,16250
1530,90,16250
1540,90,16250
1550,90,16250
1560,90,16250
1570,90,16250
1580,90,16250
1590,90,16250
1600,90,16250
1610,90,16250
1620,90,16250
1630,90,16250
1640,90,16250
1650,90,16250
1660,90,16250
1670,90,16250
1680,90,16250
1690,90,16250
1700,90,16250
1400,100,16250
1410,100,16250
1420,100,16250
1430,100,16250
1440,100,16250
1450,100,16250
1460,100,16250
1470,100,16250
1480,100,16250
1490,100,16250
1500,100,16250
1510,100,16250
1520,100,16250
1530,100,16250
1540,100,16250
1550,100,16250
1560,100,16250
1570,100,16250
1580,100,16250
1590,100,16250
1600,100,16250
1610,100,16250
1620,100,16250
1630,100,16250
1640,100,16250
1650,100,16250
1660,100,16250
1670,100,16250
1680,100,16250
1690,100,16250
1700,100,16250
1400,110,16250
1410,110,16250
1420,110,16250
1430,110,16250
1440,110,16250
1450,110,16250
1460,110,16250
1470,110,16250
1480,110,16250
1490,110,16250
1500,110,16250
1510,110,16250
1520,110,16250
1530,110,16250
1540,110,16250
1550,110,16250
1560,110,16250
1570,110,16250
1580,110,16250
1590,110,16250
1600,110,16250
1610,110,16250
1620,110,16250
1630,110,16250
1640,110,16250
1650,110,16250
1660,110,16250
1670,110,16250
1680,110,16250
1690,110,16250
1700,110,16250
1400,120,16250
1410,120,16250
1420,120,16250
1430,120,16250
1440,120,16250
1450,120,16250
1460,120,16250
1470,120,16250
1480,120,16250
1490,120,16250
1500,120,16250
1510,120,16250
1520,120,16250
1530,120,16250
1540,120,16250
1550,120,16250
1560,120,16250
1570,120,16250
1580,120,16250
1590,120,16250
1600,120,16250
1610,120,16250
1620,120,16250
1630,120,16250
1640,120,16250
1650,120,16250
1660,120,16250
1670,120,16250
1680,120,16250
1690,120,16250
1700,120,16250
1400,130,16250
1410,130,16250
1420,130,16250
1430,130,16250
1440,130,16250
1450,130,16250
1460,130,16250
1470,130,16250
1480,130,16250
1490,130,16250
1500,130,16250
1510,130,16250
1520,130,16250
1530,130,16250
1540,130,16250
1550,130,16250
1560,130,16250
1570,130,16250
1580,130,16250
1590,130,16250
1600,130,16250
1610,130,16250
1620,130,16250
1630,130,16250
1640,130,16250
1650,130,16250
1660,130,16250
1670,130,16250
1680,130,16250
1690,130,16250
1700,130,16250
1400,140,16250
1410,140,16250
1420,140,16250
1430,140,16250
1440,140,16250
1450,140,16250
1460,140,16250
1470,140,16250
1480,140,16250
1490,140,16250
1500,140,16250
1510,140,16250
1520,140,16250
1530,140,16250
1540,140,16250
1550,140,16250
1560,140,16250
1570,140,16250
1580,140,16250
1590,140,16250
1600,140,16250
1610,140,16250
1620,140,16250
1630,140,16250
1640,140,16250
1650,140,16250
1660,140,16250
1670,140,16250
1680,140,16250
1690,140,16250
1700,140,16250
1400,150,16250
1410,150,16250
1420,150,16250
1430,150,16250
1440,150,16250
1450,150,16250
1460,150,16250
1470,150,16250
1480,150,16250
1490,150,16250
1500,150,16250
1510,150,16250
1520,150,16250
1530,150,16250
1540,150,16250
1550,150,16250
1560,150,16250
1570,150,16250
1580,150,16250
1590,150,16250
1600,150,16250
1610,150,16250
1620,150,16250
1630,150,16250
1640,150,16250
1650,150,16250
1660,150,16250
1670,150,16250
1680,150,16250
1690,150,16250
1700,150,16250
1400,160,16250
1410,160,16250
1420,160,16250
1430,160,16250
1440,160,16250
1450,160,16250
1460,160,16250
1470,160,16250
1480,160,16250
1490,160,16250
1500,160,16250
1510,160,16250
1520,160,16250
1530,160,16250
1540,160,16250
1550,160,16250
1560,160,16250
1570,160,16250
1580,160,16250
1590,160,16250
1600,160,16250
1610,160,16250
1620,160,16250
1630,160,16250
1640,160,16250
1650,160,16250
1660,160,16250
1670,160,16250
1680,160,16250
1690,160,16250
1700,160,16250
1400,170,16250
1410,170,16250
1420,170,16250
1430,170,16250
1440,170,16250
1450,170,16250
1460,170,16250
1470,170,16250
1480,170,16250
1490,170,16250
1500,170,16250
1510,170,16250
1520,170,16250
1530,170,16250
1540,170,16250
1550,170,16250
1560,170,16250
1570,170,16250
1580,170,16250
1590,170,16250
1600,170,16250
1610,170,16250
1620,170,16250
1630,170,16250
1640,170,16250
1650,170,16250
1660,170,16250
1670,170,16250
1680,170,16250
1690,170,16250
1700,170,16250
1400,180,16250
1410,180,16250
1420,180,16250
1430,180,16250
1440,180,16250
1450,180,16250
1460,180,16250
1470,180,16250
1480,180,16250
1490,180,16250
1500,180,16250
1510,180,16250
1520,180,16250
1530,180,16250
1540,180,16250
1550,180,16250
1560,180,16250
1570,180,16250
1580,180,16250
1590,180,16250
1600,180,16250
1610,180,16250
1620,180,16250
1630,180,16250
1640,180,16250
1650,180,16250
1660,180,16250
1670,180,16250
1680,180,16250
1690,180,16250
1700,180,16250
1400,190,16250
1410,190,16250
1420,190,16250
1430,190,16250
1440,190,16250
1450,190,16250
1460,190,16250
1470,190,16250
1480,190,16250
1490,190,16250
1500,190,16250
1510,190,16250
1520,190,16250
1530,190,16250
1540,190,16250
1550,190,16250
1560,190,16250
1570,190,16250
1580,190,16250
1590,190,16250
1600,190,16250
1610,190,16250
1620,190,16250
1630,190,16250
1640,190,16250
1650,190,16250
1660,190,16250
1670,190,16250
1680,190,16250
1690,190,16250
1700,190,16250
1400,200,16250
1410,200,16250
1420,200,16250
1430,200,16250
1440,200,16250
1450,200,16250
1460,200,16250
1470,200,16250
1480,200,16250
1490,200,16250
1500,200,16250
1510,200,16250
1520,200,16250
1530,200,16250
1540,200,16250
1550,200,16250
1560,200,16250
1570,200,16250
1580,200,16250
1590,200,16250
1600,200,16250
1610,200,16250
1620,200,16250
1630,200,16250
1640,200,16250
1650,200,16250
1660,200,16250
1670,200,16250
1680,200,16250
1690,200,16250
1700,200,16250
1400,210,16250
1410,210,16250
1420,210,16250
1430,210,16250
1440,210,16250
1450,210,16250
1460,210,16250
1470,210,16250
1480,210,16250
1490,210,16250
1500,210,16250
1510,210,16250
1520,210,16250
1530,210,16250
1540,210,16250
1550,210,16250
1560,210,16250
1570,210,16250
1580,210,16250
1590,210,16250
1600,210,16250
1610,210,16250
1620,210,16250
1630,210,16250
1640,210,16250
1650,210,16250
1660,210,16250
1670,210,16250
1680,210,16250
1690,210,16250
1700,210,16250
1400,220,16250
1410,220,16250
1420,220,16250
1430,220,16250
1440,220,16250
1450,220,16250
1460,220,16250
1470,220,16250
1480,220,16250
1490,220,16250
1500,220,16250
1510,220,16250
1520,220,16250
1530,220,16250
1540,220,16250
1550,220,16250
1560,220,16250
1570,220,16250
1580,220,16250
1590,220,16250
1600,220,16250
1610,220,16250
1620,220,16250
1630,220,16250
1640,220,16250
1650,220,16250
1660,220,16250
1670,220,16250
1680,220,16250
1690,220,16250
1700,220,16250
1400,230,16250
1410,230,16250
1420,230,16250
1430,230,16250
1440,230,16250
1450,230,16250
1460,230,16250
1470,230,16250
1480,230,16250
1490,230,16250
1500,230,16250
1510,230,16250
1520,230,16250
1530,230,16250
1540,230,16250
1550,230,16250
1560,230,16250
1570,230,16250
1580,230,16250
1590,230,16250
1600,230,16250
1610,230,16250
1620,230,16250
1630,230,16250
1640,230,16250
1650,230,16250
1660,230,16250
1670,230,16250
1680,230,16250
1690,230,16250
1700,230,16250
1400,240,16250
1410,240,16250
1420,240,16250
1430,240,16250
1440,240,16250
1450,240,16250
1460,240,16250
1470,240,16250
1480,240,16250
1490,240,16250
1500,240,16250
1510,240,16250
1520,240,16250
1530,240,16250
1540,240,16250
1550,240,16250
1560,240,16250
1570,240,16250
1580,240,16250
1590,240,16250
1600,240,16250
1610,240,16250
1620,240,16250
1630,240,16250
1640,240,16250
1650,240,16250
1660,240,16250
1670,240,16250
1680,240,16250
1690,240,16250
1700,240,16250
1400,250,16250
1410,250,16250
1420,250,16250
1430,250,16250
1440,250,16250
1450,250,16250
1460,250,16250
1470,250,16250
1480,250,16250
1490,250,16250
1500,250,16250
1510,250,16250
1520,250,16250
1530,250,16250
1540,250,16250
1550,250,16250
1560,250,16250
1570,250,16250
1580,250,16250
1590,250,16250
1600,250,16250
1610,250,16250
1620,250,16250
1630,250,16250
1640,250,16250
1650,250,16250
1660,250,16250
1670,250,16250
1680,250,16250
1690,250,16250
1700,250,16250
1400,50,16500
1410,50,16500
1420,50,16500
1430,50,16500
1440,50,16500
1450,50,16500
1460,50,16500
1470,50,16500
1480,50,16500
1490,50,16500
1500,50,16500
1510,50,16500
1520,50,16500
1530,50,16500
1540,50,16500
1550,50,16500
1560,50,16500
1570,50,16500
1580,50,16500
1590,50,16500
1600,50,16500
1610,50,16500
1620,50,16500
1630,50,16500
1640,50,16500
1650,50,16500
1660,50,16500
1670,50,16500
1680,50,16500
1690,50,16500
1700,50,16500
1400,60,16500
1410,60,16500
1420,60,16500
1430,60,16500
1440,60,16500
1450,60,16500
1460,60,16500
1470,60,16500
1480,60,16500
1490,60,16500
1500,60,16500
1510,60,16500
1520,60,16500
1530,60,16500
1540,60,16500
1550,60,16500
1560,60,16500
1570,60,16500
1580,60,16500
1590,60,16500
1600,60,16500
1610,60,16500
1620,60,16500
1630,60,16500
1640,60,16500
1650,60,16500
1660,60,16500
1670,60,16500
1680,60,16500
1690,60,16500
1700,60,16500
1400,70,16500
1410,70,16500
1420,70,16500
1430,70,16500
1440,70,16500
1450,70,16500
1460,70,16500
1470,70,16500
1480,70,16500
1490,70,16500
1500,70,16500
1510,70,16500
1520,70,16500
1530,70,16500
1540,70,16500
1550,70,16500
1560,70,16500
1570,70,16500
1580,70,16500
1590,70,16500
1600,70,16500
1610,70,16500
1620,70,16500
1630,70,16500
1640,70,16500
1650,70,16500
1660,70,16500
1670,70,16500
1680,70,16500
1690,70,16500
1700,70,16500
1400,80,16500
1410,80,16500
1420,80,16500
1430,80,16500
1440,80,16500
1450,80,16500
1460,80,16500
1470,80,16500
1480,80,16500
1490,80,16500
1500,80,16500
1510,80,16500
1520,80,16500
1530,80,16500
1540,80,16500
1550,80,16500
1560,80,16500
1570,80,16500
1580,80,16500
1590,80,16500
1600,80,16500
1610,80,16500
1620,80,16500
1630,80,16500
1640,80,16500
1650,80,16500
1660,80,16500
1670,80,16500
1680,80,16500
1690,80,16500
1700,80,16500
1400,90,16500
1410,90,16500
1420,90,16500
1430,90,16500
1440,90,16500
1450,90,16500
1460,90,16500
1470,90,16500
1480,90,16500
1490,90,16500
1500,90,16500
1510,90,16500
1520,90,16500
1530,90,16500
1540,90,16500
1550,90,16500
1560,90,16500
1570,90,16500
1580,90,16500
1590,90,16500
1600,90,16500
1610,90,16500
1620,90,16500
1630,90,16500
1640,90,16500
1650,90,16500
1660,90,16500
1670,90,16500
1680,90,16500
1690,90,16500
1700,90,16500
1400,100,16500
1410,100,16500
1420,100,16500
1430,100,16500
1440,100,16500
1450,100,16500
1460,100,16500
1470,100,16500
1480,100,16500
1490,100,16500
1500,100,16500
1510,100,16500
1520,100,16500
1530,100,16500
1540,100,16500
1550,100,16500
1560,100,16500
1570,100,16500
1580,100,16500
1590,100,16500
1600,100,16500
1610,100,16500
1620,100,16500
1630,100,16500
1640,100,16500
1650,100,16500
1660,100,16500
1670,100,16500
1680,100,16500
1690,100,16500
1700,100,16500
1400,110,16500
1410,110,16500
1420,110,16500
1430,110,16500
1440,110,16500
1450,110,16500
1460,110,16500
1470,110,16500
1480,110,16500
1490,110,16500
1500,110,16500
1510,110,16500
1520,110,16500
1530,110,16500
1540,110,16500
1550,110,16500
1560,110,16500
1570,110,16500
1580,110,16500
1590,110,16500
1600,110,16500
1610,110,16500
1620,110,16500
1630,110,16500
1640,110,16500
1650,110,16500
1660,110,16500
1670,110,16500
1680,110,16500
1690,110,16500
1700,110,16500
1400,120,16500
1410,120,16500
1420,120,16500
1430,120,16500
1440,120,16500
1450,120,16500
1460,120,16500
1470,120,16500
1480,120,16500
1490,120,16500
1500,120,16500
1510,120,16500
1520,120,16500
1530,120,16500
1540,120,16500
1550,120,16500
1560,120,16500
1570,120,16500
1580,120,16500
1590,120,16500
1600,120,16500
1610,120,16500
1620,120,16500
1630,120,16500
1640,120,16500
1650,120,16500
1660,120,16500
1670,120,16500
1680,120,16500
1690,120,16500
1700,120,16500
1400,130,16500
1410,130,16500
1420,130,16500
1430,130,16500
1440,130,16500
1450,130,16500
1460,130,16500
1470,130,16500
1480,130,16500
1490,130,16500
1500,130,16500
1510,130,16500
1520,130,16500
1530,130,16500
1540,130,16500
1550,130,16500
1560,130,16500
1570,130,16500
1580,130,16500
1590,130,16500
1600,130,16500
1610,130,16500
1620,130,16500
1630,130,16500
1640,130,16500
1650,130,16500
1660,130,16500
1670,130,16500
1680,130,16500
1690,130,16500
1700,130,16500
1400,140,16500
1410,140,16500
1420,140,16500
1430,140,16500
1440,140,16500
1450,140,16500
1460,140,16500
1470,140,16500
1480,140,16500
1490,140,16500
1500,140,16500
1510,140,16500
1520,140,16500
1530,140,16500
1540,140,16500
1550,140,16500
1560,140,16500
1570,140,16500
1580,140,16500
1590,140,16500
1600,140,16500
1610,140,16500
1620,140,16500
1630,140,16500
1640,140,16500
1650,140,16500
1660,140,16500
1670,140,16500
1680,140,16500
1690,140,16500
1700,140,16500
1400,150,16500
1410,150,16500
1420,150,16500
1430,150,16500
1440,150,16500
1450,150,16500
1460,150,16500
1470,150,16500
1480,150,16500
1490,150,16500
1500,150,16500
1510,150,16500
1520,150,16500
1530,150,16500
1540,150,16500
1550,150,16500
1560,150,16500
1570,150,16500
1580,150,16500
1590,150,16500
1600,150,16500
1610,150,16500
1620,150,16500
1630,150,16500
1640,150,16500
1650,150,16500
1660,150,16500
1670,150,16500
1680,150,16500
1690,150,16500
1700,150,16500
1400,160,16500
1410,160,16500
1420,160,16500
1430,160,16500
1440,160,16500
1450,160,16500
1460,160,16500
1470,160,16500
1480,160,16500
1490,160,16500
1500,160,16500
1510,160,16500
1520,160,16500
1530,160,16500
1540,160,16500
1550,160,16500
1560,160,16500
1570,160,16500
1580,160,16500
1590,160,16500
1600,160,16500
1610,160,16500
1620,160,16500
1630,160,16500
1640,160,16500
1650,160,16500
1660,160,16500
1670,160,16500
1680,160,16500
1690,160,16500
1700,160,16500
1400,170,16500
1410,170,16500
1420,170,16500
1430,170,16500
1440,170,16500
1450,170,16500
1460,170,16500
1470,170,16500
1480,170,16500
1490,170,16500
1500,170,16500
1510,170,16500
1520,170,16500
1530,170,16500
1540,170,16500
1550,170,16500
1560,170,16500
1570,170,16500
1580,170,16500
1590,170,16500
1600,170,16500
1610,170,16500
1620,170,16500
1630,170,16500
1640,170,16500
1650,170,16500
1660,170,16500
1670,170,16500
1680,170,16500
1690,170,16500
1700,170,16500
1400,180,16500
1410,180,16500
1420,180,16500
1430,180,16500
1440,180,16500
1450,180,16500
1460,180,16500
1470,180,16500
1480,180,16500
1490,180,16500
1500,180,16500
1510,180,16500
1520,180,16500
1530,180,16500
1540,180,16500
1550,180,16500
1560,180,16500
1570,180,16500
1580,180,16500
1590,180,16500
1600,180,16500
1610,180,16500
1620,180,16500
1630,180,16500
1640,180,16500
1650,180,16500
1660,180,16500
1670,180,16500
1680,180,16500
1690,180,16500
1700,180,16500
1400,190,16500
1410,190,16500
1420,190,16500
1430,190,16500
1440,190,16500
1450,190,16500
1460,190,16500
1470,190,16500
1480,190,16500
1490,190,16500
1500,190,16500
1510,190,16500
1520,190,16500
1530,190,16500
1540,190,16500
1550,190,16500
1560,190,16500
1570,190,16500
1580,190,16500
1590,190,16500
1600,190,16500
1610,190,16500
1620,190,16500
1630,190,16500
1640,190,16500
1650,190,16500
1660,190,16500
1670,190,16500
1680,190,16500
1690,190,16500
1700,190,16500
1400,200,16500
1410,200,16500
1420,200,16500
1430,200,16500
1440,200,16500
1450,200,16500
1460,200,16500
1470,200,16500
1480,200,16500
1490,200,16500
1500,200,16500
1510,200,16500
1520,200,16500
1530,200,16500
1540,200,16500
1550,200,16500
1560,200,16500
1570,200,16500
1580,200,16500
1590,200,16500
1600,200,16500
1610,200,16500
1620,200,16500
1630,200,16500
1640,200,16500
1650,200,16500
1660,200,16500
1670,200,16500
1680,200,16500
1690,200,16500
1700,200,16500
1400,210,16500
1410,210,16500
1420,210,16500
1430,210,16500
1440,210,16500
1450,210,16500
1460,210,16500
1470,210,16500
1480,210,16500
1490,210,16500
1500,210,16500
1510,210,16500
1520,210,16500
1530,210,16500
1540,210,16500
1550,210,16500
1560,210,16500
1570,210,16500
1580,210,16500
1590,210,16500
1600,210,16500
1610,210,16500
1620,210,16500
1630,210,16500
1640,210,16500
1650,210,16500
1660,210,16500
1670,210,16500
1680,210,16500
1690,210,16500
1700,210,16500
1400,220,16500
1410,220,16500
1420,220,16500
1430,220,16500
1440,220,16500
1450,220,16500
1460,220,16500
1470,220,16500
1480,220,16500
1490,220,16500
1500,220,16500
1510,220,16500
1520,220,16500
1530,220,16500
1540,220,16500
1550,220,16500
1560,220,16500
1570,220,16500
1580,220,16500
1590,220,16500
1600,220,16500
1610,220,16500
1620,220,16500
1630,220,16500
1640,220,16500
1650,220,16500
1660,220,16500
1670,220,16500
1680,220,16500
1690,220,16500
1700,220,16500
1400,230,16500
1410,230,16500
1420,230,16500
1430,230,16500
1440,230,16500
1450,230,16500
1460,230,16500
1470,230,16500
1480,230,16500
1490,230,16500
1500,230,16500
1510,230,16500
1520,230,16500
1530,230,16500
1540,230,16500
1550,230,16500
1560,230,16500
1570,230,16500
1580,230,16500
1590,230,16500
1600,230,16500
1610,230,16500
1620,230,16500
1630,230,16500
1640,230,16500
1650,230,16500
1660,230,16500
1670,230,16500
1680,230,16500
1690,230,16500
1700,230,16500
1400,240,16500
1410,240,16500
1420,240,16500
1430,240,16500
1440,240,16500
1450,240,16500
1460,240,16500
1470,240,16500
1480,240,16500
1490,240,16500
1500,240,16500
1510,240,16500
1520,240,16500
1530,240,16500
1540,240,16500
1550,240,16500
1560,240,16500
1570,240,16500
1580,240,16500
1590,240,16500
1600,240,16500
1610,240,16500
1620,240,16500
1630,240,16500
1640,240,16500
1650,240,16500
1660,240,16500
1670,240,16500
1680,240,16500
1690,240,16500
1700,240,16500
1400,250,16500
1410,250,16500
1420,250,16500
1430,250,16500
1440,250,16500
1450,250,16500
1460,250,16500
1470,250,16500
1480,250,16500
1490,250,16500
1500,250,16500
1510,250,16500
1520,250,16500
1530,250,16500
1540,250,16500
1550,250,16500
1560,250,16500
1570,250,16500
1580,250,16500
1590,250,16500
1600,250,16500
1610,250,16500
1620,250,16500
1630,250,16500
1640,250,16500
1650,250,16500
1660,250,16500
1670,250,16500
1680,250,16500
1690,250,16500
1700,250,16500
1400,50,16750
1410,50,16750
1420,50,16750
1430,50,16750
1440,50,16750
1450,50,16750
1460,50,16750
1470,50,16750
1480,50,16750
1490,50,16750
1500,50,16750
1510,50,16750
1520,50,16750
1530,50,16750
1540,50,16750
1550,50,16750
1560,50,16750
1570,50,16750
1580,50,16750
1590,50,16750
1600,50,16750
1610,50,16750
1620,50,16750
1630,50,16750
1640,50,16750
1650,50,16750
1660,50,16750
1670,50,16750
1680,50,16750
1690,50,16750
1700,50,16750
1400,60,16750
1410,60,16750
1420,60,16750
1430,60,16750
1440,60,16750
1450,60,16750
1460,60,16750
1470,60,16750
1480,60,16750
1490,60,16750
1500,60,16750
1510,60,16750
1520,60,16750
1530,60,16750
1540,60,16750
1550,60,16750
1560,60,16750
1570,60,16750
1580,60,16750
1590,60,16750
1600,60,16750
1610,60,16750
1620,60,16750
1630,60,16750
1640,60,16750
1650,60,16750
1660,60,16750
1670,60,16750
1680,60,16750
1690,60,16750
1700,60,16750
1400,70,16750
1410,70,16750
1420,70,16750
1430,70,16750
1440,70,16750
1450,70,16750
1460,70,16750
1470,70,16750
1480,70,16750
1490,70,16750
1500,70,16750
1510,70,16750
1520,70,16750
1530,70,16750
1540,70,16750
1550,70,16750
1560,70,16750
1570,70,16750
1580,70,16750
1590,70,16750
1600,70,16750
1610,70,16750
1620,70,16750
1630,70,16750
1640,70,16750
1650,70,16750
1660,70,16750
1670,70,16750
1680,70,16750
1690,70,16750
1700,70,16750
1400,80,16750
1410,80,16750
1420,80,16750
1430,80,16750
1440,80,16750
1450,80,16750
1460,80,16750
1470,80,16750
1480,80,16750
1490,80,16750
1500,80,16750
1510,80,16750
1520,80,16750
1530,80,16750
1540,80,16750
1550,80,16750
1560,80,16750
1570,80,16750
1580,80,16750
1590,80,16750
1600,80,16750
1610,80,16750
1620,80,16750
1630,80,16750
1640,80,16750
1650,80,16750
1660,80,16750
1670,80,16750
1680,80,16750
1690,80,16750
1700,80,16750
1400,90,16750
1410,90,16750
1420,90,16750
1430,90,16750
1440,90,16750
1450,90,16750
1460,90,16750
1470,90,16750
1480,90,16750
1490,90,16750
1500,90,16750
1510,90,16750
1520,90,16750
1530,90,16750
1540,90,16750
1550,90,16750
1560,90,16750
1570,90,16750
1580,90,16750
1590,90,16750
1600,90,16750
1610,90,16750
1620,90,16750
1630,90,16750
1640,90,16750
1650,90,16750
1660,90,16750
1670,90,16750
1680,90,16750
1690,90,16750
1700,90,16750
1400,100,16750
1410,100,16750
1420,100,16750
1430,100,16750
1440,100,16750
1450,100,16750
1460,100,16750
1470,100,16750
1480,100,16750
1490,100,16750
1500,100,16750
1510,100,16750
1520,100,16750
1530,100,16750
1540,100,16750
1550,100,16750
1560,100,16750
1570,100,16750
1580,100,16750
1590,100,16750
1600,100,16750
1610,100,16750
1620,100,16750
1630,100,16750
1640,100,16750
1650,100,16750
1660,100,16750
1670,100,16750
1680,100,16750
1690,100,16750
1700,100,16750
1400,110,16750
1410,110,16750
1420,110,16750
1430,110,16750
1440,110,16750
1450,110,16750
1460,110,16750
1470,110,16750
1480,110,16750
1490,110,16750
1500,110,16750
1510,110,16750
1520,110,16750
1530,110,16750
1540,110,16750
1550,110,16750
1560,110,16750
1570,110,16750
1580,110,16750
1590,110,16750
1600,110,16750
1610,110,16750
1620,110,16750
1630,110,16750
1640,110,16750
1650,110,16750
1660,110,16750
1670,110,16750
1680,110,16750
1690,110,16750
1700,110,16750
1400,120,16750
1410,120,16750
1420,120,16750
1430,120,16750
1440,120,16750
1450,120,16750
1460,120,16750
1470,120,16750
1480,120,16750
1490,120,16750
1500,120,16750
1510,120,16750
1520,120,16750
1530,120,16750
1540,120,16750
1550,120,16750
1560,120,16750
1570,120,16750
1580,120,16750
1590,120,16750
1600,120,16750
1610,120,16750
1620,120,16750
1630,120,16750
1640,120,16750
1650,120,16750
1660,120,16750
1670,120,16750
1680,120,16750
1690,120,16750
1700,120,16750
1400,130,16750
1410,130,16750
1420,130,16750
1430,130,16750
1440,130,16750
1450,130,16750
1460,130,16750
1470,130,16750
1480,130,16750
1490,130,16750
1500,130,16750
1510,130,16750
1520,130,16750
1530,130,16750
1540,130,16750
1550,130,16750
1560,130,16750
1570,130,16750
1580,130,16750
1590,130,16750
1600,130,16750
1610,130,16750
1620,130,16750
1630,130,16750
1640,130,16750
1650,130,16750
1660,130,16750
1670,130,16750
1680,130,16750
1690,130,16750
1700,130,16750
1400,140,16750
1410,140,16750
1420,140,16750
1430,140,16750
1440,140,16750
1450,140,16750
1460,140,16750
1470,140,16750
1480,140,16750
1490,140,16750
1500,140,16750
1510,140,16750
1520,140,16750
1530,140,16750
1540,140,16750
1550,140,16750
1560,140,16750
1570,140,16750
1580,140,16750
1590,140,16750
1600,140,16750
1610,140,16750
1620,140,16750
1630,140,16750
1640,140,16750
1650,140,16750
1660,140,16750
1670,140,16750
1680,140,16750
1690,140,16750
1700,140,16750
1400,150,16750
1410,150,16750
1420,150,16750
1430,150,16750
1440,150,16750
1450,150,16750
1460,150,16750
1470,150,16750
1480,150,16750
1490,150,16750
1500,150,16750
1510,150,16750
1520,150,16750
1530,150,16750
1540,150,16750
1550,150,16750
1560,150,16750
1570,150,16750
1580,150,16750
1590,150,16750
1600,150,16750
1610,150,16750
1620,150,16750
1630,150,16750
1640,150,16750
1650,150,16750
1660,150,16750
1670,150,16750
1680,150,16750
1690,150,16750
1700,150,16750
1400,160,16750
1410,160,16750
1420,160,16750
1430,160,16750
1440,160,16750
1450,160,16750
1460,160,16750
1470,160,16750
1480,160,16750
1490,160,16750
1500,160,16750
1510,160,16750
1520,160,16750
1530,160,16750
1540,160,16750
1550,160,16750
1560,160,16750
1570,160,16750
1580,160,16750
1590,160,16750
1600,160,16750
1610,160,16750
1620,160,16750
1630,160,16750
1640,160,16750
1650,160,16750
1660,160,16750
1670,160,16750
1680,160,16750
1690,160,16750
1700,160,16750
1400,170,16750
1410,170,16750
1420,170,16750
1430,170,16750
1440,170,16750
1450,170,16750
1460,170,16750
1470,170,16750
1480,170,16750
1490,170,16750
1500,170,16750
1510,170,16750
1520,170,16750
1530,170,16750
1540,170,16750
1550,170,16750
1560,170,16750
1570,170,16750
1580,170,16750
1590,170,16750
1600,170,16750
1610,170,16750
1620,170,16750
1630,170,16750
1640,170,16750
1650,170,16750
1660,170,16750
1670,170,16750
1680,170,16750
1690,170,16750
1700,170,16750
1400,180,16750
1410,180,16750
1420,180,16750
1430,180,16750
1440,180,16750
1450,180,16750
1460,180,16750
1470,180,16750
1480,180,16750
1490,180,16750
1500,180,16750
1510,180,16750
1520,180,16750
1530,180,16750
1540,180,16750
1550,180,16750
1560,180,16750
1570,180,16750
1580,180,16750
1590,180,16750
1600,180,16750
1610,180,16750
1620,180,16750
1630,180,16750
1640,180,16750
1650,180,16750
1660,180,16750
1670,180,16750
1680,180,16750
1690,180,16750
1700,180,16750
1400,190,16750
1410,190,16750
1420,190,16750
1430,190,16750
1440,190,16750
1450,190,16750
1460,190,16750
1470,190,16750
1480,190,16750
1490,190,16750
1500,190,16750
1510,190,16750
1520,190,16750
1530,190,16750
1540,190,16750
1550,190,16750
1560,190,16750
1570,190,16750
1580,190,16750
1590,190,16750
1600,190,16750
1610,190,16750
1620,190,16750
1630,190,16750
1640,190,16750
1650,190,16750
1660,190,16750
1670,190,16750
1680,190,16750
1690,190,16750
1700,190,16750
1400,200,16750
1410,200,16750
1420,200,16750
1430,200,16750
1440,200,16750
1450,200,16750
1460,200,16750
1470,200,16750
1480,200,16750
1490,200,16750
1500,200,16750
1510,200,16750
1520,200,16750
1530,200,16750
1540,200,16750
1550,200,16750
1560,200,16750
1570,200,16750
1580,200,16750
1590,200,16750
1600,200,16750
1610,200,16750
1620,200,16750
1630,200,16750
1640,200,16750
1650,200,16750
1660,200,16750
1670,200,16750
1680,200,16750
1690,200,16750
1700,200,16750
1400,210,16750
1410,210,16750
1420,210,16750
1430,210,16750
1440,210,16750
1450,210,16750
1460,210,16750
1470,210,16750
1480,210,16750
1490,210,16750
1500,210,16750
1510,210,16750
1520,210,16750
1530,210,16750
1540,210,16750
1550,210,16750
1560,210,16750
1570,210,16750
1580,210,16750
1590,210,16750
1600,210,16750
1610,210,16750
1620,210,16750
1630,210,16750
1640,210,16750
1650,210,16750
1660,210,16750
1670,210,16750
1680,210,16750
1690,210,16750
1700,210,16750
1400,220,16750
1410,220,16750
1420,220,16750
1430,220,16750
1440,220,16750
1450,220,16750
1460,220,16750
1470,220,16750
1480,220,16750
1490,220,16750
1500,220,16750
1510,220,16750
1520,220,16750
1530,220,16750
1540,220,16750
1550,220,16750
1560,220,16750
1570,220,16750
1580,220,16750
1590,220,16750
1600,220,16750
1610,220,16750
1620,220,16750
1630,220,16750
1640,220,16750
1650,220,16750
1660,220,16750
1670,220,16750
1680,220,16750
1690,220,16750
1700,220,16750
1400,230,16750
1410,230,16750
1420,230,16750
1430,230,16750
1440,230,16750
1450,230,16750
1460,230,16750
1470,230,16750
1480,230,16750
1490,230,16750
1500,230,16750
1510,230,16750
1520,230,16750
1530,230,16750
1540,230,16750
1550,230,16750
1560,230,16750
1570,230,16750
1580,230,16750
1590,230,16750
1600,230,16750
1610,230,16750
1620,230,16750
1630,230,16750
1640,230,16750
1650,230,16750
1660,230,16750
1670,230,16750
1680,230,16750
1690,230,16750
1700,230,16750
1400,240,16750
1410,240,16750
1420,240,16750
1430,240,16750
1440,240,16750
1450,240,16750
1460,240,16750
1470,240,16750
1480,240,16750
1490,240,16750
1500,240,16750
1510,240,16750
1520,240,16750
1530,240,16750
1540,240,16750
1550,240,16750
1560,240,16750
1570,240,16750
1580,240,16750
1590,240,16750
1600,240,16750
1610,240,16750
1620,240,16750
1630,240,16750
1640,240,16750
1650,240,16750
1660,240,16750
1670,240,16750
1680,240,16750
1690,240,16750
1700,240,16750
1400,250,16750
1410,250,16750
1420,250,16750
1430,250,16750
1440,250,16750
1450,250,16750
1460,250,16750
1470,250,16750
1480,250,16750
1490,250,16750
1500,250,16750
1510,250,16750
1520,250,16750
1530,250,16750
1540,250,16750
1550,250,16750
1560,250,16750
1570,250,16750
1580,250,16750
1590,250,16750
1600,250,16750
1610,250,16750
1620,250,16750
1630,250,16750
1640,250,16750
1650,250,16750
1660,250,16750
1670,250,16750
1680,250,16750
1690,250,16750
1700,250,16750
1400,50,17000
1410,50,17000
1420,50,17000
1430,50,17000
1440,50,17000
1450,50,17000
1460,50,17000
1470,50,17000
1480,50,17000
1490,50,17000
1500,50,17000
1510,50,17000
1520,50,17000
1530,50,17000
1540,50,17000
1550,50,17000
1560,50,17000
1570,50,17000
1580,50,17000
1590,50,17000
1600,50,17000
1610,50,17000
1620,50,17000
1630,50,17000
1640,50,17000
1650,50,17000
1660,50,17000
1670,50,17000
1680,50,17000
1690,50,17000
1700,50,17000
1400,60,17000
1410,60,17000
1420,60,17000
1430,60,17000
1440,60,17000
1450,60,17000
1460,60,17000
1470,60,17000
1480,60,17000
1490,60,17000
1500,60,17000
1510,60,17000
1520,60,17000
1530,60,17000
1540,60,17000
1550,60,17000
1560,60,17000
1570,60,17000
1580,60,17000
1590,60,17000
1600,60,17000
1610,60,17000
1620,60,17000
1630,60,17000
1640,60,17000
1650,60,17000
1660,60,17000
1670,60,17000
1680,60,17000
1690,60,17000
1700,60,17000
1400,70,17000
1410,70,17000
1420,70,17000
1430,70,17000
1440,70,17000
1450,70,17000
1460,70,17000
1470,70,17000
1480,70,17000
1490,70,17000
1500,70,17000
1510,70,17000
1520,70,17000
1530,70,17000
1540,70,17000
1550,70,17000
1560,70,17000
1570,70,17000
1580,70,17000
1590,70,17000
1600,70,17000
1610,70,17000
1620,70,17000
1630,70,17000
1640,70,17000
1650,70,17000
1660,70,17000
1670,70,17000
1680,70,17000
1690,70,17000
1700,70,17000
1400,80,17000
1410,80,17000
1420,80,17000
1430,80,17000
1440,80,17000
1450,80,17000
1460,80,17000
1470,80,17000
1480,80,17000
1490,80,17000
1500,80,17000
1510,80,17000
1520,80,17000
1530,80,17000
1540,80,17000
1550,80,17000
1560,80,17000
1570,80,17000
1580,80,17000
1590,80,17000
1600,80,17000
1610,80,17000
1620,80,17000
1630,80,17000
1640,80,17000
1650,80,17000
1660,80,17000
1670,80,17000
1680,80,17000
1690,80,17000
1700,80,17000
1400,90,17000
1410,90,17000
1420,90,17000
1430,90,17000
1440,90,17000
1450,90,17000
1460,90,17000
1470,90,17000
1480,90,17000
1490,90,17000
1500,90,17000
1510,90,17000
1520,90,17000
1530,90,17000
1540,90,17000
1550,90,17000
1560,90,17000
1570,90,17000
1580,90,17000
1590,90,17000
1600,90,17000
1610,90,17000
1620,90,17000
1630,90,17000
1640,90,17000
1650,90,17000
1660,90,17000
1670,90,17000
1680,90,17000
1690,90,17000
1700,90,17000
1400,100,17000
1410,100,17000
1420,100,17000
1430,100,17000
1440,100,17000
1450,100,17000
1460,100,17000
1470,100,17000
1480,100,17000
1490,100,17000
1500,100,17000
1510,100,17000
1520,100,17000
1530,100,17000
1540,100,17000
1550,100,17000
1560,100,17000
1570,100,17000
1580,100,17000
1590,100,17000
1600,100,17000
1610,100,17000
1620,100,17000
1630,100,17000
1640,100,17000
1650,100,17000
1660,100,17000
1670,100,17000
1680,100,17000
1690,100,17000
1700,100,17000
1400,110,17000
1410,110,17000
1420,110,17000
1430,110,17000
1440,110,17000
1450,110,17000
1460,110,17000
1470,110,17000
1480,110,17000
1490,110,17000
1500,110,17000
1510,110,17000
1520,110,17000
1530,110,17000
1540,110,17000
1550,110,17000
1560,110,17000
1570,110,17000
1580,110,17000
1590,110,17000
1600,110,17000
1610,110,17000
1620,110,17000
1630,110,17000
1640,110,17000
1650,110,17000
1660,110,17000
1670,110,17000
1680,110,17000
1690,110,17000
1700,110,17000
1400,120,17000
1410,120,17000
1420,120,17000
1430,120,17000
1440,120,17000
1450,120,17000
1460,120,17000
1470,120,17000
1480,120,17000
1490,120,17000
1500,120,17000
1510,120,17000
1520,120,17000
1530,120,17000
1540,120,17000
1550,120,17000
1560,120,17000
1570,120,17000
1580,120,17000
1590,120,17000
1600,120,17000
1610,120,17000
1620,120,17000
1630,120,17000
1640,120,17000
1650,120,17000
1660,120,17000
1670,120,17000
1680,120,17000
1690,120,17000
1700,120,17000
1400,130,17000
1410,130,17000
1420,130,17000
1430,130,17000
1440,130,17000
1450,130,17000
1460,130,17000
1470,130,17000
1480,130,17000
1490,130,17000
1500,130,17000
1510,130,17000
1520,130,17000
1530,130,17000
1540,130,17000
1550,130,17000
1560,130,17000
1570,130,17000
1580,130,17000
1590,130,17000
1600,130,17000
1610,130,17000
1620,130,17000
1630,130,17000
1640,130,17000
1650,130,17000
1660,130,17000
1670,130,17000
1680,130,17000
1690,130,17000
1700,130,17000
1400,140,17000
1410,140,17000
1420,140,17000
1430,140,17000
1440,140,17000
1450,140,17000
1460,140,17000
1470,140,17000
1480,140,17000
1490,140,17000
1500,140,17000
1510,140,17000
1520,140,17000
1530,140,17000
1540,140,17000
1550,140,17000
1560,140,17000
1570,140,17000
1580,140,17000
1590,140,17000
1600,140,17000
1610,140,17000
1620,140,17000
1630,140,17000
1640,140,17000
1650,140,17000
1660,140,17000
1670,140,17000
1680,140,17000
1690,140,17000
1700,140,17000
1400,150,17000
1410,150,17000
1420,150,17000
1430,150,17000
1440,150,17000
1450,150,17000
1460,150,17000
1470,150,17000
1480,150,17000
1490,150,17000
1500,150,17000
1510,150,17000
1520,150,17000
1530,150,17000
1540,150,17000
1550,150,17000
1560,150,17000
1570,150,17000
1580,150,17000
1590,150,17000
1600,150,17000
1610,150,17000
1620,150,17000
1630,150,17000
1640,150,17000
1650,150,17000
1660,150,17000
1670,150,17000
1680,150,17000
1690,150,17000
1700,150,17000
1400,160,17000
1410,160,17000
1420,160,17000
1430,160,17000
1440,160,17000
1450,160,17000
1460,160,17000
1470,160,17000
1480,160,17000
1490,160,17000
1500,160,17000
1510,160,17000
1520,160,17000
1530,160,17000
1540,160,17000
1550,160,17000
1560,160,17000
1570,160,17000
1580,160,17000
1590,160,17000
1600,160,17000
1610,160,17000
1620,160,17000
1630,160,17000
1640,160,17000
1650,160,17000
1660,160,17000
1670,160,17000
1680,160,17000
1690,160,17000
1700,160,17000
1400,170,17000
1410,170,17000
1420,170,17000
1430,170,17000
1440,170,17000
1450,170,17000
1460,170,17000
1470,170,17000
1480,170,17000
1490,170,17000
1500,170,17000
1510,170,17000
1520,170,17000
1530,170,17000
1540,170,17000
1550,170,17000
1560,170,17000
1570,170,17000
1580,170,17000
1590,170,17000
1600,170,17000
1610,170,17000
1620,170,17000
1630,170,17000
1640,170,17000
1650,170,17000
1660,170,17000
1670,170,17000
1680,170,17000
1690,170,17000
1700,170,17000
1400,180,17000
1410,180,17000
1420,180,17000
1430,180,17000
1440,180,17000
1450,180,17000
1460,180,17000
1470,180,17000
1480,180,17000
1490,180,17000
1500,180,17000
1510,180,17000
1520,180,17000
1530,180,17000
1540,180,17000
1550,180,17000
1560,180,17000
1570,180,17000
1580,180,17000
1590,180,17000
1600,180,17000
1610,180,17000
1620,180,17000
1630,180,17000
1640,180,17000
1650,180,17000
1660,180,17000
1670,180,17000
1680,180,17000
1690,180,17000
1700,180,17000
1400,190,17000
1410,190,17000
1420,190,17000
1430,190,17000
1440,190,17000
1450,190,17000
1460,190,17000
1470,190,17000
1480,190,17000
1490,190,17000
1500,190,17000
1510,190,17000
1520,190,17000
1530,190,17000
1540,190,17000
1550,190,17000
1560,190,17000
1570,190,17000
1580,190,17000
1590,190,17000
1600,190,17000
1610,190,17000
1620,190,17000
1630,190,17000
1640,190,17000
1650,190,17000
1660,190,17000
1670,190,17000
1680,190,17000
1690,190,17000
1700,190,17000
1400,200,17000
1410,200,17000
1420,200,17000
1430,200,17000
1440,200,17000
1450,200,17000
1460,200,17000
1470,200,17000
1480,200,17000
1490,200,17000
1500,200,17000
1510,200,17000
1520,200,17000
1530,200,17000
1540,200,17000
1550,200,17000
1560,200,17000
1570,200,17000
1580,200,17000
1590,200,17000
1600,200,17000
1610,200,17000
1620,200,17000
1630,200,17000
1640,200,17000
1650,200,17000
1660,200,17000
1670,200,17000
1680,200,17000
1690,200,17000
1700,200,17000
1400,210,17000
1410,210,17000
1420,210,17000
1430,210,17000
1440,210,17000
1450,210,17000
1460,210,17000
1470,210,17000
1480,210,17000
1490,210,17000
1500,210,17000
1510,210,17000
1520,210,17000
1530,210,17000
1540,210,17000
1550,210,17000
1560,210,17000
1570,210,17000
1580,210,17000
1590,210,17000
1600,210,17000
1610,210,17000
1620,210,17000
1630,210,17000
1640,210,17000
1650,210,17000
1660,210,17000
1670,210,17000
1680,210,17000
1690,210,17000
1700,210,17000
1400,220,17000
1410,220,17000
1420,220,17000
1430,220,17000
1440,220,17000
1450,220,17000
1460,220,17000
1470,220,17000
1480,220,17000
1490,220,17000
1500,220,17000
1510,220,17000
1520,220,17000
1530,220,17000
1540,220,17000
1550,220,17000
1560,220,17000
1570,220,17000
1580,220,17000
1590,220,17000
1600,220,17000
1610,220,17000
1620,220,17000
1630,220,17000
1640,220,17000
1650,220,17000
1660,220,17000
1670,220,17000
1680,220,17000
1690,220,17000
1700,220,17000
1400,230,17000
1410,230,17000
1420,230,17000
1430,230,17000
1440,230,17000
1450,230,17000
1460,230,17000
1470,230,17000
1480,230,17000
1490,230,17000
1500,230,17000
1510,230,17000
1520,230,17000
1530,230,17000
1540,230,17000
1550,230,17000
1560,230,17000
1570,230,17000
1580,230,17000
1590,230,17000
1600,230,17000
1610,230,17000
1620,230,17000
1630,230,17000
1640,230,17000
1650,230,17000
1660,230,17000
1670,230,17000
1680,230,17000
1690,230,17000
1700,230,17000
1400,240,17000
1410,240,17000
1420,240,17000
1430,240,17000
1440,240,17000
1450,240,17000
1460,240,17000
1470,240,17000
1480,240,17000
1490,240,17000
1500,240,17000
1510,240,17000
1520,240,17000
1530,240,17000
1540,240,17000
1550,240,17000
1560,240,17000
1570,240,17000
1580,240,17000
1590,240,17000
1600,240,17000
1610,240,17000
1620,240,17000
1630,240,17000
1640,240,17000
1650,240,17000
1660,240,17000
1670,240,17000
1680,240,17000
1690,240,17000
1700,240,17000
1400,250,17000
1410,250,17000
1420,250,17000
1430,250,17000
1440,250,17000
1450,250,17000
1460,250,17000
1470,250,17000
1480,250,17000
1490,250,17000
1500,250,17000
1510,250,17000
1520,250,17000
1530,250,17000
1540,250,17000
1550,250,17000
1560,250,17000
1570,250,17000
1580,250,17000
1590,250,17000
1600,250,17000
1610,250,17000
1620,250,17000
1630,250,17000
1640,250,17000
1650,250,17000
1660,250,17000
1670,250,17000
1680,250,17000
1690,250,17000
1700,250,17000
1400,50,17250
1410,50,17250
1420,50,17250
1430,50,17250
1440,50,17250
1450,50,17250
1460,50,17250
1470,50,17250
1480,50,17250
1490,50,17250
1500,50,17250
1510,50,17250
1520,50,17250
1530,50,17250
1540,50,17250
1550,50,17250
1560,50,17250
1570,50,17250
1580,50,17250
1590,50,17250
1600,50,17250
1610,50,17250
1620,50,17250
1630,50,17250
1640,50,17250
1650,50,17250
1660,50,17250
1670,50,17250
1680,50,17250
1690,50,17250
1700,50,17250
1400,60,17250
1410,60,17250
1420,60,17250
1430,60,17250
1440,60,17250
1450,60,17250
1460,60,17250
1470,60,17250
1480,60,17250
1490,60,17250
1500,60,17250
1510,60,17250
1520,60,17250
1530,60,17250
1540,60,17250
1550,60,17250
1560,60,17250
1570,60,17250
1580,60,17250
1590,60,17250
1600,60,17250
1610,60,17250
1620,60,17250
1630,60,17250
1640,60,17250
1650,60,17250
1660,60,17250
1670,60,17250
1680,60,17250
1690,60,17250
1700,60,17250
1400,70,17250
1410,70,17250
1420,70,17250
1430,70,17250
1440,70,17250
1450,70,17250
1460,70,17250
1470,70,17250
1480,70,17250
1490,70,17250
1500,70,17250
1510,70,17250
1520,70,17250
1530,70,17250
1540,70,17250
1550,70,17250
1560,70,17250
1570,70,17250
1580,70,17250
1590,70,17250
1600,70,17250
1610,70,17250
1620,70,17250
1630,70,17250
1640,70,17250
1650,70,17250
1660,70,17250
1670,70,17250
1680,70,17250
1690,70,17250
1700,70,17250
1400,80,17250
1410,80,17250
1420,80,17250
1430,80,17250
1440,80,17250
1450,80,17250
1460,80,17250
1470,80,17250
1480,80,17250
1490,80,17250
1500,80,17250
1510,80,17250
1520,80,17250
1530,80,17250
1540,80,17250
1550,80,17250
1560,80,17250
1570,80,17250
1580,80,17250
1590,80,17250
1600,80,17250
1610,80,17250
1620,80,17250
1630,80,17250
1640,80,17250
1650,80,17250
1660,80,17250
1670,80,17250
1680,80,17250
1690,80,17250
1700,80,17250
1400,90,17250
1410,90,17250
1420,90,17250
1430,90,17250
1440,90,17250
1450,90,17250
1460,90,17250
1470,90,17250
1480,90,17250
1490,90,17250
1500,90,17250
1510,90,17250
1520,90,17250
1530,90,17250
1540,90,17250
1550,90,17250
1560,90,17250
1570,90,17250
1580,90,17250
1590,90,17250
1600,90,17250
1610,90,17250
1620,90,17250
1630,90,17250
1640,90,17250
1650,90,17250
1660,90,17250
1670,90,17250
1680,90,17250
1690,90,17250
1700,90,17250
1400,100,17250
1410,100,17250
1420,100,17250
1430,100,17250
1440,100,17250
1450,100,17250
1460,100,17250
1470,100,17250
1480,100,17250
1490,100,17250
1500,100,17250
1510,100,17250
1520,100,17250
1530,100,17250
1540,100,17250
1550,100,17250
1560,100,17250
1570,100,17250
1580,100,17250
1590,100,17250
1600,100,17250
1610,100,17250
1620,100,17250
1630,100,17250
1640,100,17250
1650,100,17250
1660,100,17250
1670,100,17250
1680,100,17250
1690,100,17250
1700,100,17250
1400,110,17250
1410,110,17250
1420,110,17250
1430,110,17250
1440,110,17250
1450,110,17250
1460,110,17250
1470,110,17250
1480,110,17250
1490,110,17250
1500,110,17250
1510,110,17250
1520,110,17250
1530,110,17250
1540,110,17250
1550,110,17250
1560,110,17250
1570,110,17250
1580,110,17250
1590,110,17250
1600,110,17250
1610,110,17250
1620,110,17250
1630,110,17250
1640,110,17250
1650,110,17250
1660,110,17250
1670,110,17250
1680,110,17250
1690,110,17250
1700,110,17250
1400,120,17250
1410,120,17250
1420,120,17250
1430,120,17250
1440,120,17250
1450,120,17250
1460,120,17250
1470,120,17250
1480,120,17250
1490,120,17250
1500,120,17250
1510,120,17250
1520,120,17250
1530,120,17250
1540,120,17250
1550,120,17250
1560,120,17250
1570,120,17250
1580,120,17250
1590,120,17250
1600,120,17250
1610,120,17250
1620,120,17250
1630,120,17250
1640,120,17250
1650,120,17250
1660,120,17250
1670,120,17250
1680,120,17250
1690,120,17250
1700,120,17250
1400,130,17250
1410,130,17250
1420,130,17250
1430,130,17250
1440,130,17250
1450,130,17250
1460,130,17250
1470,130,17250
1480,130,17250
1490,130,17250
1500,130,17250
1510,130,17250
1520,130,17250
1530,130,17250
1540,130,17250
1550,130,17250
1560,130,17250
1570,130,17250
1580,130,17250
1590,130,17250
1600,130,17250
1610,130,17250
1620,130,17250
1630,130,17250
1640,130,17250
1650,130,17250
1660,130,17250
1670,130,17250
1680,130,17250
1690,130,17250
1700,130,17250
1400,140,17250
1410,140,17250
1420,140,17250
1430,140,17250
1440,140,17250
1450,140,17250
1460,140,17250
1470,140,17250
1480,140,17250
1490,140,17250
1500,140,17250
1510,140,17250
1520,140,17250
1530,140,17250
1540,140,17250
1550,140,17250
1560,140,17250
1570,140,17250
1580,140,17250
1590,140,17250
1600,140,17250
1610,140,17250
1620,140,17250
1630,140,17250
1640,140,17250
1650,140,17250
1660,140,17250
1670,140,17250
1680,140,17250
1690,140,17250
1700,140,17250
1400,150,17250
1410,150,17250
1420,150,17250
1430,150,17250
1440,150,17250
1450,150,17250
1460,150,17250
1470,150,17250
1480,150,17250
1490,150,17250
1500,150,17250
1510,150,17250
1520,150,17250
1530,150,17250
1540,150,17250
1550,150,17250
1560,150,17250
1570,150,17250
1580,150,17250
1590,150,17250
1600,150,17250
1610,150,17250
1620,150,17250
1630,150,17250
1640,150,17250
1650,150,17250
1660,150,17250
1670,150,17250
1680,150,17250
1690,150,17250
1700,150,17250
1400,160,17250
1410,160,17250
1420,160,17250
1430,160,17250
1440,160,17250
1450,160,17250
1460,160,17250
1470,160,17250
1480,160,17250
1490,160,17250
1500,160,17250
1510,160,17250
1520,160,17250
1530,160,17250
1540,160,17250
1550,160,17250
1560,160,17250
1570,160,17250
1580,160,17250
1590,160,17250
1600,160,17250
1610,160,17250
1620,160,17250
1630,160,17250
1640,160,17250
1650,160,17250
1660,160,17250
1670,160,17250
1680,160,17250
1690,160,17250
1700,160,17250
1400,170,17250
1410,170,17250
1420,170,17250
1430,170,17250
1440,170,17250
1450,170,17250
1460,170,17250
1470,170,17250
1480,170,17250
1490,170,17250
1500,170,17250
1510,170,17250
1520,170,17250
1530,170,17250
1540,170,17250
1550,170,17250
1560,170,17250
1570,170,17250
1580,170,17250
1590,170,17250
1600,170,17250
1610,170,17250
1620,170,17250
1630,170,17250
1640,170,17250
1650,170,17250
1660,170,17250
1670,170,17250
1680,170,17250
1690,170,17250
1700,170,17250
1400,180,17250
1410,180,17250
1420,180,17250
1430,180,17250
1440,180,17250
1450,180,17250
1460,180,17250
1470,180,17250
1480,180,17250
1490,180,17250
1500,180,17250
1510,180,17250
1520,180,17250
1530,180,17250
1540,180,17250
1550,180,17250
1560,180,17250
1570,180,17250
1580,180,17250
1590,180,17250
1600,180,17250
1610,180,17250
1620,180,17250
1630,180,17250
1640,180,17250
1650,180,17250
1660,180,17250
1670,180,17250
1680,180,17250
1690,180,17250
1700,180,17250
1400,190,17250
1410,190,17250
1420,190,17250
1430,190,17250
1440,190,17250
1450,190,17250
1460,190,17250
1470,190,17250
1480,190,17250
1490,190,17250
1500,190,17250
1510,190,17250
1520,190,17250
1530,190,17250
1540,190,17250
1550,190,17250
1560,190,17250
1570,190,17250
1580,190,17250
1590,190,17250
1600,190,17250
1610,190,17250
1620,190,17250
1630,190,17250
1640,190,17250
1650,190,17250
1660,190,17250
1670,190,17250
1680,190,17250
1690,190,17250
1700,190,17250
1400,200,17250
1410,200,17250
1420,200,17250
1430,200,17250
1440,200,17250
1450,200,17250
1460,200,17250
1470,200,17250
1480,200,17250
1490,200,17250
1500,200,17250
1510,200,17250
1520,200,17250
1530,200,17250
1540,200,17250
1550,200,17250
1560,200,17250
1570,200,17250
1580,200,17250
1590,200,17250
1600,200,17250
1610,200,17250
1620,200,17250
1630,200,17250
1640,200,17250
1650,200,17250
1660,200,17250
1670,200,17250
1680,200,17250
1690,200,17250
1700,200,17250
1400,210,17250
1410,210,17250
1420,210,17250
1430,210,17250
1440,210,17250
1450,210,17250
1460,210,17250
1470,210,17250
1480,210,17250
1490,210,17250
1500,210,17250
1510,210,17250
1520,210,17250
1530,210,17250
1540,210,17250
1550,210,17250
1560,210,17250
1570,210,17250
1580,210,17250
1590,210,17250
1600,210,17250
1610,210,17250
1620,210,17250
1630,210,17250
1640,210,17250
1650,210,17250
1660,210,17250
1670,210,17250
1680,210,17250
1690,210,17250
1700,210,17250
1400,220,17250
1410,220,17250
1420,220,17250
1430,220,17250
1440,220,17250
1450,220,17250
1460,220,17250
1470,220,17250
1480,220,17250
1490,220,17250
1500,220,17250
1510,220,17250
1520,220,17250
1530,220,17250
1540,220,17250
1550,220,17250
1560,220,17250
1570,220,17250
1580,220,17250
1590,220,17250
1600,220,17250
1610,220,17250
1620,220,17250
1630,220,17250
1640,220,17250
1650,220,17250
1660,220,17250
1670,220,17250
1680,220,17250
1690,220,17250
1700,220,17250
1400,230,17250
1410,230,17250
1420,230,17250
1430,230,17250
1440,230,17250
1450,230,17250
1460,230,17250
1470,230,17250
1480,230,17250
1490,230,17250
1500,230,17250
1510,230,17250
1520,230,17250
1530,230,17250
1540,230,17250
1550,230,17250
1560,230,17250
1570,230,17250
1580,230,17250
1590,230,17250
1600,230,17250
1610,230,17250
1620,230,17250
1630,230,17250
1640,230,17250
1650,230,17250
1660,230,17250
1670,230,17250
1680,230,17250
1690,230,17250
1700,230,17250
1400,240,17250
1410,240,17250
1420,240,17250
1430,240,17250
1440,240,17250
1450,240,17250
1460,240,17250
1470,240,17250
1480,240,17250
1490,240,17250
1500,240,17250
1510,240,17250
1520,240,17250
1530,240,17250
1540,240,17250
1550,240,17250
1560,240,17250
1570,240,17250
1580,240,17250
1590,240,17250
1600,240,17250
1610,240,17250
1620,240,17250
1630,240,17250
1640,240,17250
1650,240,17250
1660,240,17250
1670,240,17250
1680,240,17250
1690,240,17250
1700,240,17250
1400,250,17250
1410,250,17250
1420,250,17250
1430,250,17250
1440,250,17250
1450,250,17250
1460,250,17250
1470,250,17250
1480,250,17250
1490,250,17250
1500,250,17250
1510,250,17250
1520,250,17250
1530,250,17250
1540,250,17250
1550,250,17250
1560,250,17250
1570,250,17250
1580,250,17250
1590,250,17250
1600,250,17250
1610,250,17250
1620,250,17250
1630,250,17250
1640,250,17250
1650,250,17250
1660,250,17250
1670,250,17250
1680,250,17250
1690,250,17250
1700,250,17250
1400,50,17500
1410,50,17500
1420,50,17500
1430,50,17500
1440,50,17500
1450,50,17500
1460,50,17500
1470,50,17500
1480,50,17500
1490,50,17500
1500,50,17500
1510,50,17500
1520,50,17500
1530,50,17500
1540,50,17500
1550,50,17500
1560,50,17500
1570,50,17500
1580,50,17500
1590,50,17500
1600,50,17500
1610,50,17500
1620,50,17500
1630,50,17500
1640,50,17500
1650,50,17500
1660,50,17500
1670,50,17500
1680,50,17500
1690,50,17500
1700,50,17500
1400,60,17500
1410,60,17500
1420,60,17500
1430,60,17500
1440,60,17500
1450,60,17500
1460,60,17500
1470,60,17500
1480,60,17500
1490,60,17500
1500,60,17500
1510,60,17500
1520,60,17500
1530,60,17500
1540,60,17500
1550,60,17500
1560,60,17500
1570,60,17500
1580,60,17500
1590,60,17500
1600,60,17500
1610,60,17500
1620,60,17500
1630,60,17500
1640,60,17500
1650,60,17500
1660,60,17500
1670,60,17500
1680,60,17500
1690,60,17500
1700,60,17500
1400,70,17500
1410,70,17500
1420,70,17500
1430,70,17500
1440,70,17500
1450,70,17500
1460,70,17500
1470,70,17500
1480,70,17500
1490,70,17500
1500,70,17500
1510,70,17500
1520,70,17500
1530,70,17500
1540,70,17500
1550,70,17500
1560,70,17500
1570,70,17500
1580,70,17500
1590,70,17500
1600,70,17500
1610,70,17500
1620,70,17500
1630,70,17500
1640,70,17500
1650,70,17500
1660,70,17500
1670,70,17500
1680,70,17500
1690,70,17500
1700,70,17500
1400,80,17500
1410,80,17500
1420,80,17500
1430,80,17500
1440,80,17500
1450,80,17500
1460,80,17500
1470,80,17500
1480,80,17500
1490,80,17500
1500,80,17500
1510,80,17500
1520,80,17500
1530,80,17500
1540,80,17500
1550,80,17500
1560,80,17500
1570,80,17500
1580,80,17500
1590,80,17500
1600,80,17500
1610,80,17500
1620,80,17500
1630,80,17500
1640,80,17500
1650,80,17500
1660,80,17500
1670,80,17500
1680,80,17500
1690,80,17500
1700,80,17500
1400,90,17500
1410,90,17500
1420,90,17500
1430,90,17500
1440,90,17500
1450,90,17500
1460,90,17500
1470,90,17500
1480,90,17500
1490,90,17500
1500,90,17500
1510,90,17500
1520,90,17500
1530,90,17500
1540,90,17500
1550,90,17500
1560,90,17500
1570,90,17500
1580,90,17500
1590,90,17500
1600,90,17500
1610,90,17500
1620,90,17500
1630,90,17500
1640,90,17500
1650,90,17500
1660,90,17500
1670,90,17500
1680,90,17500
1690,90,17500
1700,90,17500
1400,100,17500
1410,100,17500
1420,100,17500
1430,100,17500
1440,100,17500
1450,100,17500
1460,100,17500
1470,100,17500
1480,100,17500
1490,100,17500
1500,100,17500
1510,100,17500
1520,100,17500
1530,100,17500
1540,100,17500
1550,100,17500
1560,100,17500
1570,100,17500
1580,100,17500
1590,100,17500
1600,100,17500
1610,100,17500
1620,100,17500
1630,100,17500
1640,100,17500
1650,100,17500
1660,100,17500
1670,100,17500
1680,100,17500
1690,100,17500
1700,100,17500
1400,110,17500
1410,110,17500
1420,110,17500
1430,110,17500
1440,110,17500
1450,110,17500
1460,110,17500
1470,110,17500
1480,110,17500
1490,110,17500
1500,110,17500
1510,110,17500
1520,110,17500
1530,110,17500
1540,110,17500
1550,110,17500
1560,110,17500
1570,110,17500
1580,110,17500
1590,110,17500
1600,110,17500
1610,110,17500
1620,110,17500
1630,110,17500
1640,110,17500
1650,110,17500
1660,110,17500
1670,110,17500
1680,110,17500
1690,110,17500
1700,110,17500
1400,120,17500
1410,120,17500
1420,120,17500
1430,120,17500
1440,120,17500
1450,120,17500
1460,120,17500
1470,120,17500
1480,120,17500
1490,120,17500
1500,120,17500
1510,120,17500
1520,120,17500
1530,120,17500
1540,120,17500
1550,120,17500
1560,120,17500
1570,120,17500
1580,120,17500
1590,120,17500
1600,120,17500
1610,120,17500
1620,120,17500
1630,120,17500
1640,120,17500
1650,120,17500
1660,120,17500
1670,120,17500
1680,120,17500
1690,120,17500
1700,120,17500
1400,130,17500
1410,130,17500
1420,130,17500
1430,130,17500
1440,130,17500
1450,130,17500
1460,130,17500
1470,130,17500
1480,130,17500
1490,130,17500
1500,130,17500
1510,130,17500
1520,130,17500
1530,130,17500
1540,130,17500
1550,130,17500
1560,130,17500
1570,130,17500
1580,130,17500
1590,130,17500
1600,130,17500
1610,130,17500
1620,130,17500
1630,130,17500
1640,130,17500
1650,130,17500
1660,130,17500
1670,130,17500
1680,130,17500
1690,130,17500
1700,130,17500
1400,140,17500
1410,140,17500
1420,140,17500
1430,140,17500
1440,140,17500
1450,140,17500
1460,140,17500
1470,140,17500
1480,140,17500
1490,140,17500
1500,140,17500
1510,140,17500
1520,140,17500
1530,140,17500
1540,140,17500
1550,140,17500
1560,140,17500
1570,140,17500
1580,140,17500
1590,140,17500
1600,140,17500
1610,140,17500
1620,140,17500
1630,140,17500
1640,140,17500
1650,140,17500
1660,140,17500
1670,140,17500
1680,140,17500
1690,140,17500
1700,140,17500
1400,150,17500
1410,150,17500
1420,150,17500
1430,150,17500
1440,150,17500
1450,150,17500
1460,150,17500
1470,150,17500
1480,150,17500
1490,150,17500
1500,150,17500
1510,150,17500
1520,150,17500
1530,150,17500
1540,150,17500
1550,150,17500
1560,150,17500
1570,150,17500
1580,150,17500
1590,150,17500
1600,150,17500
1610,150,17500
1620,150,17500
1630,150,17500
1640,150,17500
1650,150,17500
1660,150,17500
1670,150,17500
1680,150,17500
1690,150,17500
1700,150,17500
1400,160,17500
1410,160,17500
1420,160,17500
1430,160,17500
1440,160,17500
1450,160,17500
1460,160,17500
1470,160,17500
1480,160,17500
1490,160,17500
1500,160,17500
1510,160,17500
1520,160,17500
1530,160,17500
1540,160,17500
1550,160,17500
1560,160,17500
1570,160,17500
1580,160,17500
1590,160,17500
1600,160,17500
1610,160,17500
1620,160,17500
1630,160,17500
1640,160,17500
1650,160,17500
1660,160,17500
1670,160,17500
1680,160,17500
1690,160,17500
1700,160,17500
1400,170,17500
1410,170,17500
1420,170,17500
1430,170,17500
1440,170,17500
1450,170,17500
1460,170,17500
1470,170,17500
1480,170,17500
1490,170,17500
1500,170,17500
1510,170,17500
1520,170,17500
1530,170,17500
1540,170,17500
1550,170,17500
1560,170,17500
1570,170,17500
1580,170,17500
1590,170,17500
1600,170,17500
1610,170,17500
1620,170,17500
1630,170,17500
1640,170,17500
1650,170,17500
1660,170,17500
1670,170,17500
1680,170,17500
1690,170,17500
1700,170,17500
1400,180,17500
1410,180,17500
1420,180,17500
1430,180,17500
1440,180,17500
1450,180,17500
1460,180,17500
1470,180,17500
1480,180,17500
1490,180,17500
1500,180,17500
1510,180,17500
1520,180,17500
1530,180,17500
1540,180,17500
1550,180,17500
1560,180,17500
1570,180,17500
1580,180,17500
1590,180,17500
1600,180,17500
1610,180,17500
1620,180,17500
1630,180,17500
1640,180,17500
1650,180,17500
1660,180,17500
1670,180,17500
1680,180,17500
1690,180,17500
1700,180,17500
1400,190,17500
1410,190,17500
1420,190,17500
1430,190,17500
1440,190,17500
1450,190,17500
1460,190,17500
1470,190,17500
1480,190,17500
1490,190,17500
1500,190,17500
1510,190,17500
1520,190,17500
1530,190,17500
1540,190,17500
1550,190,17500
1560,190,17500
1570,190,17500
1580,190,17500
1590,190,17500
1600,190,17500
1610,190,17500
1620,190,17500
1630,190,17500
1640,190,17500
1650,190,17500
1660,190,17500
1670,190,17500
1680,190,17500
1690,190,17500
1700,190,17500
1400,200,17500
1410,200,17500
1420,200,17500
1430,200,17500
1440,200,17500
1450,200,17500
1460,200,17500
1470,200,17500
1480,200,17500
1490,200,17500
1500,200,17500
1510,200,17500
1520,200,17500
1530,200,17500
1540,200,17500
1550,200,17500
1560,200,17500
1570,200,17500
1580,200,17500
1590,200,17500
1600,200,17500
1610,200,17500
1620,200,17500
1630,200,17500
1640,200,17500
1650,200,17500
1660,200,17500
1670,200,17500
1680,200,17500
1690,200,17500
1700,200,17500
1400,210,17500
1410,210,17500
1420,210,17500
1430,210,17500
1440,210,17500
1450,210,17500
1460,210,17500
1470,210,17500
1480,210,17500
1490,210,17500
1500,210,17500
1510,210,17500
1520,210,17500
1530,210,17500
1540,210,17500
1550,210,17500
1560,210,17500
1570,210,17500
1580,210,17500
1590,210,17500
1600,210,17500
1610,210,17500
1620,210,17500
1630,210,17500
1640,210,17500
1650,210,17500
1660,210,17500
1670,210,17500
1680,210,17500
1690,210,17500
1700,210,17500
1400,220,17500
1410,220,17500
1420,220,17500
1430,220,17500
1440,220,17500
1450,220,17500
1460,220,17500
1470,220,17500
1480,220,17500
1490,220,17500
1500,220,17500
1510,220,17500
1520,220,17500
1530,220,17500
1540,220,17500
1550,220,17500
1560,220,17500
1570,220,17500
1580,220,17500
1590,220,17500
1600,220,17500
1610,220,17500
1620,220,17500
1630,220,17500
1640,220,17500
1650,220,17500
1660,220,17500
1670,220,17500
1680,220,17500
1690,220,17500
1700,220,17500
1400,230,17500
1410,230,17500
1420,230,17500
1430,230,17500
1440,230,17500
1450,230,17500
1460,230,17500
1470,230,17500
1480,230,17500
1490,230,17500
1500,230,17500
1510,230,17500
1520,230,17500
1530,230,17500
1540,230,17500
1550,230,17500
1560,230,17500
1570,230,17500
1580,230,17500
1590,230,17500
1600,230,17500
1610,230,17500
1620,230,17500
1630,230,17500
1640,230,17500
1650,230,17500
1660,230,17500
1670,230,17500
1680,230,17500
1690,230,17500
1700,230,17500
1400,240,17500
1410,240,17500
1420,240,17500
1430,240,17500
1440,240,17500
1450,240,17500
1460,240,17500
1470,240,17500
1480,240,17500
1490,240,17500
1500,240,17500
1510,240,17500
1520,240,17500
1530,240,17500
1540,240,17500
1550,240,17500
1560,240,17500
1570,240,17500
1580,240,17500
1590,240,17500
1600,240,17500
1610,240,17500
1620,240,17500
1630,240,17500
1640,240,17500
1650,240,17500
1660,240,17500
1670,240,17500
1680,240,17500
1690,240,17500
1700,240,17500
1400,250,17500
1410,250,17500
1420,250,17500
1430,250,17500
1440,250,17500
1450,250,17500
1460,250,17500
1470,250,17500
1480,250,17500
1490,250,17500
1500,250,17500
1510,250,17500
1520,250,17500
1530,250,17500
1540,250,17500
1550,250,17500
1560,250,17500
1570,250,17500
1580,250,17500
1590,250,17500
1600,250,17500
1610,250,17500
1620,250,17500
1630,250,17500
1640,250,17500
1650,250,17500
1660,250,17500
1670,250,17500
1680,250,17500
1690,250,17500
1700,250,17500
1400,50,17750
1410,50,17750
1420,50,17750
1430,50,17750
1440,50,17750
1450,50,17750
1460,50,17750
1470,50,17750
1480,50,17750
1490,50,17750
1500,50,17750
1510,50,17750
1520,50,17750
1530,50,17750
1540,50,17750
1550,50,17750
1560,50,17750
1570,50,17750
1580,50,17750
1590,50,17750
1600,50,17750
1610,50,17750
1620,50,17750
1630,50,17750
1640,50,17750
1650,50,17750
1660,50,17750
1670,50,17750
1680,50,17750
1690,50,17750
1700,50,17750
1400,60,17750
1410,60,17750
1420,60,17750
1430,60,17750
1440,60,17750
1450,60,17750
1460,60,17750
1470,60,17750
1480,60,17750
1490,60,17750
1500,60,17750
1510,60,17750
1520,60,17750
1530,60,17750
1540,60,17750
1550,60,17750
1560,60,17750
1570,60,17750
1580,60,17750
1590,60,17750
1600,60,17750
1610,60,17750
1620,60,17750
1630,60,17750
1640,60,17750
1650,60,17750
1660,60,17750
1670,60,17750
1680,60,17750
1690,60,17750
1700,60,17750
1400,70,17750
1410,70,17750
1420,70,17750
1430,70,17750
1440,70,17750
1450,70,17750
1460,70,17750
1470,70,17750
1480,70,17750
1490,70,17750
1500,70,17750
1510,70,17750
1520,70,17750
1530,70,17750
1540,70,17750
1550,70,17750
1560,70,17750
1570,70,17750
1580,70,17750
1590,70,17750
1600,70,17750
1610,70,17750
1620,70,17750
1630,70,17750
1640,70,17750
1650,70,17750
1660,70,17750
1670,70,17750
1680,70,17750
1690,70,17750
1700,70,17750
1400,80,17750
1410,80,17750
1420,80,17750
1430,80,17750
1440,80,17750
1450,80,17750
1460,80,17750
1470,80,17750
1480,80,17750
1490,80,17750
1500,80,17750
1510,80,17750
1520,80,17750
1530,80,17750
1540,80,17750
1550,80,17750
1560,80,17750
1570,80,17750
1580,80,17750
1590,80,17750
1600,80,17750
1610,80,17750
1620,80,17750
1630,80,17750
1640,80,17750
1650,80,17750
1660,80,17750
1670,80,17750
1680,80,17750
1690,80,17750
1700,80,17750
1400,90,17750
1410,90,17750
1420,90,17750
1430,90,17750
1440,90,17750
1450,90,17750
1460,90,17750
1470,90,17750
1480,90,17750
1490,90,17750
1500,90,17750
1510,90,17750
1520,90,17750
1530,90,17750
1540,90,17750
1550,90,17750
1560,90,17750
1570,90,17750
1580,90,17750
1590,90,17750
1600,90,17750
1610,90,17750
1620,90,17750
1630,90,17750
1640,90,17750
1650,90,17750
1660,90,17750
1670,90,17750
1680,90,17750
1690,90,17750
1700,90,17750
1400,100,17750
1410,100,17750
1420,100,17750
1430,100,17750
1440,100,17750
1450,100,17750
1460,100,17750
1470,100,17750
1480,100,17750
1490,100,17750
1500,100,17750
1510,100,17750
1520,100,17750
1530,100,17750
1540,100,17750
1550,100,17750
1560,100,17750
1570,100,17750
1580,100,17750
1590,100,17750
1600,100,17750
1610,100,17750
1620,100,17750
1630,100,17750
1640,100,17750
1650,100,17750
1660,100,17750
1670,100,17750
1680,100,17750
1690,100,17750
1700,100,17750
1400,110,17750
1410,110,17750
1420,110,17750
1430,110,17750
1440,110,17750
1450,110,17750
1460,110,17750
1470,110,17750
1480,110,17750
1490,110,17750
1500,110,17750
1510,110,17750
1520,110,17750
1530,110,17750
1540,110,17750
1550,110,17750
1560,110,17750
1570,110,17750
1580,110,17750
1590,110,17750
1600,110,17750
1610,110,17750
1620,110,17750
1630,110,17750
1640,110,17750
1650,110,17750
1660,110,17750
1670,110,17750
1680,110,17750
1690,110,17750
1700,110,17750
1400,120,17750
1410,120,17750
1420,120,17750
1430,120,17750
1440,120,17750
1450,120,17750
1460,120,17750
1470,120,17750
1480,120,17750
1490,120,17750
1500,120,17750
1510,120,17750
1520,120,17750
1530,120,17750
1540,120,17750
1550,120,17750
1560,120,17750
1570,120,17750
1580,120,17750
1590,120,17750
1600,120,17750
1610,120,17750
1620,120,17750
1630,120,17750
1640,120,17750
1650,120,17750
1660,120,17750
1670,120,17750
1680,120,17750
1690,120,17750
1700,120,17750
1400,130,17750
1410,130,17750
1420,130,17750
1430,130,17750
1440,130,17750
1450,130,17750
1460,130,17750
1470,130,17750
1480,130,17750
1490,130,17750
1500,130,17750
1510,130,17750
1520,130,17750
1530,130,17750
1540,130,17750
1550,130,17750
1560,130,17750
1570,130,17750
1580,130,17750
1590,130,17750
1600,130,17750
1610,130,17750
1620,130,17750
1630,130,17750
1640,130,17750
1650,130,17750
1660,130,17750
1670,130,17750
1680,130,17750
1690,130,17750
1700,130,17750
1400,140,17750
1410,140,17750
1420,140,17750
1430,140,17750
1440,140,17750
1450,140,17750
1460,140,17750
1470,140,17750
1480,140,17750
1490,140,17750
1500,140,17750
1510,140,17750
1520,140,17750
1530,140,17750
1540,140,17750
1550,140,17750
1560,140,17750
1570,140,17750
1580,140,17750
1590,140,17750
1600,140,17750
1610,140,17750
1620,140,17750
1630,140,17750
1640,140,17750
1650,140,17750
1660,140,17750
1670,140,17750
1680,140,17750
1690,140,17750
1700,140,17750
1400,150,17750
1410,150,17750
1420,150,17750
1430,150,17750
1440,150,17750
1450,150,17750
1460,150,17750
1470,150,17750
1480,150,17750
1490,150,17750
1500,150,17750
1510,150,17750
1520,150,17750
1530,150,17750
1540,150,17750
1550,150,17750
1560,150,17750
1570,150,17750
1580,150,17750
1590,150,17750
1600,150,17750
1610,150,17750
1620,150,17750
1630,150,17750
1640,150,17750
1650,150,17750
1660,150,17750
1670,150,17750
1680,150,17750
1690,150,17750
1700,150,17750
1400,160,17750
1410,160,17750
1420,160,17750
1430,160,17750
1440,160,17750
1450,160,17750
1460,160,17750
1470,160,17750
1480,160,17750
1490,160,17750
1500,160,17750
1510,160,17750
1520,160,17750
1530,160,17750
1540,160,17750
1550,160,17750
1560,160,17750
1570,160,17750
1580,160,17750
1590,160,17750
1600,160,17750
1610,160,17750
1620,160,17750
1630,160,17750
1640,160,17750
1650,160,17750
1660,160,17750
1670,160,17750
1680,160,17750
1690,160,17750
1700,160,17750
1400,170,17750
1410,170,17750
1420,170,17750
1430,170,17750
1440,170,17750
1450,170,17750
1460,170,17750
1470,170,17750
1480,170,17750
1490,170,17750
1500,170,17750
1510,170,17750
1520,170,17750
1530,170,17750
1540,170,17750
1550,170,17750
1560,170,17750
1570,170,17750
1580,170,17750
1590,170,17750
1600,170,17750
1610,170,17750
1620,170,17750
1630,170,17750
1640,170,17750
1650,170,17750
1660,170,17750
1670,170,17750
1680,170,17750
1690,170,17750
1700,170,17750
1400,180,17750
1410,180,17750
1420,180,17750
1430,180,17750
1440,180,17750
1450,180,17750
1460,180,17750
1470,180,17750
1480,180,17750
1490,180,17750
1500,180,17750
1510,180,17750
1520,180,17750
1530,180,17750
1540,180,17750
1550,180,17750
1560,180,17750
1570,180,17750
1580,180,17750
1590,180,17750
1600,180,17750
1610,180,17750
1620,180,17750
1630,180,17750
1640,180,17750
1650,180,17750
1660,180,17750
1670,180,17750
1680,180,17750
1690,180,17750
1700,180,17750
1400,190,17750
1410,190,17750
1420,190,17750
1430,190,17750
1440,190,17750
1450,190,17750
1460,190,17750
1470,190,17750
1480,190,17750
1490,190,17750
1500,190,17750
1510,190,17750
1520,190,17750
1530,190,17750
1540,190,17750
1550,190,17750
1560,190,17750
1570,190,17750
1580,190,17750
1590,190,17750
1600,190,17750
1610,190,17750
1620,190,17750
1630,190,17750
1640,190,17750
1650,190,17750
1660,190,17750
1670,190,17750
1680,190,17750
1690,190,17750
1700,190,17750
1400,200,17750
1410,200,17750
1420,200,17750
1430,200,17750
1440,200,17750
1450,200,17750
1460,200,17750
1470,200,17750
1480,200,17750
1490,200,17750
1500,200,17750
1510,200,17750
1520,200,17750
1530,200,17750
1540,200,17750
1550,200,17750
1560,200,17750
1570,200,17750
1580,200,17750
1590,200,17750
1600,200,17750
1610,200,17750
1620,200,17750
1630,200,17750
1640,200,17750
1650,200,17750
1660,200,17750
1670,200,17750
1680,200,17750
1690,200,17750
1700,200,17750
1400,210,17750
1410,210,17750
1420,210,17750
1430,210,17750
1440,210,17750
1450,210,17750
1460,210,17750
1470,210,17750
1480,210,17750
1490,210,17750
1500,210,17750
1510,210,17750
1520,210,17750
1530,210,17750
1540,210,17750
1550,210,17750
1560,210,17750
1570,210,17750
1580,210,17750
1590,210,17750
1600,210,17750
1610,210,17750
1620,210,17750
1630,210,17750
1640,210,17750
1650,210,17750
1660,210,17750
1670,210,17750
1680,210,17750
1690,210,17750
1700,210,17750
1400,220,17750
1410,220,17750
1420,220,17750
1430,220,17750
1440,220,17750
1450,220,17750
1460,220,17750
1470,220,17750
1480,220,17750
1490,220,17750
1500,220,17750
1510,220,17750
1520,220,17750
1530,220,17750
1540,220,17750
1550,220,17750
1560,220,17750
1570,220,17750
1580,220,17750
1590,220,17750
1600,220,17750
1610,220,17750
1620,220,17750
1630,220,17750
1640,220,17750
1650,220,17750
1660,220,17750
1670,220,17750
1680,220,17750
1690,220,17750
1700,220,17750
1400,230,17750
1410,230,17750
1420,230,17750
1430,230,17750
1440,230,17750
1450,230,17750
1460,230,17750
1470,230,17750
1480,230,17750
1490,230,17750
1500,230,17750
1510,230,17750
1520,230,17750
1530,230,17750
1540,230,17750
1550,230,17750
1560,230,17750
1570,230,17750
1580,230,17750
1590,230,17750
1600,230,17750
1610,230,17750
1620,230,17750
1630,230,17750
1640,230,17750
1650,230,17750
1660,230,17750
1670,230,17750
1680,230,17750
1690,230,17750
1700,230,17750
1400,240,17750
1410,240,17750
1420,240,17750
1430,240,17750
1440,240,17750
1450,240,17750
1460,240,17750
1470,240,17750
1480,240,17750
1490,240,17750
1500,240,17750
1510,240,17750
1520,240,17750
1530,240,17750
1540,240,17750
1550,240,17750
1560,240,17750
1570,240,17750
1580,240,17750
1590,240,17750
1600,240,17750
1610,240,17750
1620,240,17750
1630,240,17750
1640,240,17750
1650,240,17750
1660,240,17750
1670,240,17750
1680,240,17750
1690,240,17750
1700,240,17750
1400,250,17750
1410,250,17750
1420,250,17750
1430,250,17750
1440,250,17750
1450,250,17750
1460,250,17750
1470,250,17750
1480,250,17750
1490,250,17750
1500,250,17750
1510,250,17750
1520,250,17750
1530,250,17750
1540,250,17750
1550,250,17750
1560,250,17750
1570,250,17750
1580,250,17750
1590,250,17750
1600,250,17750
1610,250,17750
1620,250,17750
1630,250,17750
1640,250,17750
1650,250,17750
1660,250,17750
1670,250,17750
1680,250,17750
1690,250,17750
1700,250,17750
1400,50,18000
1410,50,18000
1420,50,18000
1430,50,18000
1440,50,18000
1450,50,18000
1460,50,18000
1470,50,18000
1480,50,18000
1490,50,18000
1500,50,18000
1510,50,18000
1520,50,18000
1530,50,18000
1540,50,18000
1550,50,18000
1560,50,18000
1570,50,18000
1580,50,18000
1590,50,18000
1600,50,18000
1610,50,18000
1620,50,18000
1630,50,18000
1640,50,18000
1650,50,18000
1660,50,18000
1670,50,18000
1680,50,18000
1690,50,18000
1700,50,18000
1400,60,18000
1410,60,18000
1420,60,18000
1430,60,18000
1440,60,18000
1450,60,18000
1460,60,18000
1470,60,18000
1480,60,18000
1490,60,18000
1500,60,18000
1510,60,18000
1520,60,18000
1530,60,18000
1540,60,18000
1550,60,18000
1560,60,18000
1570,60,18000
1580,60,18000
1590,60,18000
1600,60,18000
1610,60,18000
1620,60,18000
1630,60,18000
1640,60,18000
1650,60,18000
1660,60,18000
1670,60,18000
1680,60,18000
1690,60,18000
1700,60,18000
1400,70,18000
1410,70,18000
1420,70,18000
1430,70,18000
1440,70,18000
1450,70,18000
1460,70,18000
1470,70,18000
1480,70,18000
1490,70,18000
1500,70,18000
1510,70,18000
1520,70,18000
1530,70,18000
1540,70,18000
1550,70,18000
1560,70,18000
1570,70,18000
1580,70,18000
1590,70,18000
1600,70,18000
1610,70,18000
1620,70,18000
1630,70,18000
1640,70,18000
1650,70,18000
1660,70,18000
1670,70,18000
1680,70,18000
1690,70,18000
1700,70,18000
1400,80,18000
1410,80,18000
1420,80,18000
1430,80,18000
1440,80,18000
1450,80,18000
1460,80,18000
1470,80,18000
1480,80,18000
1490,80,18000
1500,80,18000
1510,80,18000
1520,80,18000
1530,80,18000
1540,80,18000
1550,80,18000
1560,80,18000
1570,80,18000
1580,80,18000
1590,80,18000
1600,80,18000
1610,80,18000
1620,80,18000
1630,80,18000
1640,80,18000
1650,80,18000
1660,80,18000
1670,80,18000
1680,80,18000
1690,80,18000
1700,80,18000
1400,90,18000
1410,90,18000
1420,90,18000
1430,90,18000
1440,90,18000
1450,90,18000
1460,90,18000
1470,90,18000
1480,90,18000
1490,90,18000
1500,90,18000
1510,90,18000
1520,90,18000
1530,90,18000
1540,90,18000
1550,90,18000
1560,90,18000
1570,90,18000
1580,90,18000
1590,90,18000
1600,90,18000
1610,90,18000
1620,90,18000
1630,90,18000
1640,90,18000
1650,90,18000
1660,90,18000
1670,90,18000
1680,90,18000
1690,90,18000
1700,90,18000
1400,100,18000
1410,100,18000
1420,100,18000
1430,100,18000
1440,100,18000
1450,100,18000
1460,100,18000
1470,100,18000
1480,100,18000
1490,100,18000
1500,100,18000
1510,100,18000
1520,100,18000
1530,100,18000
1540,100,18000
1550,100,18000
1560,100,18000
1570,100,18000
1580,100,18000
1590,100,18000
1600,100,18000
1610,100,18000
1620,100,18000
1630,100,18000
1640,100,18000
1650,100,18000
1660,100,18000
1670,100,18000
1680,100,18000
1690,100,18000
1700,100,18000
1400,110,18000
1410,110,18000
1420,110,18000
1430,110,18000
1440,110,18000
1450,110,18000
1460,110,18000
1470,110,18000
1480,110,18000
1490,110,18000
1500,110,18000
1510,110,18000
1520,110,18000
1530,110,18000
1540,110,18000
1550,110,18000
1560,110,18000
1570,110,18000
1580,110,18000
1590,110,18000
1600,110,18000
1610,110,18000
1620,110,18000
1630,110,18000
1640,110,18000
1650,110,18000
1660,110,18000
1670,110,18000
1680,110,18000
1690,110,18000
1700,110,18000
1400,120,18000
1410,120,18000
1420,120,18000
1430,120,18000
1440,120,18000
1450,120,18000
1460,120,18000
1470,120,18000
1480,120,18000
1490,120,18000
1500,120,18000
1510,120,18000
1520,120,18000
1530,120,18000
1540,120,18000
1550,120,18000
1560,120,18000
1570,120,18000
1580,120,18000
1590,120,18000
1600,120,18000
1610,120,18000
1620,120,18000
1630,120,18000
1640,120,18000
1650,120,18000
1660,120,18000
1670,120,18000
1680,120,18000
1690,120,18000
1700,120,18000
1400,130,18000
1410,130,18000
1420,130,18000
1430,130,18000
1440,130,18000
1450,130,18000
1460,130,18000
1470,130,18000
1480,130,18000
1490,130,18000
1500,130,18000
1510,130,18000
1520,130,18000
1530,130,18000
1540,130,18000
1550,130,18000
1560,130,18000
1570,130,18000
1580,130,18000
1590,130,18000
1600,130,18000
1610,130,18000
1620,130,18000
1630,130,18000
1640,130,18000
1650,130,18000
1660,130,18000
1670,130,18000
1680,130,18000
1690,130,18000
1700,130,18000
1400,140,18000
1410,140,18000
1420,140,18000
1430,140,18000
1440,140,18000
1450,140,18000
1460,140,18000
1470,140,18000
1480,140,18000
1490,140,18000
1500,140,18000
1510,140,18000
1520,140,18000
1530,140,18000
1540,140,18000
1550,140,18000
1560,140,18000
1570,140,18000
1580,140,18000
1590,140,18000
1600,140,18000
1610,140,18000
1620,140,18000
1630,140,18000
1640,140,18000
1650,140,18000
1660,140,18000
1670,140,18000
1680,140,18000
1690,140,18000
1700,140,18000
1400,150,18000
1410,150,18000
1420,150,18000
1430,150,18000
1440,150,18000
1450,150,18000
1460,150,18000
1470,150,18000
1480,150,18000
1490,150,18000
1500,150,18000
1510,150,18000
1520,150,18000
1530,150,18000
1540,150,18000
1550,150,18000
1560,150,18000
1570,150,18000
1580,150,18000
1590,150,18000
1600,150,18000
1610,150,18000
1620,150,18000
1630,150,18000
1640,150,18000
1650,150,18000
1660,150,18000
1670,150,18000
1680,150,18000
1690,150,18000
1700,150,18000
1400,160,18000
1410,160,18000
1420,160,18000
1430,160,18000
1440,160,18000
1450,160,18000
1460,160,18000
1470,160,18000
1480,160,18000
1490,160,18000
1500,160,18000
1510,160,18000
1520,160,18000
1530,160,18000
1540,160,18000
1550,160,18000
1560,160,18000
1570,160,18000
1580,160,18000
1590,160,18000
1600,160,18000
1610,160,18000
1620,160,18000
1630,160,18000
1640,160,18000
1650,160,18000
1660,160,18000
1670,160,18000
1680,160,18000
1690,160,18000
1700,160,18000
1400,170,18000
1410,170,18000
1420,170,18000
1430,170,18000
1440,170,18000
1450,170,18000
1460,170,18000
1470,170,18000
1480,170,18000
1490,170,18000
1500,170,18000
1510,170,18000
1520,170,18000
1530,170,18000
1540,170,18000
1550,170,18000
1560,170,18000
1570,170,18000
1580,170,18000
1590,170,18000
1600,170,18000
1610,170,18000
1620,170,18000
1630,170,18000
1640,170,18000
1650,170,18000
1660,170,18000
1670,170,18000
1680,170,18000
1690,170,18000
1700,170,18000
1400,180,18000
1410,180,18000
1420,180,18000
1430,180,18000
1440,180,18000
1450,180,18000
1460,180,18000
1470,180,18000
1480,180,18000
1490,180,18000
1500,180,18000
1510,180,18000
1520,180,18000
1530,180,18000
1540,180,18000
1550,180,18000
1560,180,18000
1570,180,18000
1580,180,18000
1590,180,18000
1600,180,18000
1610,180,18000
1620,180,18000
1630,180,18000
1640,180,18000
1650,180,18000
1660,180,18000
1670,180,18000
1680,180,18000
1690,180,18000
1700,180,18000
1400,190,18000
1410,190,18000
1420,190,18000
1430,190,18000
1440,190,18000
1450,190,18000
1460,190,18000
1470,190,18000
1480,190,18000
1490,190,18000
1500,190,18000
1510,190,18000
1520,190,18000
1530,190,18000
1540,190,18000
1550,190,18000
1560,190,18000
1570,190,18000
1580,190,18000
1590,190,18000
1600,190,18000
1610,190,18000
1620,190,18000
1630,190,18000
1640,190,18000
1650,190,18000
1660,190,18000
1670,190,18000
1680,190,18000
1690,190,18000
1700,190,18000
1400,200,18000
1410,200,18000
1420,200,18000
1430,200,18000
1440,200,18000
1450,200,18000
1460,200,18000
1470,200,18000
1480,200,18000
1490,200,18000
1500,200,18000
1510,200,18000
1520,200,18000
1530,200,18000
1540,200,18000
1550,200,18000
1560,200,18000
1570,200,18000
1580,200,18000
1590,200,18000
1600,200,18000
1610,200,18000
1620,200,18000
1630,200,18000
1640,200,18000
1650,200,18000
1660,200,18000
1670,200,18000
1680,200,18000
1690,200,18000
1700,200,18000
1400,210,18000
1410,210,18000
1420,210,18000
1430,210,18000
1440,210,18000
1450,210,18000
1460,210,18000
1470,210,18000
1480,210,18000
1490,210,18000
1500,210,18000
1510,210,18000
1520,210,18000
1530,210,18000
1540,210,18000
1550,210,18000
1560,210,18000
1570,210,18000
1580,210,18000
1590,210,18000
1600,210,18000
1610,210,18000
1620,210,18000
1630,210,18000
1640,210,18000
1650,210,18000
1660,210,18000
1670,210,18000
1680,210,18000
1690,210,18000
1700,210,18000
1400,220,18000
1410,220,18000
1420,220,18000
1430,220,18000
1440,220,18000
1450,220,18000
1460,220,18000
1470,220,18000
1480,220,18000
1490,220,18000
1500,220,18000
1510,220,18000
1520,220,18000
1530,220,18000
1540,220,18000
1550,220,18000
1560,220,18000
1570,220,18000
1580,220,18000
1590,220,18000
1600,220,18000
1610,220,18000
1620,220,18000
1630,220,18000
1640,220,18000
1650,220,18000
1660,220,18000
1670,220,18000
1680,220,18000
1690,220,18000
1700,220,18000
1400,230,18000
1410,230,18000
1420,230,18000
1430,230,18000
1440,230,18000
1450,230,18000
1460,230,18000
1470,230,18000
1480,230,18000
1490,230,18000
1500,230,18000
1510,230,18000
1520,230,18000
1530,230,18000
1540,230,18000
1550,230,18000
1560,230,18000
1570,230,18000
1580,230,18000
1590,230,18000
1600,230,18000
1610,230,18000
1620,230,18000
1630,230,18000
1640,230,18000
1650,230,18000
1660,230,18000
1670,230,18000
1680,230,18000
1690,230,18000
1700,230,18000
1400,240,18000
1410,240,18000
1420,240,18000
1430,240,18000
1440,240,18000
1450,240,18000
1460,240,18000
1470,240,18000
1480,240,18000
1490,240,18000
1500,240,18000
1510,240,18000
1520,240,18000
1530,240,18000
1540,240,18000
1550,240,18000
1560,240,18000
1570,240,18000
1580,240,18000
1590,240,18000
1600,240,18000
1610,240,18000
1620,240,18000
1630,240,18000
1640,240,18000
1650,240,18000
1660,240,18000
1670,240,18000
1680,240,18000
1690,240,18000
1700,240,18000
1400,250,18000
1410,250,18000
1420,250,18000
1430,250,18000
1440,250,18000
1450,250,18000
1460,250,18000
1470,250,18000
1480,250,18000
1490,250,18000
1500,250,18000
1510,250,18000
1520,250,18000
1530,250,18000
1540,250,18000
1550,250,18000
1560,250,18000
1570,250,18000
1580,250,18000
1590,250,18000
1600,250,18000
1610,250,18000
1620,250,18000
1630,250,18000
1640,250,18000
1650,250,18000
1660,250,18000
1670,250,18000
1680,250,18000
1690,250,18000
1700,250,18000
1400,50,18250
1410,50,18250
1420,50,18250
1430,50,18250
1440,50,18250
1450,50,18250
1460,50,18250
1470,50,18250
1480,50,18250
1490,50,18250
1500,50,18250
1510,50,18250
1520,50,18250
1530,50,18250
1540,50,18250
1550,50,18250
1560,50,18250
1570,50,18250
1580,50,18250
1590,50,18250
1600,50,18250
1610,50,18250
1620,50,18250
1630,50,18250
1640,50,18250
1650,50,18250
1660,50,18250
1670,50,18250
1680,50,18250
1690,50,18250
1700,50,18250
1400,60,18250
1410,60,18250
1420,60,18250
1430,60,18250
1440,60,18250
1450,60,18250
1460,60,18250
1470,60,18250
1480,60,18250
1490,60,18250
1500,60,18250
1510,60,18250
1520,60,18250
1530,60,18250
1540,60,18250
1550,60,18250
1560,60,18250
1570,60,18250
1580,60,18250
1590,60,18250
1600,60,18250
1610,60,18250
1620,60,18250
1630,60,18250
1640,60,18250
1650,60,18250
1660,60,18250
1670,60,18250
1680,60,18250
1690,60,18250
1700,60,18250
1400,70,18250
1410,70,18250
1420,70,18250
1430,70,18250
1440,70,18250
1450,70,18250
1460,70,18250
1470,70,18250
1480,70,18250
1490,70,18250
1500,70,18250
1510,70,18250
1520,70,18250
1530,70,18250
1540,70,18250
1550,70,18250
1560,70,18250
1570,70,18250
1580,70,18250
1590,70,18250
1600,70,18250
1610,70,18250
1620,70,18250
1630,70,18250
1640,70,18250
1650,70,18250
1660,70,18250
1670,70,18250
1680,70,18250
1690,70,18250
1700,70,18250
1400,80,18250
1410,80,18250
1420,80,18250
1430,80,18250
1440,80,18250
1450,80,18250
1460,80,18250
1470,80,18250
1480,80,18250
1490,80,18250
1500,80,18250
1510,80,18250
1520,80,18250
1530,80,18250
1540,80,18250
1550,80,18250
1560,80,18250
1570,80,18250
1580,80,18250
1590,80,18250
1600,80,18250
1610,80,18250
1620,80,18250
1630,80,18250
1640,80,18250
1650,80,18250
1660,80,18250
1670,80,18250
1680,80,18250
1690,80,18250
1700,80,18250
1400,90,18250
1410,90,18250
1420,90,18250
1430,90,18250
1440,90,18250
1450,90,18250
1460,90,18250
1470,90,18250
1480,90,18250
1490,90,18250
1500,90,18250
1510,90,18250
1520,90,18250
1530,90,18250
1540,90,18250
1550,90,18250
1560,90,18250
1570,90,18250
1580,90,18250
1590,90,18250
1600,90,18250
1610,90,18250
1620,90,18250
1630,90,18250
1640,90,18250
1650,90,18250
1660,90,18250
1670,90,18250
1680,90,18250
1690,90,18250
1700,90,18250
1400,100,18250
1410,100,18250
1420,100,18250
1430,100,18250
1440,100,18250
1450,100,18250
1460,100,18250
1470,100,18250
1480,100,18250
1490,100,18250
1500,100,18250
1510,100,18250
1520,100,18250
1530,100,18250
1540,100,18250
1550,100,18250
1560,100,18250
1570,100,18250
1580,100,18250
1590,100,18250
1600,100,18250
1610,100,18250
1620,100,18250
1630,100,18250
1640,100,18250
1650,100,18250
1660,100,18250
1670,100,18250
1680,100,18250
1690,100,18250
1700,100,18250
1400,110,18250
1410,110,18250
1420,110,18250
1430,110,18250
1440,110,18250
1450,110,18250
1460,110,18250
1470,110,18250
1480,110,18250
1490,110,18250
1500,110,18250
1510,110,18250
1520,110,18250
1530,110,18250
1540,110,18250
1550,110,18250
1560,110,18250
1570,110,18250
1580,110,18250
1590,110,18250
1600,110,18250
1610,110,18250
1620,110,18250
1630,110,18250
1640,110,18250
1650,110,18250
1660,110,18250
1670,110,18250
1680,110,18250
1690,110,18250
1700,110,18250
1400,120,18250
1410,120,18250
1420,120,18250
1430,120,18250
1440,120,18250
1450,120,18250
1460,120,18250
1470,120,18250
1480,120,18250
1490,120,18250
1500,120,18250
1510,120,18250
1520,120,18250
1530,120,18250
1540,120,18250
1550,120,18250
1560,120,18250
1570,120,18250
1580,120,18250
1590,120,18250
1600,120,18250
1610,120,18250
1620,120,18250
1630,120,18250
1640,120,18250
1650,120,18250
1660,120,18250
1670,120,18250
1680,120,18250
1690,120,18250
1700,120,18250
1400,130,18250
1410,130,18250
1420,130,18250
1430,130,18250
1440,130,18250
1450,130,18250
1460,130,18250
1470,130,18250
1480,130,18250
1490,130,18250
1500,130,18250
1510,130,18250
1520,130,18250
1530,130,18250
1540,130,18250
1550,130,18250
1560,130,18250
1570,130,18250
1580,130,18250
1590,130,18250
1600,130,18250
1610,130,18250
1620,130,18250
1630,130,18250
1640,130,18250
1650,130,18250
1660,130,18250
1670,130,18250
1680,130,18250
1690,130,18250
1700,130,18250
1400,140,18250
1410,140,18250
1420,140,18250
1430,140,18250
1440,140,18250
1450,140,18250
1460,140,18250
1470,140,18250
1480,140,18250
1490,140,18250
1500,140,18250
1510,140,18250
1520,140,18250
1530,140,18250
1540,140,18250
1550,140,18250
1560,140,18250
1570,140,18250
1580,140,18250
1590,140,18250
1600,140,18250
1610,140,18250
1620,140,18250
1630,140,18250
1640,140,18250
1650,140,18250
1660,140,18250
1670,140,18250
1680,140,18250
1690,140,18250
1700,140,18250
1400,150,18250
1410,150,18250
1420,150,18250
1430,150,18250
1440,150,18250
1450,150,18250
1460,150,18250
1470,150,18250
1480,150,18250
1490,150,18250
1500,150,18250
1510,150,18250
1520,150,18250
1530,150,18250
1540,150,18250
1550,150,18250
1560,150,18250
1570,150,18250
1580,150,18250
1590,150,18250
1600,150,18250
1610,150,18250
1620,150,18250
1630,150,18250
1640,150,18250
1650,150,18250
1660,150,18250
1670,150,18250
1680,150,18250
1690,150,18250
1700,150,18250
1400,160,18250
1410,160,18250
1420,160,18250
1430,160,18250
1440,160,18250
1450,160,18250
1460,160,18250
1470,160,18250
1480,160,18250
1490,160,18250
1500,160,18250
1510,160,18250
1520,160,18250
1530,160,18250
1540,160,18250
1550,160,18250
1560,160,18250
1570,160,18250
1580,160,18250
1590,160,18250
1600,160,18250
1610,160,18250
1620,160,18250
1630,160,18250
1640,160,18250
1650,160,18250
1660,160,18250
1670,160,18250
1680,160,18250
1690,160,18250
1700,160,18250
1400,170,18250
1410,170,18250
1420,170,18250
1430,170,18250
1440,170,18250
1450,170,18250
1460,170,18250
1470,170,18250
1480,170,18250
1490,170,18250
1500,170,18250
1510,170,18250
1520,170,18250
1530,170,18250
1540,170,18250
1550,170,18250
1560,170,18250
1570,170,18250
1580,170,18250
1590,170,18250
1600,170,18250
1610,170,18250
1620,170,18250
1630,170,18250
1640,170,18250
1650,170,18250
1660,170,18250
1670,170,18250
1680,170,18250
1690,170,18250
1700,170,18250
1400,180,18250
1410,180,18250
1420,180,18250
1430,180,18250
1440,180,18250
1450,180,18250
1460,180,18250
1470,180,18250
1480,180,18250
1490,180,18250
1500,180,18250
1510,180,18250
1520,180,18250
1530,180,18250
1540,180,18250
1550,180,18250
1560,180,18250
1570,180,18250
1580,180,18250
1590,180,18250
1600,180,18250
1610,180,18250
1620,180,18250
1630,180,18250
1640,180,18250
1650,180,18250
1660,180,18250
1670,180,18250
1680,180,18250
1690,180,18250
1700,180,18250
1400,190,18250
1410,190,18250
1420,190,18250
1430,190,18250
1440,190,18250
1450,190,18250
1460,190,18250
1470,190,18250
1480,190,18250
1490,190,18250
1500,190,18250
1510,190,18250
1520,190,18250
1530,190,18250
1540,190,18250
1550,190,18250
1560,190,18250
1570,190,18250
1580,190,18250
1590,190,18250
1600,190,18250
1610,190,18250
1620,190,18250
1630,190,18250
1640,190,18250
1650,190,18250
1660,190,18250
1670,190,18250
1680,190,18250
1690,190,18250
1700,190,18250
1400,200,18250
1410,200,18250
1420,200,18250
1430,200,18250
1440,200,18250
1450,200,18250
1460,200,18250
1470,200,18250
1480,200,18250
1490,200,18250
1500,200,18250
1510,200,18250
1520,200,18250
1530,200,18250
1540,200,18250
1550,200,18250
1560,200,18250
1570,200,18250
1580,200,18250
1590,200,18250
1600,200,18250
1610,200,18250
1620,200,18250
1630,200,18250
1640,200,18250
1650,200,18250
1660,200,18250
1670,200,18250
1680,200,18250
1690,200,18250
1700,200,18250
1400,210,18250
1410,210,18250
1420,210,18250
1430,210,18250
1440,210,18250
1450,210,18250
1460,210,18250
1470,210,18250
1480,210,18250
1490,210,18250
1500,210,18250
1510,210,18250
1520,210,18250
1530,210,18250
1540,210,18250
1550,210,18250
1560,210,18250
1570,210,18250
1580,210,18250
1590,210,18250
1600,210,18250
1610,210,18250
1620,210,18250
1630,210,18250
1640,210,18250
1650,210,18250
1660,210,18250
1670,210,18250
1680,210,18250
1690,210,18250
1700,210,18250
1400,220,18250
1410,220,18250
1420,220,18250
1430,220,18250
1440,220,18250
1450,220,18250
1460,220,18250
1470,220,18250
1480,220,18250
1490,220,18250
1500,220,18250
1510,220,18250
1520,220,18250
1530,220,18250
1540,220,18250
1550,220,18250
1560,220,18250
1570,220,18250
1580,220,18250
1590,220,18250
1600,220,18250
1610,220,18250
1620,220,18250
1630,220,18250
1640,220,18250
1650,220,18250
1660,220,18250
1670,220,18250
1680,220,18250
1690,220,18250
1700,220,18250
1400,230,18250
1410,230,18250
1420,230,18250
1430,230,18250
1440,230,18250
1450,230,18250
1460,230,18250
1470,230,18250
1480,230,18250
1490,230,18250
1500,230,18250
1510,230,18250
1520,230,18250
1530,230,18250
1540,230,18250
1550,230,18250
1560,230,18250
1570,230,18250
1580,230,18250
1590,230,18250
1600,230,18250
1610,230,18250
1620,230,18250
1630,230,18250
1640,230,18250
1650,230,18250
1660,230,18250
1670,230,18250
1680,230,18250
1690,230,18250
1700,230,18250
1400,240,18250
1410,240,18250
1420,240,18250
1430,240,18250
1440,240,18250
1450,240,18250
1460,240,18250
1470,240,18250
1480,240,18250
1490,240,18250
1500,240,18250
1510,240,18250
1520,240,18250
1530,240,18250
1540,240,18250
1550,240,18250
1560,240,18250
1570,240,18250
1580,240,18250
1590,240,18250
1600,240,18250
1610,240,18250
1620,240,18250
1630,240,18250
1640,240,18250
1650,240,18250
1660,240,18250
1670,240,18250
1680,240,18250
1690,240,18250
1700,240,18250
1400,250,18250
1410,250,18250
1420,250,18250
1430,250,18250
1440,250,18250
1450,250,18250
1460,250,18250
1470,250,18250
1480,250,18250
1490,250,18250
1500,250,18250
1510,250,18250
1520,250,18250
1530,250,18250
1540,250,18250
1550,250,18250
1560,250,18250
1570,250,18250
1580,250,18250
1590,250,18250
1600,250,18250
1610,250,18250
1620,250,18250
1630,250,18250
1640,250,18250
1650,250,18250
1660,250,18250
1670,250,18250
1680,250,18250
1690,250,18250
1700,250,18250
1400,50,18500
1410,50,18500
1420,50,18500
1430,50,18500
1440,50,18500
1450,50,18500
1460,50,18500
1470,50,18500
1480,50,18500
1490,50,18500
1500,50,18500
1510,50,18500
1520,50,18500
1530,50,18500
1540,50,18500
1550,50,18500
1560,50,18500
1570,50,18500
1580,50,18500
1590,50,18500
1600,50,18500
1610,50,18500
1620,50,18500
1630,50,18500
1640,50,18500
1650,50,18500
1660,50,18500
1670,50,18500
1680,50,18500
1690,50,18500
1700,50,18500
1400,60,18500
1410,60,18500
1420,60,18500
1430,60,18500
1440,60,18500
1450,60,18500
1460,60,18500
1470,60,18500
1480,60,18500
1490,60,18500
1500,60,18500
1510,60,18500
1520,60,18500
1530,60,18500
1540,60,18500
1550,60,18500
1560,60,18500
1570,60,18500
1580,60,18500
1590,60,18500
1600,60,18500
1610,60,18500
1620,60,18500
1630,60,18500
1640,60,18500
1650,60,18500
1660,60,18500
1670,60,18500
1680,60,18500
1690,60,18500
1700,60,18500
1400,70,18500
1410,70,18500
1420,70,18500
1430,70,18500
1440,70,18500
1450,70,18500
1460,70,18500
1470,70,18500
1480,70,18500
1490,70,18500
1500,70,18500
1510,70,18500
1520,70,18500
1530,70,18500
1540,70,18500
1550,70,18500
1560,70,18500
1570,70,18500
1580,70,18500
1590,70,18500
1600,70,18500
1610,70,18500
1620,70,18500
1630,70,18500
1640,70,18500
1650,70,18500
1660,70,18500
1670,70,18500
1680,70,18500
1690,70,18500
1700,70,18500
1400,80,18500
1410,80,18500
1420,80,18500
1430,80,18500
1440,80,18500
1450,80,18500
1460,80,18500
1470,80,18500
1480,80,18500
1490,80,18500
1500,80,18500
1510,80,18500
1520,80,18500
1530,80,18500
1540,80,18500
1550,80,18500
1560,80,18500
1570,80,18500
1580,80,18500
1590,80,18500
1600,80,18500
1610,80,18500
1620,80,18500
1630,80,18500
1640,80,18500
1650,80,18500
1660,80,18500
1670,80,18500
1680,80,18500
1690,80,18500
1700,80,18500
1400,90,18500
1410,90,18500
1420,90,18500
1430,90,18500
1440,90,18500
1450,90,18500
1460,90,18500
1470,90,18500
1480,90,18500
1490,90,18500
1500,90,18500
1510,90,18500
1520,90,18500
1530,90,18500
1540,90,18500
1550,90,18500
1560,90,18500
1570,90,18500
1580,90,18500
1590,90,18500
1600,90,18500
1610,90,18500
1620,90,18500
1630,90,18500
1640,90,18500
1650,90,18500
1660,90,18500
1670,90,18500
1680,90,18500
1690,90,18500
1700,90,18500
1400,100,18500
1410,100,18500
1420,100,18500
1430,100,18500
1440,100,18500
1450,100,18500
1460,100,18500
1470,100,18500
1480,100,18500
1490,100,18500
1500,100,18500
1510,100,18500
1520,100,18500
1530,100,18500
1540,100,18500
1550,100,18500
1560,100,18500
1570,100,18500
1580,100,18500
1590,100,18500
1600,100,18500
1610,100,18500
1620,100,18500
1630,100,18500
1640,100,18500
1650,100,18500
1660,100,18500
1670,100,18500
1680,100,18500
1690,100,18500
1700,100,18500
1400,110,18500
1410,110,18500
1420,110,18500
1430,110,18500
1440,110,18500
1450,110,18500
1460,110,18500
1470,110,18500
1480,110,18500
1490,110,18500
1500,110,18500
1510,110,18500
1520,110,18500
1530,110,18500
1540,110,18500
1550,110,18500
1560,110,18500
1570,110,18500
1580,110,18500
1590,110,18500
1600,110,18500
1610,110,18500
1620,110,18500
1630,110,18500
1640,110,18500
1650,110,18500
1660,110,18500
1670,110,18500
1680,110,18500
1690,110,18500
1700,110,18500
1400,120,18500
1410,120,18500
1420,120,18500
1430,120,18500
1440,120,18500
1450,120,18500
1460,120,18500
1470,120,18500
1480,120,18500
1490,120,18500
1500,120,18500
1510,120,18500
1520,120,18500
1530,120,18500
1540,120,18500
1550,120,18500
1560,120,18500
1570,120,18500
1580,120,18500
1590,120,18500
1600,120,18500
1610,120,18500
1620,120,18500
1630,120,18500
1640,120,18500
1650,120,18500
1660,120,18500
1670,120,18500
1680,120,18500
1690,120,18500
1700,120,18500
1400,130,18500
1410,130,18500
1420,130,18500
1430,130,18500
1440,130,18500
1450,130,18500
1460,130,18500
1470,130,18500
1480,130,18500
1490,130,18500
1500,130,18500
1510,130,18500
1520,130,18500
1530,130,18500
1540,130,18500
1550,130,18500
1560,130,18500
1570,130,18500
1580,130,18500
1590,130,18500
1600,130,18500
1610,130,18500
1620,130,18500
1630,130,18500
1640,130,18500
1650,130,18500
1660,130,18500
1670,130,18500
1680,130,18500
1690,130,18500
1700,130,18500
1400,140,18500
1410,140,18500
1420,140,18500
1430,140,18500
1440,140,18500
1450,140,18500
1460,140,18500
1470,140,18500
1480,140,18500
1490,140,18500
1500,140,18500
1510,140,18500
1520,140,18500
1530,140,18500
1540,140,18500
1550,140,18500
1560,140,18500
1570,140,18500
1580,140,18500
1590,140,18500
1600,140,18500
1610,140,18500
1620,140,18500
1630,140,18500
1640,140,18500
1650,140,18500
1660,140,18500
1670,140,18500
1680,140,18500
1690,140,18500
1700,140,18500
1400,150,18500
1410,150,18500
1420,150,18500
1430,150,18500
1440,150,18500
1450,150,18500
1460,150,18500
1470,150,18500
1480,150,18500
1490,150,18500
1500,150,18500
1510,150,18500
1520,150,18500
1530,150,18500
1540,150,18500
1550,150,18500
1560,150,18500
1570,150,18500
1580,150,18500
1590,150,18500
1600,150,18500
1610,150,18500
1620,150,18500
1630,150,18500
1640,150,18500
1650,150,18500
1660,150,18500
1670,150,18500
1680,150,18500
1690,150,18500
1700,150,18500
1400,160,18500
1410,160,18500
1420,160,18500
1430,160,18500
1440,160,18500
1450,160,18500
1460,160,18500
1470,160,18500
1480,160,18500
1490,160,18500
1500,160,18500
1510,160,18500
1520,160,18500
1530,160,18500
1540,160,18500
1550,160,18500
1560,160,18500
1570,160,18500
1580,160,18500
1590,160,18500
1600,160,18500
1610,160,18500
1620,160,18500
1630,160,18500
1640,160,18500
1650,160,18500
1660,160,18500
1670,160,18500
1680,160,18500
1690,160,18500
1700,160,18500
1400,170,18500
1410,170,18500
1420,170,18500
1430,170,18500
1440,170,18500
1450,170,18500
1460,170,18500
1470,170,18500
1480,170,18500
1490,170,18500
1500,170,18500
1510,170,18500
1520,170,18500
1530,170,18500
1540,170,18500
1550,170,18500
1560,170,18500
1570,170,18500
1580,170,18500
1590,170,18500
1600,170,18500
1610,170,18500
1620,170,18500
1630,170,18500
1640,170,18500
1650,170,18500
1660,170,18500
1670,170,18500
1680,170,18500
1690,170,18500
1700,170,18500
1400,180,18500
1410,180,18500
1420,180,18500
1430,180,18500
1440,180,18500
1450,180,18500
1460,180,18500
1470,180,18500
1480,180,18500
1490,180,18500
1500,180,18500
1510,180,18500
1520,180,18500
1530,180,18500
1540,180,18500
1550,180,18500
1560,180,18500
1570,180,18500
1580,180,18500
1590,180,18500
1600,180,18500
1610,180,18500
1620,180,18500
1630,180,18500
1640,180,18500
1650,180,18500
1660,180,18500
1670,180,18500
1680,180,18500
1690,180,18500
1700,180,18500
1400,190,18500
1410,190,18500
1420,190,18500
1430,190,18500
1440,190,18500
1450,190,18500
1460,190,18500
1470,190,18500
1480,190,18500
1490,190,18500
1500,190,18500
1510,190,18500
1520,190,18500
1530,190,18500
1540,190,18500
1550,190,18500
1560,190,18500
1570,190,18500
1580,190,18500
1590,190,18500
1600,190,18500
1610,190,18500
1620,190,18500
1630,190,18500
1640,190,18500
1650,190,18500
1660,190,18500
1670,190,18500
1680,190,18500
1690,190,18500
1700,190,18500
1400,200,18500
1410,200,18500
1420,200,18500
1430,200,18500
1440,200,18500
1450,200,18500
1460,200,18500
1470,200,18500
1480,200,18500
1490,200,18500
1500,200,18500
1510,200,18500
1520,200,18500
1530,200,18500
1540,200,18500
1550,200,18500
1560,200,18500
1570,200,18500
1580,200,18500
1590,200,18500
1600,200,18500
1610,200,18500
1620,200,18500
1630,200,18500
1640,200,18500
1650,200,18500
1660,200,18500
1670,200,18500
1680,200,18500
1690,200,18500
1700,200,18500
1400,210,18500
1410,210,18500
1420,210,18500
1430,210,18500
1440,210,18500
1450,210,18500
1460,210,18500
1470,210,18500
1480,210,18500
1490,210,18500
1500,210,18500
1510,210,18500
1520,210,18500
1530,210,18500
1540,210,18500
1550,210,18500
1560,210,18500
1570,210,18500
1580,210,18500
1590,210,18500
1600,210,18500
1610,210,18500
1620,210,18500
1630,210,18500
1640,210,18500
1650,210,18500
1660,210,18500
1670,210,18500
1680,210,18500
1690,210,18500
1700,210,18500
1400,220,18500
1410,220,18500
1420,220,18500
1430,220,18500
1440,220,18500
1450,220,18500
1460,220,18500
1470,220,18500
1480,220,18500
1490,220,18500
1500,220,18500
1510,220,18500
1520,220,18500
1530,220,18500
1540,220,18500
1550,220,18500
1560,220,18500
1570,220,18500
1580,220,18500
1590,220,18500
1600,220,18500
1610,220,18500
1620,220,18500
1630,220,18500
1640,220,18500
1650,220,18500
1660,220,18500
1670,220,18500
1680,220,18500
1690,220,18500
1700,220,18500
1400,230,18500
1410,230,18500
1420,230,18500
1430,230,18500
1440,230,18500
1450,230,18500
1460,230,18500
1470,230,18500
1480,230,18500
1490,230,18500
1500,230,18500
1510,230,18500
1520,230,18500
1530,230,18500
1540,230,18500
1550,230,18500
1560,230,18500
1570,230,18500
1580,230,18500
1590,230,18500
1600,230,18500
1610,230,18500
1620,230,18500
1630,230,18500
1640,230,18500
1650,230,18500
1660,230,18500
1670,230,18500
1680,230,18500
1690,230,18500
1700,230,18500
1400,240,18500
1410,240,18500
1420,240,18500
1430,240,18500
1440,240,18500
1450,240,18500
1460,240,18500
1470,240,18500
1480,240,18500
1490,240,18500
1500,240,18500
1510,240,18500
1520,240,18500
1530,240,18500
1540,240,18500
1550,240,18500
1560,240,18500
1570,240,18500
1580,240,18500
1590,240,18500
1600,240,18500
1610,240,18500
1620,240,18500
1630,240,18500
1640,240,18500
1650,240,18500
1660,240,18500
1670,240,18500
1680,240,18500
1690,240,18500
1700,240,18500
1400,250,18500
1410,250,18500
1420,250,18500
1430,250,18500
1440,250,18500
1450,250,18500
1460,250,18500
1470,250,18500
1480,250,18500
1490,250,18500
1500,250,18500
1510,250,18500
1520,250,18500
1530,250,18500
1540,250,18500
1550,250,18500
1560,250,18500
1570,250,18500
1580,250,18500
1590,250,18500
1600,250,18500
1610,250,18500
1620,250,18500
1630,250,18500
1640,250,18500
1650,250,18500
1660,250,18500
1670,250,18500
1680,250,18500
1690,250,18500
1700,250,18500
1400,50,18750
1410,50,18750
1420,50,18750
1430,50,18750
1440,50,18750
1450,50,18750
1460,50,18750
1470,50,18750
1480,50,18750
1490,50,18750
1500,50,18750
1510,50,18750
1520,50,18750
1530,50,18750
1540,50,18750
1550,50,18750
1560,50,18750
1570,50,18750
1580,50,18750
1590,50,18750
1600,50,18750
1610,50,18750
1620,50,18750
1630,50,18750
1640,50,18750
1650,50,18750
1660,50,18750
1670,50,18750
1680,50,18750
1690,50,18750
1700,50,18750
1400,60,18750
1410,60,18750
1420,60,18750
1430,60,18750
1440,60,18750
1450,60,18750
1460,60,18750
1470,60,18750
1480,60,18750
1490,60,18750
1500,60,18750
1510,60,18750
1520,60,18750
1530,60,18750
1540,60,18750
1550,60,18750
1560,60,18750
1570,60,18750
1580,60,18750
1590,60,18750
1600,60,18750
1610,60,18750
1620,60,18750
1630,60,18750
1640,60,18750
1650,60,18750
1660,60,18750
1670,60,18750
1680,60,18750
1690,60,18750
1700,60,18750
1400,70,18750
1410,70,18750
1420,70,18750
1430,70,18750
1440,70,18750
1450,70,18750
1460,70,18750
1470,70,18750
1480,70,18750
1490,70,18750
1500,70,18750
1510,70,18750
1520,70,18750
1530,70,18750
1540,70,18750
1550,70,18750
1560,70,18750
1570,70,18750
1580,70,18750
1590,70,18750
1600,70,18750
1610,70,18750
1620,70,18750
1630,70,18750
1640,70,18750
1650,70,18750
1660,70,18750
1670,70,18750
1680,70,18750
1690,70,18750
1700,70,18750
1400,80,18750
1410,80,18750
1420,80,18750
1430,80,18750
1440,80,18750
1450,80,18750
1460,80,18750
1470,80,18750
1480,80,18750
1490,80,18750
1500,80,18750
1510,80,18750
1520,80,18750
1530,80,18750
1540,80,18750
1550,80,18750
1560,80,18750
1570,80,18750
1580,80,18750
1590,80,18750
1600,80,18750
1610,80,18750
1620,80,18750
1630,80,18750
1640,80,18750
1650,80,18750
1660,80,18750
1670,80,18750
1680,80,18750
1690,80,18750
1700,80,18750
1400,90,18750
1410,90,18750
1420,90,18750
1430,90,18750
1440,90,18750
1450,90,18750
1460,90,18750
1470,90,18750
1480,90,18750
1490,90,18750
1500,90,18750
1510,90,18750
1520,90,18750
1530,90,18750
1540,90,18750
1550,90,18750
1560,90,18750
1570,90,18750
1580,90,18750
1590,90,18750
1600,90,18750
1610,90,18750
1620,90,18750
1630,90,18750
1640,90,18750
1650,90,18750
1660,90,18750
1670,90,18750
1680,90,18750
1690,90,18750
1700,90,18750
1400,100,18750
1410,100,18750
1420,100,18750
1430,100,18750
1440,100,18750
1450,100,18750
1460,100,18750
1470,100,18750
1480,100,18750
1490,100,18750
1500,100,18750
1510,100,18750
1520,100,18750
1530,100,18750
1540,100,18750
1550,100,18750
1560,100,18750
1570,100,18750
1580,100,18750
1590,100,18750
1600,100,18750
1610,100,18750
1620,100,18750
1630,100,18750
1640,100,18750
1650,100,18750
1660,100,18750
1670,100,18750
1680,100,18750
1690,100,18750
1700,100,18750
1400,110,18750
1410,110,18750
1420,110,18750
1430,110,18750
1440,110,18750
1450,110,18750
1460,110,18750
1470,110,18750
1480,110,18750
1490,110,18750
1500,110,18750
1510,110,18750
1520,110,18750
1530,110,18750
1540,110,18750
1550,110,18750
1560,110,18750
1570,110,18750
1580,110,18750
1590,110,18750
1600,110,18750
1610,110,18750
1620,110,18750
1630,110,18750
1640,110,18750
1650,110,18750
1660,110,18750
1670,110,18750
1680,110,18750
1690,110,18750
1700,110,18750
1400,120,18750
1410,120,18750
1420,120,18750
1430,120,18750
1440,120,18750
1450,120,18750
1460,120,18750
1470,120,18750
1480,120,18750
1490,120,18750
1500,120,18750
1510,120,18750
1520,120,18750
1530,120,18750
1540,120,18750
1550,120,18750
1560,120,18750
1570,120,18750
1580,120,18750
1590,120,18750
1600,120,18750
1610,120,18750
1620,120,18750
1630,120,18750
1640,120,18750
1650,120,18750
1660,120,18750
1670,120,18750
1680,120,18750
1690,120,18750
1700,120,18750
1400,130,18750
1410,130,18750
1420,130,18750
1430,130,18750
1440,130,18750
1450,130,18750
1460,130,18750
1470,130,18750
1480,130,18750
1490,130,18750
1500,130,18750
1510,130,18750
1520,130,18750
1530,130,18750
1540,130,18750
1550,130,18750
1560,130,18750
1570,130,18750
1580,130,18750
1590,130,18750
1600,130,18750
1610,130,18750
1620,130,18750
1630,130,18750
1640,130,18750
1650,130,18750
1660,130,18750
1670,130,18750
1680,130,18750
1690,130,18750
1700,130,18750
1400,140,18750
1410,140,18750
1420,140,18750
1430,140,18750
1440,140,18750
1450,140,18750
1460,140,18750
1470,140,18750
1480,140,18750
1490,140,18750
1500,140,18750
1510,140,18750
1520,140,18750
1530,140,18750
1540,140,18750
1550,140,18750
1560,140,18750
1570,140,18750
1580,140,18750
1590,140,18750
1600,140,18750
1610,140,18750
1620,140,18750
1630,140,18750
1640,140,18750
1650,140,18750
1660,140,18750
1670,140,18750
1680,140,18750
1690,140,18750
1700,140,18750
1400,150,18750
1410,150,18750
1420,150,18750
1430,150,18750
1440,150,18750
1450,150,18750
1460,150,18750
1470,150,18750
1480,150,18750
1490,150,18750
1500,150,18750
1510,150,18750
1520,150,18750
1530,150,18750
1540,150,18750
1550,150,18750
1560,150,18750
1570,150,18750
1580,150,18750
1590,150,18750
1600,150,18750
1610,150,18750
1620,150,18750
1630,150,18750
1640,150,18750
1650,150,18750
1660,150,18750
1670,150,18750
1680,150,18750
1690,150,18750
1700,150,18750
1400,160,18750
1410,160,18750
1420,160,18750
1430,160,18750
1440,160,18750
1450,160,18750
1460,160,18750
1470,160,18750
1480,160,18750
1490,160,18750
1500,160,18750
1510,160,18750
1520,160,18750
1530,160,18750
1540,160,18750
1550,160,18750
1560,160,18750
1570,160,18750
1580,160,18750
1590,160,18750
1600,160,18750
1610,160,18750
1620,160,18750
1630,160,18750
1640,160,18750
1650,160,18750
1660,160,18750
1670,160,18750
1680,160,18750
1690,160,18750
1700,160,18750
1400,170,18750
1410,170,18750
1420,170,18750
1430,170,18750
1440,170,18750
1450,170,18750
1460,170,18750
1470,170,18750
1480,170,18750
1490,170,18750
1500,170,18750
1510,170,18750
1520,170,18750
1530,170,18750
1540,170,18750
1550,170,18750
1560,170,18750
1570,170,18750
1580,170,18750
1590,170,18750
1600,170,18750
1610,170,18750
1620,170,18750
1630,170,18750
1640,170,18750
1650,170,18750
1660,170,18750
1670,170,18750
1680,170,18750
1690,170,18750
1700,170,18750
1400,180,18750
1410,180,18750
1420,180,18750
1430,180,18750
1440,180,18750
1450,180,18750
1460,180,18750
1470,180,18750
1480,180,18750
1490,180,18750
1500,180,18750
1510,180,18750
1520,180,18750
1530,180,18750
1540,180,18750
1550,180,18750
1560,180,18750
1570,180,18750
1580,180,18750
1590,180,18750
1600,180,18750
1610,180,18750
1620,180,18750
1630,180,18750
1640,180,18750
1650,180,18750
1660,180,18750
1670,180,18750
1680,180,18750
1690,180,18750
1700,180,18750
1400,190,18750
1410,190,18750
1420,190,18750
1430,190,18750
1440,190,18750
1450,190,18750
1460,190,18750
1470,190,18750
1480,190,18750
1490,190,18750
1500,190,18750
1510,190,18750
1520,190,18750
1530,190,18750
1540,190,18750
1550,190,18750
1560,190,18750
1570,190,18750
1580,190,18750
1590,190,18750
1600,190,18750
1610,190,18750
1620,190,18750
1630,190,18750
1640,190,18750
1650,190,18750
1660,190,18750
1670,190,18750
1680,190,18750
1690,190,18750
1700,190,18750
1400,200,18750
1410,200,18750
1420,200,18750
1430,200,18750
1440,200,18750
1450,200,18750
1460,200,18750
1470,200,18750
1480,200,18750
1490,200,18750
1500,200,18750
1510,200,18750
1520,200,18750
1530,200,18750
1540,200,18750
1550,200,18750
1560,200,18750
1570,200,18750
1580,200,18750
1590,200,18750
1600,200,18750
1610,200,18750
1620,200,18750
1630,200,18750
1640,200,18750
1650,200,18750
1660,200,18750
1670,200,18750
1680,200,18750
1690,200,18750
1700,200,18750
1400,210,18750
1410,210,18750
1420,210,18750
1430,210,18750
1440,210,18750
1450,210,18750
1460,210,18750
1470,210,18750
1480,210,18750
1490,210,18750
1500,210,18750
1510,210,18750
1520,210,18750
1530,210,18750
1540,210,18750
1550,210,18750
1560,210,18750
1570,210,18750
1580,210,18750
1590,210,18750
1600,210,18750
1610,210,18750
1620,210,18750
1630,210,18750
1640,210,18750
1650,210,18750
1660,210,18750
1670,210,18750
1680,210,18750
1690,210,18750
1700,210,18750
1400,220,18750
1410,220,18750
1420,220,18750
1430,220,18750
1440,220,18750
1450,220,18750
1460,220,18750
1470,220,18750
1480,220,18750
1490,220,18750
1500,220,18750
1510,220,18750
1520,220,18750
1530,220,18750
1540,220,18750
1550,220,18750
1560,220,18750
1570,220,18750
1580,220,18750
1590,220,18750
1600,220,18750
1610,220,18750
1620,220,18750
1630,220,18750
1640,220,18750
1650,220,18750
1660,220,18750
1670,220,18750
1680,220,18750
1690,220,18750
1700,220,18750
1400,230,18750
1410,230,18750
1420,230,18750
1430,230,18750
1440,230,18750
1450,230,18750
1460,230,18750
1470,230,18750
1480,230,18750
1490,230,18750
1500,230,18750
1510,230,18750
1520,230,18750
1530,230,18750
1540,230,18750
1550,230,18750
1560,230,18750
1570,230,18750
1580,230,18750
1590,230,18750
1600,230,18750
1610,230,18750
1620,230,18750
1630,230,18750
1640,230,18750
1650,230,18750
1660,230,18750
1670,230,18750
1680,230,18750
1690,230,18750
1700,230,18750
1400,240,18750
1410,240,18750
1420,240,18750
1430,240,18750
1440,240,18750
1450,240,18750
1460,240,18750
1470,240,18750
1480,240,18750
1490,240,18750
1500,240,18750
1510,240,18750
1520,240,18750
1530,240,18750
1540,240,18750
1550,240,18750
1560,240,18750
1570,240,18750
1580,240,18750
1590,240,18750
1600,240,18750
1610,240,18750
1620,240,18750
1630,240,18750
1640,240,18750
1650,240,18750
1660,240,18750
1670,240,18750
1680,240,18750
1690,240,18750
1700,240,18750
1400,250,18750
1410,250,18750
1420,250,18750
1430,250,18750
1440,250,18750
1450,250,18750
1460,250,18750
1470,250,18750
1480,250,18750
1490,250,18750
1500,250,18750
1510,250,18750
1520,250,18750
1530,250,18750
1540,250,18750
1550,250,18750
1560,250,18750
1570,250,18750
1580,250,18750
1590,250,18750
1600,250,18750
1610,250,18750
1620,250,18750
1630,250,18750
1640,250,18750
1650,250,18750
1660,250,18750
1670,250,18750
1680,250,18750
1690,250,18750
1700,250,18750
1400,50,19000
1410,50,19000
1420,50,19000
1430,50,19000
1440,50,19000
1450,50,19000
1460,50,19000
1470,50,19000
1480,50,19000
1490,50,19000
1500,50,19000
1510,50,19000
1520,50,19000
1530,50,19000
1540,50,19000
1550,50,19000
1560,50,19000
1570,50,19000
1580,50,19000
1590,50,19000
1600,50,19000
1610,50,19000
1620,50,19000
1630,50,19000
1640,50,19000
1650,50,19000
1660,50,19000
1670,50,19000
1680,50,19000
1690,50,19000
1700,50,19000
1400,60,19000
1410,60,19000
1420,60,19000
1430,60,19000
1440,60,19000
1450,60,19000
1460,60,19000
1470,60,19000
1480,60,19000
1490,60,19000
1500,60,19000
1510,60,19000
1520,60,19000
1530,60,19000
1540,60,19000
1550,60,19000
1560,60,19000
1570,60,19000
1580,60,19000
1590,60,19000
1600,60,19000
1610,60,19000
1620,60,19000
1630,60,19000
1640,60,19000
1650,60,19000
1660,60,19000
1670,60,19000
1680,60,19000
1690,60,19000
1700,60,19000
1400,70,19000
1410,70,19000
1420,70,19000
1430,70,19000
1440,70,19000
1450,70,19000
1460,70,19000
1470,70,19000
1480,70,19000
1490,70,19000
1500,70,19000
1510,70,19000
1520,70,19000
1530,70,19000
1540,70,19000
1550,70,19000
1560,70,19000
1570,70,19000
1580,70,19000
1590,70,19000
1600,70,19000
1610,70,19000
1620,70,19000
1630,70,19000
1640,70,19000
1650,70,19000
1660,70,19000
1670,70,19000
1680,70,19000
1690,70,19000
1700,70,19000
1400,80,19000
1410,80,19000
1420,80,19000
1430,80,19000
1440,80,19000
1450,80,19000
1460,80,19000
1470,80,19000
1480,80,19000
1490,80,19000
1500,80,19000
1510,80,19000
1520,80,19000
1530,80,19000
1540,80,19000
1550,80,19000
1560,80,19000
1570,80,19000
1580,80,19000
1590,80,19000
1600,80,19000
1610,80,19000
1620,80,19000
1630,80,19000
1640,80,19000
1650,80,19000
1660,80,19000
1670,80,19000
1680,80,19000
1690,80,19000
1700,80,19000
1400,90,19000
1410,90,19000
1420,90,19000
1430,90,19000
1440,90,19000
1450,90,19000
1460,90,19000
1470,90,19000
1480,90,19000
1490,90,19000
1500,90,19000
1510,90,19000
1520,90,19000
1530,90,19000
1540,90,19000
1550,90,19000
1560,90,19000
1570,90,19000
1580,90,19000
1590,90,19000
1600,90,19000
1610,90,19000
1620,90,19000
1630,90,19000
1640,90,19000
1650,90,19000
1660,90,19000
1670,90,19000
1680,90,19000
1690,90,19000
1700,90,19000
1400,100,19000
1410,100,19000
1420,100,19000
1430,100,19000
1440,100,19000
1450,100,19000
1460,100,19000
1470,100,19000
1480,100,19000
1490,100,19000
1500,100,19000
1510,100,19000
1520,100,19000
1530,100,19000
1540,100,19000
1550,100,19000
1560,100,19000
1570,100,19000
1580,100,19000
1590,100,19000
1600,100,19000
1610,100,19000
1620,100,19000
1630,100,19000
1640,100,19000
1650,100,19000
1660,100,19000
1670,100,19000
1680,100,19000
1690,100,19000
1700,100,19000
1400,110,19000
1410,110,19000
1420,110,19000
1430,110,19000
1440,110,19000
1450,110,19000
1460,110,19000
1470,110,19000
1480,110,19000
1490,110,19000
1500,110,19000
1510,110,19000
1520,110,19000
1530,110,19000
1540,110,19000
1550,110,19000
1560,110,19000
1570,110,19000
1580,110,19000
1590,110,19000
1600,110,19000
1610,110,19000
1620,110,19000
1630,110,19000
1640,110,19000
1650,110,19000
1660,110,19000
1670,110,19000
1680,110,19000
1690,110,19000
1700,110,19000
1400,120,19000
1410,120,19000
1420,120,19000
1430,120,19000
1440,120,19000
1450,120,19000
1460,120,19000
1470,120,19000
1480,120,19000
1490,120,19000
1500,120,19000
1510,120,19000
1520,120,19000
1530,120,19000
1540,120,19000
1550,120,19000
1560,120,19000
1570,120,19000
1580,120,19000
1590,120,19000
1600,120,19000
1610,120,19000
1620,120,19000
1630,120,19000
1640,120,19000
1650,120,19000
1660,120,19000
1670,120,19000
1680,120,19000
1690,120,19000
1700,120,19000
1400,130,19000
1410,130,19000
1420,130,19000
1430,130,19000
1440,130,19000
1450,130,19000
1460,130,19000
1470,130,19000
1480,130,19000
1490,130,19000
1500,130,19000
1510,130,19000
1520,130,19000
1530,130,19000
1540,130,19000
1550,130,19000
1560,130,19000
1570,130,19000
1580,130,19000
1590,130,19000
1600,130,19000
1610,130,19000
1620,130,19000
1630,130,19000
1640,130,19000
1650,130,19000
1660,130,19000
1670,130,19000
1680,130,19000
1690,130,19000
1700,130,19000
1400,140,19000
1410,140,19000
1420,140,19000
1430,140,19000
1440,140,19000
1450,140,19000
1460,140,19000
1470,140,19000
1480,140,19000
1490,140,19000
1500,140,19000
1510,140,19000
1520,140,19000
1530,140,19000
1540,140,19000
1550,140,19000
1560,140,19000
1570,140,19000
1580,140,19000
1590,140,19000
1600,140,19000
1610,140,19000
1620,140,19000
1630,140,19000
1640,140,19000
1650,140,19000
1660,140,19000
1670,140,19000
1680,140,19000
1690,140,19000
1700,140,19000
1400,150,19000
1410,150,19000
1420,150,19000
1430,150,19000
1440,150,19000
1450,150,19000
1460,150,19000
1470,150,19000
1480,150,19000
1490,150,19000
1500,150,19000
1510,150,19000
1520,150,19000
1530,150,19000
1540,150,19000
1550,150,19000
1560,150,19000
1570,150,19000
1580,150,19000
1590,150,19000
1600,150,19000
1610,150,19000
1620,150,19000
1630,150,19000
1640,150,19000
1650,150,19000
1660,150,19000
1670,150,19000
1680,150,19000
1690,150,19000
1700,150,19000
1400,160,19000
1410,160,19000
1420,160,19000
1430,160,19000
1440,160,19000
1450,160,19000
1460,160,19000
1470,160,19000
1480,160,19000
1490,160,19000
1500,160,19000
1510,160,19000
1520,160,19000
1530,160,19000
1540,160,19000
1550,160,19000
1560,160,19000
1570,160,19000
1580,160,19000
1590,160,19000
1600,160,19000
1610,160,19000
1620,160,19000
1630,160,19000
1640,160,19000
1650,160,19000
1660,160,19000
1670,160,19000
1680,160,19000
1690,160,19000
1700,160,19000
1400,170,19000
1410,170,19000
1420,170,19000
1430,170,19000
1440,170,19000
1450,170,19000
1460,170,19000
1470,170,19000
1480,170,19000
1490,170,19000
1500,170,19000
1510,170,19000
1520,170,19000
1530,170,19000
1540,170,19000
1550,170,19000
1560,170,19000
1570,170,19000
1580,170,19000
1590,170,19000
1600,170,19000
1610,170,19000
1620,170,19000
1630,170,19000
1640,170,19000
1650,170,19000
1660,170,19000
1670,170,19000
1680,170,19000
1690,170,19000
1700,170,19000
1400,180,19000
1410,180,19000
1420,180,19000
1430,180,19000
1440,180,19000
1450,180,19000
1460,180,19000
1470,180,19000
1480,180,19000
1490,180,19000
1500,180,19000
1510,180,19000
1520,180,19000
1530,180,19000
1540,180,19000
1550,180,19000
1560,180,19000
1570,180,19000
1580,180,19000
1590,180,19000
1600,180,19000
1610,180,19000
1620,180,19000
1630,180,19000
1640,180,19000
1650,180,19000
1660,180,19000
1670,180,19000
1680,180,19000
1690,180,19000
1700,180,19000
1400,190,19000
1410,190,19000
1420,190,19000
1430,190,19000
1440,190,19000
1450,190,19000
1460,190,19000
1470,190,19000
1480,190,19000
1490,190,19000
1500,190,19000
1510,190,19000
1520,190,19000
1530,190,19000
1540,190,19000
1550,190,19000
1560,190,19000
1570,190,19000
1580,190,19000
1590,190,19000
1600,190,19000
1610,190,19000
1620,190,19000
1630,190,19000
1640,190,19000
1650,190,19000
1660,190,19000
1670,190,19000
1680,190,19000
1690,190,19000
1700,190,19000
1400,200,19000
1410,200,19000
1420,200,19000
1430,200,19000
1440,200,19000
1450,200,19000
1460,200,19000
1470,200,19000
1480,200,19000
1490,200,19000
1500,200,19000
1510,200,19000
1520,200,19000
1530,200,19000
1540,200,19000
1550,200,19000
1560,200,19000
1570,200,19000
1580,200,19000
1590,200,19000
1600,200,19000
1610,200,19000
1620,200,19000
1630,200,19000
1640,200,19000
1650,200,19000
1660,200,19000
1670,200,19000
1680,200,19000
1690,200,19000
1700,200,19000
1400,210,19000
1410,210,19000
1420,210,19000
1430,210,19000
1440,210,19000
1450,210,19000
1460,210,19000
1470,210,19000
1480,210,19000
1490,210,19000
1500,210,19000
1510,210,19000
1520,210,19000
1530,210,19000
1540,210,19000
1550,210,19000
1560,210,19000
1570,210,19000
1580,210,19000
1590,210,19000
1600,210,19000
1610,210,19000
1620,210,19000
1630,210,19000
1640,210,19000
1650,210,19000
1660,210,19000
1670,210,19000
1680,210,19000
1690,210,19000
1700,210,19000
1400,220,19000
1410,220,19000
1420,220,19000
1430,220,19000
1440,220,19000
1450,220,19000
1460,220,19000
1470,220,19000
1480,220,19000
1490,220,19000
1500,220,19000
1510,220,19000
1520,220,19000
1530,220,19000
1540,220,19000
1550,220,19000
1560,220,19000
1570,220,19000
1580,220,19000
1590,220,19000
1600,220,19000
1610,220,19000
1620,220,19000
1630,220,19000
1640,220,19000
1650,220,19000
1660,220,19000
1670,220,19000
1680,220,19000
1690,220,19000
1700,220,19000
1400,230,19000
1410,230,19000
1420,230,19000
1430,230,19000
1440,230,19000
1450,230,19000
1460,230,19000
1470,230,19000
1480,230,19000
1490,230,19000
1500,230,19000
1510,230,19000
1520,230,19000
1530,230,19000
1540,230,19000
1550,230,19000
1560,230,19000
1570,230,19000
1580,230,19000
1590,230,19000
1600,230,19000
1610,230,19000
1620,230,19000
1630,230,19000
1640,230,19000
1650,230,19000
1660,230,19000
1670,230,19000
1680,230,19000
1690,230,19000
1700,230,19000
1400,240,19000
1410,240,19000
1420,240,19000
1430,240,19000
1440,240,19000
1450,240,19000
1460,240,19000
1470,240,19000
1480,240,19000
1490,240,19000
1500,240,19000
1510,240,19000
1520,240,19000
1530,240,19000
1540,240,19000
1550,240,19000
1560,240,19000
1570,240,19000
1580,240,19000
1590,240,19000
1600,240,19000
1610,240,19000
1620,240,19000
1630,240,19000
1640,240,19000
1650,240,19000
1660,240,19000
1670,240,19000
1680,240,19000
1690,240,19000
1700,240,19000
1400,250,19000
1410,250,19000
1420,250,19000
1430,250,19000
1440,250,19000
1450,250,19000
1460,250,19000
1470,250,19000
1480,250,19000
1490,250,19000
1500,250,19000
1510,250,19000
1520,250,19000
1530,250,19000
1540,250,19000
1550,250,19000
1560,250,19000
1570,250,19000
1580,250,19000
1590,250,19000
1600,250,19000
1610,250,19000
1620,250,19000
1630,250,19000
1640,250,19000
1650,250,19000
1660,250,19000
1670,250,19000
1680,250,19000
1690,250,19000
1700,250,19000
1400,50,19250
1410,50,19250
1420,50,19250
1430,50,19250
1440,50,19250
1450,50,19250
1460,50,19250
1470,50,19250
1480,50,19250
1490,50,19250
1500,50,19250
1510,50,19250
1520,50,19250
1530,50,19250
1540,50,19250
1550,50,19250
1560,50,19250
1570,50,19250
1580,50,19250
1590,50,19250
1600,50,19250
1610,50,19250
1620,50,19250
1630,50,19250
1640,50,19250
1650,50,19250
1660,50,19250
1670,50,19250
1680,50,19250
1690,50,19250
1700,50,19250
1400,60,19250
1410,60,19250
1420,60,19250
1430,60,19250
1440,60,19250
1450,60,19250
1460,60,19250
1470,60,19250
1480,60,19250
1490,60,19250
1500,60,19250
1510,60,19250
1520,60,19250
1530,60,19250
1540,60,19250
1550,60,19250
1560,60,19250
1570,60,19250
1580,60,19250
1590,60,19250
1600,60,19250
1610,60,19250
1620,60,19250
1630,60,19250
1640,60,19250
1650,60,19250
1660,60,19250
1670,60,19250
1680,60,19250
1690,60,19250
1700,60,19250
1400,70,19250
1410,70,19250
1420,70,19250
1430,70,19250
1440,70,19250
1450,70,19250
1460,70,19250
1470,70,19250
1480,70,19250
1490,70,19250
1500,70,19250
1510,70,19250
1520,70,19250
1530,70,19250
1540,70,19250
1550,70,19250
1560,70,19250
1570,70,19250
1580,70,19250
1590,70,19250
1600,70,19250
1610,70,19250
1620,70,19250
1630,70,19250
1640,70,19250
1650,70,19250
1660,70,19250
1670,70,19250
1680,70,19250
1690,70,19250
1700,70,19250
1400,80,19250
1410,80,19250
1420,80,19250
1430,80,19250
1440,80,19250
1450,80,19250
1460,80,19250
1470,80,19250
1480,80,19250
1490,80,19250
1500,80,19250
1510,80,19250
1520,80,19250
1530,80,19250
1540,80,19250
1550,80,19250
1560,80,19250
1570,80,19250
1580,80,19250
1590,80,19250
1600,80,19250
1610,80,19250
1620,80,19250
1630,80,19250
1640,80,19250
1650,80,19250
1660,80,19250
1670,80,19250
1680,80,19250
1690,80,19250
1700,80,19250
1400,90,19250
1410,90,19250
1420,90,19250
1430,90,19250
1440,90,19250
1450,90,19250
1460,90,19250
1470,90,19250
1480,90,19250
1490,90,19250
1500,90,19250
1510,90,19250
1520,90,19250
1530,90,19250
1540,90,19250
1550,90,19250
1560,90,19250
1570,90,19250
1580,90,19250
1590,90,19250
1600,90,19250
1610,90,19250
1620,90,19250
1630,90,19250
1640,90,19250
1650,90,19250
1660,90,19250
1670,90,19250
1680,90,19250
1690,90,19250
1700,90,19250
1400,100,19250
1410,100,19250
1420,100,19250
1430,100,19250
1440,100,19250
1450,100,19250
1460,100,19250
1470,100,19250
1480,100,19250
1490,100,19250
1500,100,19250
1510,100,19250
1520,100,19250
1530,100,19250
1540,100,19250
1550,100,19250
1560,100,19250
1570,100,19250
1580,100,19250
1590,100,19250
1600,100,19250
1610,100,19250
1620,100,19250
1630,100,19250
1640,100,19250
1650,100,19250
1660,100,19250
1670,100,19250
1680,100,19250
1690,100,19250
1700,100,19250
1400,110,19250
1410,110,19250
1420,110,19250
1430,110,19250
1440,110,19250
1450,110,19250
1460,110,19250
1470,110,19250
1480,110,19250
1490,110,19250
1500,110,19250
1510,110,19250
1520,110,19250
1530,110,19250
1540,110,19250
1550,110,19250
1560,110,19250
1570,110,19250
1580,110,19250
1590,110,19250
1600,110,19250
1610,110,19250
1620,110,19250
1630,110,19250
1640,110,19250
1650,110,19250
1660,110,19250
1670,110,19250
1680,110,19250
1690,110,19250
1700,110,19250
1400,120,19250
1410,120,19250
1420,120,19250
1430,120,19250
1440,120,19250
1450,120,19250
1460,120,19250
1470,120,19250
1480,120,19250
1490,120,19250
1500,120,19250
1510,120,19250
1520,120,19250
1530,120,19250
1540,120,19250
1550,120,19250
1560,120,19250
1570,120,19250
1580,120,19250
1590,120,19250
1600,120,19250
1610,120,19250
1620,120,19250
1630,120,19250
1640,120,19250
1650,120,19250
1660,120,19250
1670,120,19250
1680,120,19250
1690,120,19250
1700,120,19250
1400,130,19250
1410,130,19250
1420,130,19250
1430,130,19250
1440,130,19250
1450,130,19250
1460,130,19250
1470,130,19250
1480,130,19250
1490,130,19250
1500,130,19250
1510,130,19250
1520,130,19250
1530,130,19250
1540,130,19250
1550,130,19250
1560,130,19250
1570,130,19250
1580,130,19250
1590,130,19250
1600,130,19250
1610,130,19250
1620,130,19250
1630,130,19250
1640,130,19250
1650,130,19250
1660,130,19250
1670,130,19250
1680,130,19250
1690,130,19250
1700,130,19250
1400,140,19250
1410,140,19250
1420,140,19250
1430,140,19250
1440,140,19250
1450,140,19250
1460,140,19250
1470,140,19250
1480,140,19250
1490,140,19250
1500,140,19250
1510,140,19250
1520,140,19250
1530,140,19250
1540,140,19250
1550,140,19250
1560,140,19250
1570,140,19250
1580,140,19250
1590,140,19250
1600,140,19250
1610,140,19250
1620,140,19250
1630,140,19250
1640,140,19250
1650,140,19250
1660,140,19250
1670,140,19250
1680,140,19250
1690,140,19250
1700,140,19250
1400,150,19250
1410,150,19250
1420,150,19250
1430,150,19250
1440,150,19250
1450,150,19250
1460,150,19250
1470,150,19250
1480,150,19250
1490,150,19250
1500,150,19250
1510,150,19250
1520,150,19250
1530,150,19250
1540,150,19250
1550,150,19250
1560,150,19250
1570,150,19250
1580,150,19250
1590,150,19250
1600,150,19250
1610,150,19250
1620,150,19250
1630,150,19250
1640,150,19250
1650,150,19250
1660,150,19250
1670,150,19250
1680,150,19250
1690,150,19250
1700,150,19250
1400,160,19250
1410,160,19250
1420,160,19250
1430,160,19250
1440,160,19250
1450,160,19250
1460,160,19250
1470,160,19250
1480,160,19250
1490,160,19250
1500,160,19250
1510,160,19250
1520,160,19250
1530,160,19250
1540,160,19250
1550,160,19250
1560,160,19250
1570,160,19250
1580,160,19250
1590,160,19250
1600,160,19250
1610,160,19250
1620,160,19250
1630,160,19250
1640,160,19250
1650,160,19250
1660,160,19250
1670,160,19250
1680,160,19250
1690,160,19250
1700,160,19250
1400,170,19250
1410,170,19250
1420,170,19250
1430,170,19250
1440,170,19250
1450,170,19250
1460,170,19250
1470,170,19250
1480,170,19250
1490,170,19250
1500,170,19250
1510,170,19250
1520,170,19250
1530,170,19250
1540,170,19250
1550,170,19250
1560,170,19250
1570,170,19250
1580,170,19250
1590,170,19250
1600,170,19250
1610,170,19250
1620,170,19250
1630,170,19250
1640,170,19250
1650,170,19250
1660,170,19250
1670,170,19250
1680,170,19250
1690,170,19250
1700,170,19250
1400,180,19250
1410,180,19250
1420,180,19250
1430,180,19250
1440,180,19250
1450,180,19250
1460,180,19250
1470,180,19250
1480,180,19250
1490,180,19250
1500,180,19250
1510,180,19250
1520,180,19250
1530,180,19250
1540,180,19250
1550,180,19250
1560,180,19250
1570,180,19250
1580,180,19250
1590,180,19250
1600,180,19250
1610,180,19250
1620,180,19250
1630,180,19250
1640,180,19250
1650,180,19250
1660,180,19250
1670,180,19250
1680,180,19250
1690,180,19250
1700,180,19250
1400,190,19250
1410,190,19250
1420,190,19250
1430,190,19250
1440,190,19250
1450,190,19250
1460,190,19250
1470,190,19250
1480,190,19250
1490,190,19250
1500,190,19250
1510,190,19250
1520,190,19250
1530,190,19250
1540,190,19250
1550,190,19250
1560,190,19250
1570,190,19250
1580,190,19250
1590,190,19250
1600,190,19250
1610,190,19250
1620,190,19250
1630,190,19250
1640,190,19250
1650,190,19250
1660,190,19250
1670,190,19250
1680,190,19250
1690,190,19250
1700,190,19250
1400,200,19250
1410,200,19250
1420,200,19250
1430,200,19250
1440,200,19250
1450,200,19250
1460,200,19250
1470,200,19250
1480,200,19250
1490,200,19250
1500,200,19250
1510,200,19250
1520,200,19250
1530,200,19250
1540,200,19250
1550,200,19250
1560,200,19250
1570,200,19250
1580,200,19250
1590,200,19250
1600,200,19250
1610,200,19250
1620,200,19250
1630,200,19250
1640,200,19250
1650,200,19250
1660,200,19250
1670,200,19250
1680,200,19250
1690,200,19250
1700,200,19250
1400,210,19250
1410,210,19250
1420,210,19250
1430,210,19250
1440,210,19250
1450,210,19250
1460,210,19250
1470,210,19250
1480,210,19250
1490,210,19250
1500,210,19250
1510,210,19250
1520,210,19250
1530,210,19250
1540,210,19250
1550,210,19250
1560,210,19250
1570,210,19250
1580,210,19250
1590,210,19250
1600,210,19250
1610,210,19250
1620,210,19250
1630,210,19250
1640,210,19250
1650,210,19250
1660,210,19250
1670,210,19250
1680,210,19250
1690,210,19250
1700,210,19250
1400,220,19250
1410,220,19250
1420,220,19250
1430,220,19250
1440,220,19250
1450,220,19250
1460,220,19250
1470,220,19250
1480,220,19250
1490,220,19250
1500,220,19250
1510,220,19250
1520,220,19250
1530,220,19250
1540,220,19250
1550,220,19250
1560,220,19250
1570,220,19250
1580,220,19250
1590,220,19250
1600,220,19250
1610,220,19250
1620,220,19250
1630,220,19250
1640,220,19250
1650,220,19250
1660,220,19250
1670,220,19250
1680,220,19250
1690,220,19250
1700,220,19250
1400,230,19250
1410,230,19250
1420,230,19250
1430,230,19250
1440,230,19250
1450,230,19250
1460,230,19250
1470,230,19250
1480,230,19250
1490,230,19250
1500,230,19250
1510,230,19250
1520,230,19250
1530,230,19250
1540,230,19250
1550,230,19250
1560,230,19250
1570,230,19250
1580,230,19250
1590,230,19250
1600,230,19250
1610,230,19250
1620,230,19250
1630,230,19250
1640,230,19250
1650,230,19250
1660,230,19250
1670,230,19250
1680,230,19250
1690,230,19250
1700,230,19250
1400,240,19250
1410,240,19250
1420,240,19250
1430,240,19250
1440,240,19250
1450,240,19250
1460,240,19250
1470,240,19250
1480,240,19250
1490,240,19250
1500,240,19250
1510,240,19250
1520,240,19250
1530,240,19250
1540,240,19250
1550,240,19250
1560,240,19250
1570,240,19250
1580,240,19250
1590,240,19250
1600,240,19250
1610,240,19250
1620,240,19250
1630,240,19250
1640,240,19250
1650,240,19250
1660,240,19250
1670,240,19250
1680,240,19250
1690,240,19250
1700,240,19250
1400,250,19250
1410,250,19250
1420,250,19250
1430,250,19250
1440,250,19250
1450,250,19250
1460,250,19250
1470,250,19250
1480,250,19250
1490,250,19250
1500,250,19250
1510,250,19250
1520,250,19250
1530,250,19250
1540,250,19250
1550,250,19250
1560,250,19250
1570,250,19250
1580,250,19250
1590,250,19250
1600,250,19250
1610,250,19250
1620,250,19250
1630,250,19250
1640,250,19250
1650,250,19250
1660,250,19250
1670,250,19250
1680,250,19250
1690,250,19250
1700,250,19250
1400,50,19500
1410,50,19500
1420,50,19500
1430,50,19500
1440,50,19500
1450,50,19500
1460,50,19500
1470,50,19500
1480,50,19500
1490,50,19500
1500,50,19500
1510,50,19500
1520,50,19500
1530,50,19500
1540,50,19500
1550,50,19500
1560,50,19500
1570,50,19500
1580,50,19500
1590,50,19500
1600,50,19500
1610,50,19500
1620,50,19500
1630,50,19500
1640,50,19500
1650,50,19500
1660,50,19500
1670,50,19500
1680,50,19500
1690,50,19500
1700,50,19500
1400,60,19500
1410,60,19500
1420,60,19500
1430,60,19500
1440,60,19500
1450,60,19500
1460,60,19500
1470,60,19500
1480,60,19500
1490,60,19500
1500,60,19500
1510,60,19500
1520,60,19500
1530,60,19500
1540,60,19500
1550,60,19500
1560,60,19500
1570,60,19500
1580,60,19500
1590,60,19500
1600,60,19500
1610,60,19500
1620,60,19500
1630,60,19500
1640,60,19500
1650,60,19500
1660,60,19500
1670,60,19500
1680,60,19500
1690,60,19500
1700,60,19500
1400,70,19500
1410,70,19500
1420,70,19500
1430,70,19500
1440,70,19500
1450,70,19500
1460,70,19500
1470,70,19500
1480,70,19500
1490,70,19500
1500,70,19500
1510,70,19500
1520,70,19500
1530,70,19500
1540,70,19500
1550,70,19500
1560,70,19500
1570,70,19500
1580,70,19500
1590,70,19500
1600,70,19500
1610,70,19500
1620,70,19500
1630,70,19500
1640,70,19500
1650,70,19500
1660,70,19500
1670,70,19500
1680,70,19500
1690,70,19500
1700,70,19500
1400,80,19500
1410,80,19500
1420,80,19500
1430,80,19500
1440,80,19500
1450,80,19500
1460,80,19500
1470,80,19500
1480,80,19500
1490,80,19500
1500,80,19500
1510,80,19500
1520,80,19500
1530,80,19500
1540,80,19500
1550,80,19500
1560,80,19500
1570,80,19500
1580,80,19500
1590,80,19500
1600,80,19500
1610,80,19500
1620,80,19500
1630,80,19500
1640,80,19500
1650,80,19500
1660,80,19500
1670,80,19500
1680,80,19500
1690,80,19500
1700,80,19500
1400,90,19500
1410,90,19500
1420,90,19500
1430,90,19500
1440,90,19500
1450,90,19500
1460,90,19500
1470,90,19500
1480,90,19500
1490,90,19500
1500,90,19500
1510,90,19500
1520,90,19500
1530,90,19500
1540,90,19500
1550,90,19500
1560,90,19500
1570,90,19500
1580,90,19500
1590,90,19500
1600,90,19500
1610,90,19500
1620,90,19500
1630,90,19500
1640,90,19500
1650,90,19500
1660,90,19500
1670,90,19500
1680,90,19500
1690,90,19500
1700,90,19500
1400,100,19500
1410,100,19500
1420,100,19500
1430,100,19500
1440,100,19500
1450,100,19500
1460,100,19500
1470,100,19500
1480,100,19500
1490,100,19500
1500,100,19500
1510,100,19500
1520,100,19500
1530,100,19500
1540,100,19500
1550,100,19500
1560,100,19500
1570,100,19500
1580,100,19500
1590,100,19500
1600,100,19500
1610,100,19500
1620,100,19500
1630,100,19500
1640,100,19500
1650,100,19500
1660,100,19500
1670,100,19500
1680,100,19500
1690,100,19500
1700,100,19500
1400,110,19500
1410,110,19500
1420,110,19500
1430,110,19500
1440,110,19500
1450,110,19500
1460,110,19500
1470,110,19500
1480,110,19500
1490,110,19500
1500,110,19500
1510,110,19500
1520,110,19500
1530,110,19500
1540,110,19500
1550,110,19500
1560,110,19500
1570,110,19500
1580,110,19500
1590,110,19500
1600,110,19500
1610,110,19500
1620,110,19500
1630,110,19500
1640,110,19500
1650,110,19500
1660,110,19500
1670,110,19500
1680,110,19500
1690,110,19500
1700,110,19500
1400,120,19500
1410,120,19500
1420,120,19500
1430,120,19500
1440,120,19500
1450,120,19500
1460,120,19500
1470,120,19500
1480,120,19500
1490,120,19500
1500,120,19500
1510,120,19500
1520,120,19500
1530,120,19500
1540,120,19500
1550,120,19500
1560,120,19500
1570,120,19500
1580,120,19500
1590,120,19500
1600,120,19500
1610,120,19500
1620,120,19500
1630,120,19500
1640,120,19500
1650,120,19500
1660,120,19500
1670,120,19500
1680,120,19500
1690,120,19500
1700,120,19500
1400,130,19500
1410,130,19500
1420,130,19500
1430,130,19500
1440,130,19500
1450,130,19500
1460,130,19500
1470,130,19500
1480,130,19500
1490,130,19500
1500,130,19500
1510,130,19500
1520,130,19500
1530,130,19500
1540,130,19500
1550,130,19500
1560,130,19500
1570,130,19500
1580,130,19500
1590,130,19500
1600,130,19500
1610,130,19500
1620,130,19500
1630,130,19500
1640,130,19500
1650,130,19500
1660,130,19500
1670,130,19500
1680,130,19500
1690,130,19500
1700,130,19500
1400,140,19500
1410,140,19500
1420,140,19500
1430,140,19500
1440,140,19500
1450,140,19500
1460,140,19500
1470,140,19500
1480,140,19500
1490,140,19500
1500,140,19500
1510,140,19500
1520,140,19500
1530,140,19500
1540,140,19500
1550,140,19500
1560,140,19500
1570,140,19500
1580,140,19500
1590,140,19500
1600,140,19500
1610,140,19500
1620,140,19500
1630,140,19500
1640,140,19500
1650,140,19500
1660,140,19500
1670,140,19500
1680,140,19500
1690,140,19500
1700,140,19500
1400,150,19500
1410,150,19500
1420,150,19500
1430,150,19500
1440,150,19500
1450,150,19500
1460,150,19500
1470,150,19500
1480,150,19500
1490,150,19500
1500,150,19500
1510,150,19500
1520,150,19500
1530,150,19500
1540,150,19500
1550,150,19500
1560,150,19500
1570,150,19500
1580,150,19500
1590,150,19500
1600,150,19500
1610,150,19500
1620,150,19500
1630,150,19500
1640,150,19500
1650,150,19500
1660,150,19500
1670,150,19500
1680,150,19500
1690,150,19500
1700,150,19500
1400,160,19500
1410,160,19500
1420,160,19500
1430,160,19500
1440,160,19500
1450,160,19500
1460,160,19500
1470,160,19500
1480,160,19500
1490,160,19500
1500,160,19500
1510,160,19500
1520,160,19500
1530,160,19500
1540,160,19500
1550,160,19500
1560,160,19500
1570,160,19500
1580,160,19500
1590,160,19500
1600,160,19500
1610,160,19500
1620,160,19500
1630,160,19500
1640,160,19500
1650,160,19500
1660,160,19500
1670,160,19500
1680,160,19500
1690,160,19500
1700,160,19500
1400,170,19500
1410,170,19500
1420,170,19500
1430,170,19500
1440,170,19500
1450,170,19500
1460,170,19500
1470,170,19500
1480,170,19500
1490,170,19500
1500,170,19500
1510,170,19500
1520,170,19500
1530,170,19500
1540,170,19500
1550,170,19500
1560,170,19500
1570,170,19500
1580,170,19500
1590,170,19500
1600,170,19500
1610,170,19500
1620,170,19500
1630,170,19500
1640,170,19500
1650,170,19500
1660,170,19500
1670,170,19500
1680,170,19500
1690,170,19500
1700,170,19500
1400,180,19500
1410,180,19500
1420,180,19500
1430,180,19500
1440,180,19500
1450,180,19500
1460,180,19500
1470,180,19500
1480,180,19500
1490,180,19500
1500,180,19500
1510,180,19500
1520,180,19500
1530,180,19500
1540,180,19500
1550,180,19500
1560,180,19500
1570,180,19500
1580,180,19500
1590,180,19500
1600,180,19500
1610,180,19500
1620,180,19500
1630,180,19500
1640,180,19500
1650,180,19500
1660,180,19500
1670,180,19500
1680,180,19500
1690,180,19500
1700,180,19500
1400,190,19500
1410,190,19500
1420,190,19500
1430,190,19500
1440,190,19500
1450,190,19500
1460,190,19500
1470,190,19500
1480,190,19500
1490,190,19500
1500,190,19500
1510,190,19500
1520,190,19500
1530,190,19500
1540,190,19500
1550,190,19500
1560,190,19500
1570,190,19500
1580,190,19500
1590,190,19500
1600,190,19500
1610,190,19500
1620,190,19500
1630,190,19500
1640,190,19500
1650,190,19500
1660,190,19500
1670,190,19500
1680,190,19500
1690,190,19500
1700,190,19500
1400,200,19500
1410,200,19500
1420,200,19500
1430,200,19500
1440,200,19500
1450,200,19500
1460,200,19500
1470,200,19500
1480,200,19500
1490,200,19500
1500,200,19500
1510,200,19500
1520,200,19500
1530,200,19500
1540,200,19500
1550,200,19500
1560,200,19500
1570,200,19500
1580,200,19500
1590,200,19500
1600,200,19500
1610,200,19500
1620,200,19500
1630,200,19500
1640,200,19500
1650,200,19500
1660,200,19500
1670,200,19500
1680,200,19500
1690,200,19500
1700,200,19500
1400,210,19500
1410,210,19500
1420,210,19500
1430,210,19500
1440,210,19500
1450,210,19500
1460,210,19500
1470,210,19500
1480,210,19500
1490,210,19500
1500,210,19500
1510,210,19500
1520,210,19500
1530,210,19500
1540,210,19500
1550,210,19500
1560,210,19500
1570,210,19500
1580,210,19500
1590,210,19500
1600,210,19500
1610,210,19500
1620,210,19500
1630,210,19500
1640,210,19500
1650,210,19500
1660,210,19500
1670,210,19500
1680,210,19500
1690,210,19500
1700,210,19500
1400,220,19500
1410,220,19500
1420,220,19500
1430,220,19500
1440,220,19500
1450,220,19500
1460,220,19500
1470,220,19500
1480,220,19500
1490,220,19500
1500,220,19500
1510,220,19500
1520,220,19500
1530,220,19500
1540,220,19500
1550,220,19500
1560,220,19500
1570,220,19500
1580,220,19500
1590,220,19500
1600,220,19500
1610,220,19500
1620,220,19500
1630,220,19500
1640,220,19500
1650,220,19500
1660,220,19500
1670,220,19500
1680,220,19500
1690,220,19500
1700,220,19500
1400,230,19500
1410,230,19500
1420,230,19500
1430,230,19500
1440,230,19500
1450,230,19500
1460,230,19500
1470,230,19500
1480,230,19500
1490,230,19500
1500,230,19500
1510,230,19500
1520,230,19500
1530,230,19500
1540,230,19500
1550,230,19500
1560,230,19500
1570,230,19500
1580,230,19500
1590,230,19500
1600,230,19500
1610,230,19500
1620,230,19500
1630,230,19500
1640,230,19500
1650,230,19500
1660,230,19500
1670,230,19500
1680,230,19500
1690,230,19500
1700,230,19500
1400,240,19500
1410,240,19500
1420,240,19500
1430,240,19500
1440,240,19500
1450,240,19500
1460,240,19500
1470,240,19500
1480,240,19500
1490,240,19500
1500,240,19500
1510,240,19500
1520,240,19500
1530,240,19500
1540,240,19500
1550,240,19500
1560,240,19500
1570,240,19500
1580,240,19500
1590,240,19500
1600,240,19500
1610,240,19500
1620,240,19500
1630,240,19500
1640,240,19500
1650,240,19500
1660,240,19500
1670,240,19500
1680,240,19500
1690,240,19500
1700,240,19500
1400,250,19500
1410,250,19500
1420,250,19500
1430,250,19500
1440,250,19500
1450,250,19500
1460,250,19500
1470,250,19500
1480,250,19500
1490,250,19500
1500,250,19500
1510,250,19500
1520,250,19500
1530,250,19500
1540,250,19500
1550,250,19500
1560,250,19500
1570,250,19500
1580,250,19500
1590,250,19500
1600,250,19500
1610,250,19500
1620,250,19500
1630,250,19500
1640,250,19500
1650,250,19500
1660,250,19500
1670,250,19500
1680,250,19500
1690,250,19500
1700,250,19500
1400,50,19750
1410,50,19750
1420,50,19750
1430,50,19750
1440,50,19750
1450,50,19750
1460,50,19750
1470,50,19750
1480,50,19750
1490,50,19750
1500,50,19750
1510,50,19750
1520,50,19750
1530,50,19750
1540,50,19750
1550,50,19750
1560,50,19750
1570,50,19750
1580,50,19750
1590,50,19750
1600,50,19750
1610,50,19750
1620,50,19750
1630,50,19750
1640,50,19750
1650,50,19750
1660,50,19750
1670,50,19750
1680,50,19750
1690,50,19750
1700,50,19750
1400,60,19750
1410,60,19750
1420,60,19750
1430,60,19750
1440,60,19750
1450,60,19750
1460,60,19750
1470,60,19750
1480,60,19750
1490,60,19750
1500,60,19750
1510,60,19750
1520,60,19750
1530,60,19750
1540,60,19750
1550,60,19750
1560,60,19750
1570,60,19750
1580,60,19750
1590,60,19750
1600,60,19750
1610,60,19750
1620,60,19750
1630,60,19750
1640,60,19750
1650,60,19750
1660,60,19750
1670,60,19750
1680,60,19750
1690,60,19750
1700,60,19750
1400,70,19750
1410,70,19750
1420,70,19750
1430,70,19750
1440,70,19750
1450,70,19750
1460,70,19750
1470,70,19750
1480,70,19750
1490,70,19750
1500,70,19750
1510,70,19750
1520,70,19750
1530,70,19750
1540,70,19750
1550,70,19750
1560,70,19750
1570,70,19750
1580,70,19750
1590,70,19750
1600,70,19750
1610,70,19750
1620,70,19750
1630,70,19750
1640,70,19750
1650,70,19750
1660,70,19750
1670,70,19750
1680,70,19750
1690,70,19750
1700,70,19750
1400,80,19750
1410,80,19750
1420,80,19750
1430,80,19750
1440,80,19750
1450,80,19750
1460,80,19750
1470,80,19750
1480,80,19750
1490,80,19750
1500,80,19750
1510,80,19750
1520,80,19750
1530,80,19750
1540,80,19750
1550,80,19750
1560,80,19750
1570,80,19750
1580,80,19750
1590,80,19750
1600,80,19750
1610,80,19750
1620,80,19750
1630,80,19750
1640,80,19750
1650,80,19750
1660,80,19750
1670,80,19750
1680,80,19750
1690,80,19750
1700,80,19750
1400,90,19750
1410,90,19750
1420,90,19750
1430,90,19750
1440,90,19750
1450,90,19750
1460,90,19750
1470,90,19750
1480,90,19750
1490,90,19750
1500,90,19750
1510,90,19750
1520,90,19750
1530,90,19750
1540,90,19750
1550,90,19750
1560,90,19750
1570,90,19750
1580,90,19750
1590,90,19750
1600,90,19750
1610,90,19750
1620,90,19750
1630,90,19750
1640,90,19750
1650,90,19750
1660,90,19750
1670,90,19750
1680,90,19750
1690,90,19750
1700,90,19750
1400,100,19750
1410,100,19750
1420,100,19750
1430,100,19750
1440,100,19750
1450,100,19750
1460,100,19750
1470,100,19750
1480,100,19750
1490,100,19750
1500,100,19750
1510,100,19750
1520,100,19750
1530,100,19750
1540,100,19750
1550,100,19750
1560,100,19750
1570,100,19750
1580,100,19750
1590,100,19750
1600,100,19750
1610,100,19750
1620,100,19750
1630,100,19750
1640,100,19750
1650,100,19750
1660,100,19750
1670,100,19750
1680,100,19750
1690,100,19750
1700,100,19750
1400,110,19750
1410,110,19750
1420,110,19750
1430,110,19750
1440,110,19750
1450,110,19750
1460,110,19750
1470,110,19750
1480,110,19750
1490,110,19750
1500,110,19750
1510,110,19750
1520,110,19750
1530,110,19750
1540,110,19750
1550,110,19750
1560,110,19750
1570,110,19750
1580,110,19750
1590,110,19750
1600,110,19750
1610,110,19750
1620,110,19750
1630,110,19750
1640,110,19750
1650,110,19750
1660,110,19750
1670,110,19750
1680,110,19750
1690,110,19750
1700,110,19750
1400,120,19750
1410,120,19750
1420,120,19750
1430,120,19750
1440,120,19750
1450,120,19750
1460,120,19750
1470,120,19750
1480,120,19750
1490,120,19750
1500,120,19750
1510,120,19750
1520,120,19750
1530,120,19750
1540,120,19750
1550,120,19750
1560,120,19750
1570,120,19750
1580,120,19750
1590,120,19750
1600,120,19750
1610,120,19750
1620,120,19750
1630,120,19750
1640,120,19750
1650,120,19750
1660,120,19750
1670,120,19750
1680,120,19750
1690,120,19750
1700,120,19750
1400,130,19750
1410,130,19750
1420,130,19750
1430,130,19750
1440,130,19750
1450,130,19750
1460,130,19750
1470,130,19750
1480,130,19750
1490,130,19750
1500,130,19750
1510,130,19750
1520,130,19750
1530,130,19750
1540,130,19750
1550,130,19750
1560,130,19750
1570,130,19750
1580,130,19750
1590,130,19750
1600,130,19750
1610,130,19750
1620,130,19750
1630,130,19750
1640,130,19750
1650,130,19750
1660,130,19750
1670,130,19750
1680,130,19750
1690,130,19750
1700,130,19750
1400,140,19750
1410,140,19750
1420,140,19750
1430,140,19750
1440,140,19750
1450,140,19750
1460,140,19750
1470,140,19750
1480,140,19750
1490,140,19750
1500,140,19750
1510,140,19750
1520,140,19750
1530,140,19750
1540,140,19750
1550,140,19750
1560,140,19750
1570,140,19750
1580,140,19750
1590,140,19750
1600,140,19750
1610,140,19750
1620,140,19750
1630,140,19750
1640,140,19750
1650,140,19750
1660,140,19750
1670,140,19750
1680,140,19750
1690,140,19750
1700,140,19750
1400,150,19750
1410,150,19750
1420,150,19750
1430,150,19750
1440,150,19750
1450,150,19750
1460,150,19750
1470,150,19750
1480,150,19750
1490,150,19750
1500,150,19750
1510,150,19750
1520,150,19750
1530,150,19750
1540,150,19750
1550,150,19750
1560,150,19750
1570,150,19750
1580,150,19750
1590,150,19750
1600,150,19750
1610,150,19750
1620,150,19750
1630,150,19750
1640,150,19750
1650,150,19750
1660,150,19750
1670,150,19750
1680,150,19750
1690,150,19750
1700,150,19750
1400,160,19750
1410,160,19750
1420,160,19750
1430,160,19750
1440,160,19750
1450,160,19750
1460,160,19750
1470,160,19750
1480,160,19750
1490,160,19750
1500,160,19750
1510,160,19750
1520,160,19750
1530,160,19750
1540,160,19750
1550,160,19750
1560,160,19750
1570,160,19750
1580,160,19750
1590,160,19750
1600,160,19750
1610,160,19750
1620,160,19750
1630,160,19750
1640,160,19750
1650,160,19750
1660,160,19750
1670,160,19750
1680,160,19750
1690,160,19750
1700,160,19750
1400,170,19750
1410,170,19750
1420,170,19750
1430,170,19750
1440,170,19750
1450,170,19750
1460,170,19750
1470,170,19750
1480,170,19750
1490,170,19750
1500,170,19750
1510,170,19750
1520,170,19750
1530,170,19750
1540,170,19750
1550,170,19750
1560,170,19750
1570,170,19750
1580,170,19750
1590,170,19750
1600,170,19750
1610,170,19750
1620,170,19750
1630,170,19750
1640,170,19750
1650,170,19750
1660,170,19750
1670,170,19750
1680,170,19750
1690,170,19750
1700,170,19750
1400,180,19750
1410,180,19750
1420,180,19750
1430,180,19750
1440,180,19750
1450,180,19750
1460,180,19750
1470,180,19750
1480,180,19750
1490,180,19750
1500,180,19750
1510,180,19750
1520,180,19750
1530,180,19750
1540,180,19750
1550,180,19750
1560,180,19750
1570,180,19750
1580,180,19750
1590,180,19750
1600,180,19750
1610,180,19750
1620,180,19750
1630,180,19750
1640,180,19750
1650,180,19750
1660,180,19750
1670,180,19750
1680,180,19750
1690,180,19750
1700,180,19750
1400,190,19750
1410,190,19750
1420,190,19750
1430,190,19750
1440,190,19750
1450,190,19750
1460,190,19750
1470,190,19750
1480,190,19750
1490,190,19750
1500,190,19750
1510,190,19750
1520,190,19750
1530,190,19750
1540,190,19750
1550,190,19750
1560,190,19750
1570,190,19750
1580,190,19750
1590,190,19750
1600,190,19750
1610,190,19750
1620,190,19750
1630,190,19750
1640,190,19750
1650,190,19750
1660,190,19750
1670,190,19750
1680,190,19750
1690,190,19750
1700,190,19750
1400,200,19750
1410,200,19750
1420,200,19750
1430,200,19750
1440,200,19750
1450,200,19750
1460,200,19750
1470,200,19750
1480,200,19750
1490,200,19750
1500,200,19750
1510,200,19750
1520,200,19750
1530,200,19750
1540,200,19750
1550,200,19750
1560,200,19750
1570,200,19750
1580,200,19750
1590,200,19750
1600,200,19750
1610,200,19750
1620,200,19750
1630,200,19750
1640,200,19750
1650,200,19750
1660,200,19750
1670,200,19750
1680,200,19750
1690,200,19750
1700,200,19750
1400,210,19750
1410,210,19750
1420,210,19750
1430,210,19750
1440,210,19750
1450,210,19750
1460,210,19750
1470,210,19750
1480,210,19750
1490,210,19750
1500,210,19750
1510,210,19750
1520,210,19750
1530,210,19750
1540,210,19750
1550,210,19750
1560,210,19750
1570,210,19750
1580,210,19750
1590,210,19750
1600,210,19750
1610,210,19750
1620,210,19750
1630,210,19750
1640,210,19750
1650,210,19750
1660,210,19750
1670,210,19750
1680,210,19750
1690,210,19750
1700,210,19750
1400,220,19750
1410,220,19750
1420,220,19750
1430,220,19750
1440,220,19750
1450,220,19750
1460,220,19750
1470,220,19750
1480,220,19750
1490,220,19750
1500,220,19750
1510,220,19750
1520,220,19750
1530,220,19750
1540,220,19750
1550,220,19750
1560,220,19750
1570,220,19750
1580,220,19750
1590,220,19750
1600,220,19750
1610,220,19750
1620,220,19750
1630,220,19750
1640,220,19750
1650,220,19750
1660,220,19750
1670,220,19750
1680,220,19750
1690,220,19750
1700,220,19750
1400,230,19750
1410,230,19750
1420,230,19750
1430,230,19750
1440,230,19750
1450,230,19750
1460,230,19750
1470,230,19750
1480,230,19750
1490,230,19750
1500,230,19750
1510,230,19750
1520,230,19750
1530,230,19750
1540,230,19750
1550,230,19750
1560,230,19750
1570,230,19750
1580,230,19750
1590,230,19750
1600,230,19750
1610,230,19750
1620,230,19750
1630,230,19750
1640,230,19750
1650,230,19750
1660,230,19750
1670,230,19750
1680,230,19750
1690,230,19750
1700,230,19750
1400,240,19750
1410,240,19750
1420,240,19750
1430,240,19750
1440,240,19750
1450,240,19750
1460,240,19750
1470,240,19750
1480,240,19750
1490,240,19750
1500,240,19750
1510,240,19750
1520,240,19750
1530,240,19750
1540,240,19750
1550,240,19750
1560,240,19750
1570,240,19750
1580,240,19750
1590,240,19750
1600,240,19750
1610,240,19750
1620,240,19750
1630,240,19750
1640,240,19750
1650,240,19750
1660,240,19750
1670,240,19750
1680,240,19750
1690,240,19750
1700,240,19750
1400,250,19750
1410,250,19750
1420,250,19750
1430,250,19750
1440,250,19750
1450,250,19750
1460,250,19750
1470,250,19750
1480,250,19750
1490,250,19750
1500,250,19750
1510,250,19750
1520,250,19750
1530,250,19750
1540,250,19750
1550,250,19750
1560,250,19750
1570,250,19750
1580,250,19750
1590,250,19750
1600,250,19750
1610,250,19750
1620,250,19750
1630,250,19750
1640,250,19750
1650,250,19750
1660,250,19750
1670,250,19750
1680,250,19750
1690,250,19750
1700,250,19750
1400,50,20000
1410,50,20000
1420,50,20000
1430,50,20000
1440,50,20000
1450,50,20000
1460,50,20000
1470,50,20000
1480,50,20000
1490,50,20000
1500,50,20000
1510,50,20000
1520,50,20000
1530,50,20000
1540,50,20000
1550,50,20000
1560,50,20000
1570,50,20000
1580,50,20000
1590,50,20000
1600,50,20000
1610,50,20000
1620,50,20000
1630,50,20000
1640,50,20000
1650,50,20000
1660,50,20000
1670,50,20000
1680,50,20000
1690,50,20000
1700,50,20000
1400,60,20000
1410,60,20000
1420,60,20000
1430,60,20000
1440,60,20000
1450,60,20000
1460,60,20000
1470,60,20000
1480,60,20000
1490,60,20000
1500,60,20000
1510,60,20000
1520,60,20000
1530,60,20000
1540,60,20000
1550,60,20000
1560,60,20000
1570,60,20000
1580,60,20000
1590,60,20000
1600,60,20000
1610,60,20000
1620,60,20000
1630,60,20000
1640,60,20000
1650,60,20000
1660,60,20000
1670,60,20000
1680,60,20000
1690,60,20000
1700,60,20000
1400,70,20000
1410,70,20000
1420,70,20000
1430,70,20000
1440,70,20000
1450,70,20000
1460,70,20000
1470,70,20000
1480,70,20000
1490,70,20000
1500,70,20000
1510,70,20000
1520,70,20000
1530,70,20000
1540,70,20000
1550,70,20000
1560,70,20000
1570,70,20000
1580,70,20000
1590,70,20000
1600,70,20000
1610,70,20000
1620,70,20000
1630,70,20000
1640,70,20000
1650,70,20000
1660,70,20000
1670,70,20000
1680,70,20000
1690,70,20000
1700,70,20000
1400,80,20000
1410,80,20000
1420,80,20000
1430,80,20000
1440,80,20000
1450,80,20000
1460,80,20000
1470,80,20000
1480,80,20000
1490,80,20000
1500,80,20000
1510,80,20000
1520,80,20000
1530,80,20000
1540,80,20000
1550,80,20000
1560,80,20000
1570,80,20000
1580,80,20000
1590,80,20000
1600,80,20000
1610,80,20000
1620,80,20000
1630,80,20000
1640,80,20000
1650,80,20000
1660,80,20000
1670,80,20000
1680,80,20000
1690,80,20000
1700,80,20000
1400,90,20000
1410,90,20000
1420,90,20000
1430,90,20000
1440,90,20000
1450,90,20000
1460,90,20000
1470,90,20000
1480,90,20000
1490,90,20000
1500,90,20000
1510,90,20000
1520,90,20000
1530,90,20000
1540,90,20000
1550,90,20000
1560,90,20000
1570,90,20000
1580,90,20000
1590,90,20000
1600,90,20000
1610,90,20000
1620,90,20000
1630,90,20000
1640,90,20000
1650,90,20000
1660,90,20000
1670,90,20000
1680,90,20000
1690,90,20000
1700,90,20000
1400,100,20000
1410,100,20000
1420,100,20000
1430,100,20000
1440,100,20000
1450,100,20000
1460,100,20000
1470,100,20000
1480,100,20000
1490,100,20000
1500,100,20000
1510,100,20000
1520,100,20000
1530,100,20000
1540,100,20000
1550,100,20000
1560,100,20000
1570,100,20000
1580,100,20000
1590,100,20000
1600,100,20000
1610,100,20000
1620,100,20000
1630,100,20000
1640,100,20000
1650,100,20000
1660,100,20000
1670,100,20000
1680,100,20000
1690,100,20000
1700,100,20000
1400,110,20000
1410,110,20000
1420,110,20000
1430,110,20000
1440,110,20000
1450,110,20000
1460,110,20000
1470,110,20000
1480,110,20000
1490,110,20000
1500,110,20000
1510,110,20000
1520,110,20000
1530,110,20000
1540,110,20000
1550,110,20000
1560,110,20000
1570,110,20000
1580,110,20000
1590,110,20000
1600,110,20000
1610,110,20000
1620,110,20000
1630,110,20000
1640,110,20000
1650,110,20000
1660,110,20000
1670,110,20000
1680,110,20000
1690,110,20000
1700,110,20000
1400,120,20000
1410,120,20000
1420,120,20000
1430,120,20000
1440,120,20000
1450,120,20000
1460,120,20000
1470,120,20000
1480,120,20000
1490,120,20000
1500,120,20000
1510,120,20000
1520,120,20000
1530,120,20000
1540,120,20000
1550,120,20000
1560,120,20000
1570,120,20000
1580,120,20000
1590,120,20000
1600,120,20000
1610,120,20000
1620,120,20000
1630,120,20000
1640,120,20000
1650,120,20000
1660,120,20000
1670,120,20000
1680,120,20000
1690,120,20000
1700,120,20000
1400,130,20000
1410,130,20000
1420,130,20000
1430,130,20000
1440,130,20000
1450,130,20000
1460,130,20000
1470,130,20000
1480,130,20000
1490,130,20000
1500,130,20000
1510,130,20000
1520,130,20000
1530,130,20000
1540,130,20000
1550,130,20000
1560,130,20000
1570,130,20000
1580,130,20000
1590,130,20000
1600,130,20000
1610,130,20000
1620,130,20000
1630,130,20000
1640,130,20000
1650,130,20000
1660,130,20000
1670,130,20000
1680,130,20000
1690,130,20000
1700,130,20000
1400,140,20000
1410,140,20000
1420,140,20000
1430,140,20000
1440,140,20000
1450,140,20000
1460,140,20000
1470,140,20000
1480,140,20000
1490,140,20000
1500,140,20000
1510,140,20000
1520,140,20000
1530,140,20000
1540,140,20000
1550,140,20000
1560,140,20000
1570,140,20000
1580,140,20000
1590,140,20000
1600,140,20000
1610,140,20000
1620,140,20000
1630,140,20000
1640,140,20000
1650,140,20000
1660,140,20000
1670,140,20000
1680,140,20000
1690,140,20000
1700,140,20000
1400,150,20000
1410,150,20000
1420,150,20000
1430,150,20000
1440,150,20000
1450,150,20000
1460,150,20000
1470,150,20000
1480,150,20000
1490,150,20000
1500,150,20000
1510,150,20000
1520,150,20000
1530,150,20000
1540,150,20000
1550,150,20000
1560,150,20000
1570,150,20000
1580,150,20000
1590,150,20000
1600,150,20000
1610,150,20000
1620,150,20000
1630,150,20000
1640,150,20000
1650,150,20000
1660,150,20000
1670,150,20000
1680,150,20000
1690,150,20000
1700,150,20000
1400,160,20000
1410,160,20000
1420,160,20000
1430,160,20000
1440,160,20000
1450,160,20000
1460,160,20000
1470,160,20000
1480,160,20000
1490,160,20000
1500,160,20000
1510,160,20000
1520,160,20000
1530,160,20000
1540,160,20000
1550,160,20000
1560,160,20000
1570,160,20000
1580,160,20000
1590,160,20000
1600,160,20000
1610,160,20000
1620,160,20000
1630,160,20000
1640,160,20000
1650,160,20000
1660,160,20000
1670,160,20000
1680,160,20000
1690,160,20000
1700,160,20000
1400,170,20000
1410,170,20000
1420,170,20000
1430,170,20000
1440,170,20000
1450,170,20000
1460,170,20000
1470,170,20000
1480,170,20000
1490,170,20000
1500,170,20000
1510,170,20000
1520,170,20000
1530,170,20000
1540,170,20000
1550,170,20000
1560,170,20000
1570,170,20000
1580,170,20000
1590,170,20000
1600,170,20000
1610,170,20000
1620,170,20000
1630,170,20000
1640,170,20000
1650,170,20000
1660,170,20000
1670,170,20000
1680,170,20000
1690,170,20000
1700,170,20000
1400,180,20000
1410,180,20000
1420,180,20000
1430,180,20000
1440,180,20000
1450,180,20000
1460,180,20000
1470,180,20000
1480,180,20000
1490,180,20000
1500,180,20000
1510,180,20000
1520,180,20000
1530,180,20000
1540,180,20000
1550,180,20000
1560,180,20000
1570,180,20000
1580,180,20000
1590,180,20000
1600,180,20000
1610,180,20000
1620,180,20000
1630,180,20000
1640,180,20000
1650,180,20000
1660,180,20000
1670,180,20000
1680,180,20000
1690,180,20000
1700,180,20000
1400,190,20000
1410,190,20000
1420,190,20000
1430,190,20000
1440,190,20000
1450,190,20000
1460,190,20000
1470,190,20000
1480,190,20000
1490,190,20000
1500,190,20000
1510,190,20000
1520,190,20000
1530,190,20000
1540,190,20000
1550,190,20000
1560,190,20000
1570,190,20000
1580,190,20000
1590,190,20000
1600,190,20000
1610,190,20000
1620,190,20000
1630,190,20000
1640,190,20000
1650,190,20000
1660,190,20000
1670,190,20000
1680,190,20000
1690,190,20000
1700,190,20000
1400,200,20000
1410,200,20000
1420,200,20000
1430,200,20000
1440,200,20000
1450,200,20000
1460,200,20000
1470,200,20000
1480,200,20000
1490,200,20000
1500,200,20000
1510,200,20000
1520,200,20000
1530,200,20000
1540,200,20000
1550,200,20000
1560,200,20000
1570,200,20000
1580,200,20000
1590,200,20000
1600,200,20000
1610,200,20000
1620,200,20000
1630,200,20000
1640,200,20000
1650,200,20000
1660,200,20000
1670,200,20000
1680,200,20000
1690,200,20000
1700,200,20000
1400,210,20000
1410,210,20000
1420,210,20000
1430,210,20000
1440,210,20000
1450,210,20000
1460,210,20000
1470,210,20000
1480,210,20000
1490,210,20000
1500,210,20000
1510,210,20000
1520,210,20000
1530,210,20000
1540,210,20000
1550,210,20000
1560,210,20000
1570,210,20000
1580,210,20000
1590,210,20000
1600,210,20000
1610,210,20000
1620,210,20000
1630,210,20000
1640,210,20000
1650,210,20000
1660,210,20000
1670,210,20000
1680,210,20000
1690,210,20000
1700,210,20000
1400,220,20000
1410,220,20000
1420,220,20000
1430,220,20000
1440,220,20000
1450,220,20000
1460,220,20000
1470,220,20000
1480,220,20000
1490,220,20000
1500,220,20000
1510,220,20000
1520,220,20000
1530,220,20000
1540,220,20000
1550,220,20000
1560,220,20000
1570,220,20000
1580,220,20000
1590,220,20000
1600,220,20000
1610,220,20000
1620,220,20000
1630,220,20000
1640,220,20000
1650,220,20000
1660,220,20000
1670,220,20000
1680,220,20000
1690,220,20000
1700,220,20000
1400,230,20000
1410,230,20000
1420,230,20000
1430,230,20000
1440,230,20000
1450,230,20000
1460,230,20000
1470,230,20000
1480,230,20000
1490,230,20000
1500,230,20000
1510,230,20000
1520,230,20000
1530,230,20000
1540,230,20000
1550,230,20000
1560,230,20000
1570,230,20000
1580,230,20000
1590,230,20000
1600,230,20000
1610,230,20000
1620,230,20000
1630,230,20000
1640,230,20000
1650,230,20000
1660,230,20000
1670,230,20000
1680,230,20000
1690,230,20000
1700,230,20000
1400,240,20000
1410,240,20000
1420,240,20000
1430,240,20000
1440,240,20000
1450,240,20000
1460,240,20000
1470,240,20000
1480,240,20000
1490,240,20000
1500,240,20000
1510,240,20000
1520,240,20000
1530,240,20000
1540,240,20000
1550,240,20000
1560,240,20000
1570,240,20000
1580,240,20000
1590,240,20000
1600,240,20000
1610,240,20000
1620,240,20000
1630,240,20000
1640,240,20000
1650,240,20000
1660,240,20000
1670,240,20000
1680,240,20000
1690,240,20000
1700,240,20000
1400,250,20000
1410,250,20000
1420,250,20000
1430,250,20000
1440,250,20000
1450,250,20000
1460,250,20000
1470,250,20000
1480,250,20000
1490,250,20000
1500,250,20000
1510,250,20000
1520,250,20000
1530,250,20000
1540,250,20000
1550,250,20000
1560,250,20000
1570,250,20000
1580,250,20000
1590,250,20000
1600,250,20000
1610,250,20000
1620,250,20000
1630,250,20000
1640,250,20000
1650,250,20000
1660,250,20000
1670,250,20000
1680,250,20000
1690,250,20000
1700,250,20000
